sample_uid	sample_token	gse_id	cancer_type	candidate_policy	cnv_cluster_v2	cell_count	mean_cnv_burden	reference_threshold	infercnv_positive_fraction	copykat_evaluable_cells	copykat_aneuploid_fraction	cluster_label_v2
GSE182109|GSM5518596_rGBM-01-A	GSE182109_GSM5518596_rGBM-01-A_b4083608de6b	GSE182109	Glioblastoma	cns_malignancy	GSE182109_GSM5518596_rGBM-01-A_b4083608de6b::0	65	0.1140969917178154	0.05358053497970106	1.0	0		malignant
GSE182109|GSM5518596_rGBM-01-A	GSE182109_GSM5518596_rGBM-01-A_b4083608de6b	GSE182109	Glioblastoma	cns_malignancy	GSE182109_GSM5518596_rGBM-01-A_b4083608de6b::1	56	0.014813423156738281	0.05358053497970106	0.017857142857142856	0		non_malignant
GSE182109|GSM5518597_rGBM-01-B	GSE182109_GSM5518597_rGBM-01-B_f23c19478a72	GSE182109	Glioblastoma	cns_malignancy	GSE182109_GSM5518597_rGBM-01-B_f23c19478a72::0	195	0.060532305389642715	0.06487952232360843	0.38461538461538464	191	1.0	malignant
GSE182109|GSM5518597_rGBM-01-B	GSE182109_GSM5518597_rGBM-01-B_f23c19478a72	GSE182109	Glioblastoma	cns_malignancy	GSE182109_GSM5518597_rGBM-01-B_f23c19478a72::1	160	0.0075387717224657536	0.06487952232360843	0.00625	123	0.08943089430894309	uncertain
GSE182109|GSM5518598_rGBM-01-C	GSE182109_GSM5518598_rGBM-01-C_841895bb466a	GSE182109	Glioblastoma	cns_malignancy	GSE182109_GSM5518598_rGBM-01-C_841895bb466a::0	111	0.0169417392462492	0.04728905186057093	0.0990990990990991	0		non_malignant
GSE182109|GSM5518599_rGBM-01-D	GSE182109_GSM5518599_rGBM-01-D_429d510a4918	GSE182109	Glioblastoma	cns_malignancy	GSE182109_GSM5518599_rGBM-01-D_429d510a4918::0	364	0.005614057183265686	0.11320375576615348	0.0	327	0.09785932721712538	uncertain
GSE182109|GSM5518599_rGBM-01-D	GSE182109_GSM5518599_rGBM-01-D_429d510a4918	GSE182109	Glioblastoma	cns_malignancy	GSE182109_GSM5518599_rGBM-01-D_429d510a4918::1	290	0.07984562963247299	0.11320375576615348	0.23793103448275862	289	0.9896193771626297	malignant
GSE182109|GSM5518600_ndGBM-01-A	GSE182109_GSM5518600_ndGBM-01-A_ee6e142c6e23	GSE182109	Glioblastoma	cns_malignancy	GSE182109_GSM5518600_ndGBM-01-A_ee6e142c6e23::2	303	5.8389217883814126e-05	0.028545314520597484	0.0	277	0.0	non_malignant
GSE182109|GSM5518600_ndGBM-01-A	GSE182109_GSM5518600_ndGBM-01-A_ee6e142c6e23	GSE182109	Glioblastoma	cns_malignancy	GSE182109_GSM5518600_ndGBM-01-A_ee6e142c6e23::1	1040	0.0037086789961904287	0.028545314520597484	0.0	1024	0.0869140625	uncertain
GSE182109|GSM5518600_ndGBM-01-A	GSE182109_GSM5518600_ndGBM-01-A_ee6e142c6e23	GSE182109	Glioblastoma	cns_malignancy	GSE182109_GSM5518600_ndGBM-01-A_ee6e142c6e23::0	2541	0.02703959494829178	0.028545314520597484	0.36717827626918537	2541	0.7493112947658402	malignant
GSE182109|GSM5518601_ndGBM-01-C	GSE182109_GSM5518601_ndGBM-01-C_bef23b1c7a0e	GSE182109	Glioblastoma	cns_malignancy	GSE182109_GSM5518601_ndGBM-01-C_bef23b1c7a0e::0	4845	0.023829439654946327	0.0268297772854566	0.339938080495356	4845	0.7845201238390093	malignant
GSE182109|GSM5518601_ndGBM-01-C	GSE182109_GSM5518601_ndGBM-01-C_bef23b1c7a0e	GSE182109	Glioblastoma	cns_malignancy	GSE182109_GSM5518601_ndGBM-01-C_bef23b1c7a0e::1	2885	0.004271805286407471	0.0268297772854566	0.0006932409012131716	2830	0.1137809187279152	uncertain
GSE182109|GSM5518601_ndGBM-01-C	GSE182109_GSM5518601_ndGBM-01-C_bef23b1c7a0e	GSE182109	Glioblastoma	cns_malignancy	GSE182109_GSM5518601_ndGBM-01-C_bef23b1c7a0e::2	690	7.811708928784356e-05	0.0268297772854566	0.0	604	0.0033112582781456954	uncertain
GSE182109|GSM5518601_ndGBM-01-C	GSE182109_GSM5518601_ndGBM-01-C_bef23b1c7a0e	GSE182109	Glioblastoma	cns_malignancy	GSE182109_GSM5518601_ndGBM-01-C_bef23b1c7a0e::3	36	0.0005476950318552554	0.0268297772854566	0.0	29	0.0	non_malignant
GSE182109|GSM5518602_ndGBM-01-D	GSE182109_GSM5518602_ndGBM-01-D_1cd27c76b5e0	GSE182109	Glioblastoma	cns_malignancy	GSE182109_GSM5518602_ndGBM-01-D_1cd27c76b5e0::0	4433	0.022593826055526733	0.02430145099759102	0.3516805774870291	4433	0.6300473719828559	malignant
GSE182109|GSM5518602_ndGBM-01-D	GSE182109_GSM5518602_ndGBM-01-D_1cd27c76b5e0	GSE182109	Glioblastoma	cns_malignancy	GSE182109_GSM5518602_ndGBM-01-D_1cd27c76b5e0::1	1820	0.0038457538466900587	0.02430145099759102	0.0005494505494505495	1762	0.07037457434733257	uncertain
GSE182109|GSM5518602_ndGBM-01-D	GSE182109_GSM5518602_ndGBM-01-D_1cd27c76b5e0	GSE182109	Glioblastoma	cns_malignancy	GSE182109_GSM5518602_ndGBM-01-D_1cd27c76b5e0::2	220	0.0001563983241794631	0.02430145099759102	0.0	160	0.0	non_malignant
GSE182109|GSM5518603_ndGBM-01-F	GSE182109_GSM5518603_ndGBM-01-F_b0d019ec6243	GSE182109	Glioblastoma	cns_malignancy	GSE182109_GSM5518603_ndGBM-01-F_b0d019ec6243::0	497	0.010776116512715816	0.033324150480329995	0.008048289738430584	430	0.7883720930232558	malignant
GSE182109|GSM5518603_ndGBM-01-F	GSE182109_GSM5518603_ndGBM-01-F_b0d019ec6243	GSE182109	Glioblastoma	cns_malignancy	GSE182109_GSM5518603_ndGBM-01-F_b0d019ec6243::1	310	0.03146793693304062	0.033324150480329995	0.3548387096774194	309	0.0	uncertain
GSE182109|GSM5518606_ndGBM-11-C	GSE182109_GSM5518606_ndGBM-11-C_3e10281f28fc	GSE182109	Glioblastoma	cns_malignancy	GSE182109_GSM5518606_ndGBM-11-C_3e10281f28fc::0	83	0.027786985039711	0.019608469381928444	0.37349397590361444	0		uncertain
GSE182109|GSM5518608_ndGBM-02-1	GSE182109_GSM5518608_ndGBM-02-1_ac295836b7b6	GSE182109	Glioblastoma	cns_malignancy	GSE182109_GSM5518608_ndGBM-02-1_ac295836b7b6::2	189	0.0031988555565476418	0.08626723915338524	0.0	135	0.0	non_malignant
GSE182109|GSM5518608_ndGBM-02-1	GSE182109_GSM5518608_ndGBM-02-1_ac295836b7b6	GSE182109	Glioblastoma	cns_malignancy	GSE182109_GSM5518608_ndGBM-02-1_ac295836b7b6::0	631	0.03212453052401543	0.08626723915338524	0.025356576862123614	629	0.017488076311605722	uncertain
GSE182109|GSM5518608_ndGBM-02-1	GSE182109_GSM5518608_ndGBM-02-1_ac295836b7b6	GSE182109	Glioblastoma	cns_malignancy	GSE182109_GSM5518608_ndGBM-02-1_ac295836b7b6::1	248	0.05548129975795746	0.08626723915338524	0.17338709677419356	248	0.6774193548387096	malignant
GSE182109|GSM5518608_ndGBM-02-1	GSE182109_GSM5518608_ndGBM-02-1_ac295836b7b6	GSE182109	Glioblastoma	cns_malignancy	GSE182109_GSM5518608_ndGBM-02-1_ac295836b7b6::3	164	0.0016768253408372402	0.08626723915338524	0.0	134	0.0	non_malignant
GSE182109|GSM5518609_ndGBM-02-2	GSE182109_GSM5518609_ndGBM-02-2_bff417455389	GSE182109	Glioblastoma	cns_malignancy	GSE182109_GSM5518609_ndGBM-02-2_bff417455389::1	104	0.0093798553571105	0.06593177303671834	0.0	68	0.029411764705882353	uncertain
GSE182109|GSM5518609_ndGBM-02-2	GSE182109_GSM5518609_ndGBM-02-2_bff417455389	GSE182109	Glioblastoma	cns_malignancy	GSE182109_GSM5518609_ndGBM-02-2_bff417455389::0	127	0.04311266914010048	0.06593177303671834	0.15748031496062992	127	0.6850393700787402	malignant
GSE182109|GSM5518610_ndGBM-02-4	GSE182109_GSM5518610_ndGBM-02-4_9aad433f6498	GSE182109	Glioblastoma	cns_malignancy	GSE182109_GSM5518610_ndGBM-02-4_9aad433f6498::1	226	0.06173776090145111	0.08220719978213316	0.13716814159292035	226	0.9601769911504425	malignant
GSE182109|GSM5518610_ndGBM-02-4	GSE182109_GSM5518610_ndGBM-02-4_9aad433f6498	GSE182109	Glioblastoma	cns_malignancy	GSE182109_GSM5518610_ndGBM-02-4_9aad433f6498::0	561	0.018256423994898796	0.08220719978213316	0.0	533	0.2551594746716698	uncertain
GSE182109|GSM5518610_ndGBM-02-4	GSE182109_GSM5518610_ndGBM-02-4_9aad433f6498	GSE182109	Glioblastoma	cns_malignancy	GSE182109_GSM5518610_ndGBM-02-4_9aad433f6498::2	164	0.0024419256951659918	0.08220719978213316	0.0	94	0.0	non_malignant
GSE182109|GSM5518611_ndGBM-02-5	GSE182109_GSM5518611_ndGBM-02-5_43f7b3e67aac	GSE182109	Glioblastoma	cns_malignancy	GSE182109_GSM5518611_ndGBM-02-5_43f7b3e67aac::1	548	0.004749354440718889	0.07033952265977862	0.0	358	0.0111731843575419	uncertain
GSE182109|GSM5518611_ndGBM-02-5	GSE182109_GSM5518611_ndGBM-02-5_43f7b3e67aac	GSE182109	Glioblastoma	cns_malignancy	GSE182109_GSM5518611_ndGBM-02-5_43f7b3e67aac::0	710	0.037829089909791946	0.07033952265977862	0.1028169014084507	696	0.610632183908046	malignant
GSE182109|GSM5518613_rGBM-02-3	GSE182109_GSM5518613_rGBM-02-3_de0fe03dda96	GSE182109	Glioblastoma	cns_malignancy	GSE182109_GSM5518613_rGBM-02-3_de0fe03dda96::0	749	0.08206632733345032	0.06349352575838578	0.7663551401869159	748	0.9732620320855615	malignant
GSE182109|GSM5518613_rGBM-02-3	GSE182109_GSM5518613_rGBM-02-3_de0fe03dda96	GSE182109	Glioblastoma	cns_malignancy	GSE182109_GSM5518613_rGBM-02-3_de0fe03dda96::1	192	0.014520958065986633	0.06349352575838578	0.015625	166	0.10240963855421686	uncertain
GSE182109|GSM5518615_rGBM-02-5	GSE182109_GSM5518615_rGBM-02-5_9038e747d3d5	GSE182109	Glioblastoma	cns_malignancy	GSE182109_GSM5518615_rGBM-02-5_9038e747d3d5::0	49	0.03445220738649368	0.056720203422009986	0.10204081632653061	0		non_malignant
GSE182109|GSM5518615_rGBM-02-5	GSE182109_GSM5518615_rGBM-02-5_9038e747d3d5	GSE182109	Glioblastoma	cns_malignancy	GSE182109_GSM5518615_rGBM-02-5_9038e747d3d5::1	28	0.11112280935049057	0.056720203422009986	1.0	0		uncertain
GSE182109|GSM5518616_rGBM-03-1	GSE182109_GSM5518616_rGBM-03-1_938705ae42c3	GSE182109	Glioblastoma	cns_malignancy	GSE182109_GSM5518616_rGBM-03-1_938705ae42c3::0	1896	0.04098827764391899	0.027136342450976403	0.6429324894514767	1895	0.629023746701847	malignant
GSE182109|GSM5518616_rGBM-03-1	GSE182109_GSM5518616_rGBM-03-1_938705ae42c3	GSE182109	Glioblastoma	cns_malignancy	GSE182109_GSM5518616_rGBM-03-1_938705ae42c3::1	783	0.005279945209622383	0.027136342450976403	0.0140485312899106	760	0.02631578947368421	uncertain
GSE182109|GSM5518616_rGBM-03-1	GSE182109_GSM5518616_rGBM-03-1_938705ae42c3	GSE182109	Glioblastoma	cns_malignancy	GSE182109_GSM5518616_rGBM-03-1_938705ae42c3::2	226	1.9426825019763783e-05	0.027136342450976403	0.0	196	0.0	non_malignant
GSE182109|GSM5518617_rGBM-03-2	GSE182109_GSM5518617_rGBM-03-2_8f8058544676	GSE182109	Glioblastoma	cns_malignancy	GSE182109_GSM5518617_rGBM-03-2_8f8058544676::1	177	0.009254653938114643	0.04870464429259303	0.03389830508474576	161	0.11801242236024845	uncertain
GSE182109|GSM5518617_rGBM-03-2	GSE182109_GSM5518617_rGBM-03-2_8f8058544676	GSE182109	Glioblastoma	cns_malignancy	GSE182109_GSM5518617_rGBM-03-2_8f8058544676::0	487	0.05256836116313934	0.04870464429259303	0.49075975359342916	487	0.919917864476386	malignant
GSE182109|GSM5518617_rGBM-03-2	GSE182109_GSM5518617_rGBM-03-2_8f8058544676	GSE182109	Glioblastoma	cns_malignancy	GSE182109_GSM5518617_rGBM-03-2_8f8058544676::2	47	0.0007763478206470609	0.04870464429259303	0.0	39	0.0	non_malignant
GSE182109|GSM5518618_rGBM-03-3	GSE182109_GSM5518618_rGBM-03-3_afd75af84a21	GSE182109	Glioblastoma	cns_malignancy	GSE182109_GSM5518618_rGBM-03-3_afd75af84a21::1	556	0.006900349166244268	0.05119294457137597	0.0035971223021582736	429	0.1282051282051282	uncertain
GSE182109|GSM5518618_rGBM-03-3	GSE182109_GSM5518618_rGBM-03-3_afd75af84a21	GSE182109	Glioblastoma	cns_malignancy	GSE182109_GSM5518618_rGBM-03-3_afd75af84a21::0	1127	0.04816097021102905	0.05119294457137597	0.3700088731144632	1124	0.9279359430604982	malignant
GSE182109|GSM5518619_rGBM-04-1	GSE182109_GSM5518619_rGBM-04-1_d787aed1075e	GSE182109	Glioblastoma	cns_malignancy	GSE182109_GSM5518619_rGBM-04-1_d787aed1075e::0	2762	0.05376148596405983	0.06242685034871096	0.2943519188993483	2761	0.0003621876131836291	uncertain
GSE182109|GSM5518619_rGBM-04-1	GSE182109_GSM5518619_rGBM-04-1_d787aed1075e	GSE182109	Glioblastoma	cns_malignancy	GSE182109_GSM5518619_rGBM-04-1_d787aed1075e::2	617	0.009652608074247837	0.06242685034871096	0.0016207455429497568	616	0.9253246753246753	malignant
GSE182109|GSM5518619_rGBM-04-1	GSE182109_GSM5518619_rGBM-04-1_d787aed1075e	GSE182109	Glioblastoma	cns_malignancy	GSE182109_GSM5518619_rGBM-04-1_d787aed1075e::3	402	6.333342753350735e-05	0.06242685034871096	0.0	391	0.4424552429667519	uncertain
GSE182109|GSM5518619_rGBM-04-1	GSE182109_GSM5518619_rGBM-04-1_d787aed1075e	GSE182109	Glioblastoma	cns_malignancy	GSE182109_GSM5518619_rGBM-04-1_d787aed1075e::1	1103	0.016159407794475555	0.06242685034871096	0.0009066183136899365	1103	0.021758839528558477	uncertain
GSE182109|GSM5518620_rGBM-04-2	GSE182109_GSM5518620_rGBM-04-2_1c30547e093e	GSE182109	Glioblastoma	cns_malignancy	GSE182109_GSM5518620_rGBM-04-2_1c30547e093e::0	3192	0.04476930573582649	0.05874338924884797	0.2756892230576441	3192	0.9959273182957393	malignant
GSE182109|GSM5518620_rGBM-04-2	GSE182109_GSM5518620_rGBM-04-2_1c30547e093e	GSE182109	Glioblastoma	cns_malignancy	GSE182109_GSM5518620_rGBM-04-2_1c30547e093e::1	913	0.007681281305849552	0.05874338924884797	0.001095290251916758	906	0.5496688741721855	malignant
GSE182109|GSM5518620_rGBM-04-2	GSE182109_GSM5518620_rGBM-04-2_1c30547e093e	GSE182109	Glioblastoma	cns_malignancy	GSE182109_GSM5518620_rGBM-04-2_1c30547e093e::2	307	8.589559911342803e-06	0.05874338924884797	0.0	283	0.15901060070671377	uncertain
GSE182109|GSM5518621_rGBM-04-3	GSE182109_GSM5518621_rGBM-04-3_6ee3d7357e49	GSE182109	Glioblastoma	cns_malignancy	GSE182109_GSM5518621_rGBM-04-3_6ee3d7357e49::0	2902	0.052311018109321594	0.05484390798956157	0.3990351481736733	2902	0.0	uncertain
GSE182109|GSM5518621_rGBM-04-3	GSE182109_GSM5518621_rGBM-04-3_6ee3d7357e49	GSE182109	Glioblastoma	cns_malignancy	GSE182109_GSM5518621_rGBM-04-3_6ee3d7357e49::1	1691	0.017783593386411667	0.05484390798956157	0.010644589000591367	1689	0.012433392539964476	uncertain
GSE182109|GSM5518621_rGBM-04-3	GSE182109_GSM5518621_rGBM-04-3_6ee3d7357e49	GSE182109	Glioblastoma	cns_malignancy	GSE182109_GSM5518621_rGBM-04-3_6ee3d7357e49::2	620	0.010475343093276024	0.05484390798956157	0.0016129032258064516	614	0.9153094462540716	malignant
GSE182109|GSM5518621_rGBM-04-3	GSE182109_GSM5518621_rGBM-04-3_6ee3d7357e49	GSE182109	Glioblastoma	cns_malignancy	GSE182109_GSM5518621_rGBM-04-3_6ee3d7357e49::3	338	5.36102379555814e-05	0.05484390798956157	0.0	319	0.2852664576802508	uncertain
GSE182109|GSM5518622_rGBM-04-4	GSE182109_GSM5518622_rGBM-04-4_6a9d97fab6b5	GSE182109	Glioblastoma	cns_malignancy	GSE182109_GSM5518622_rGBM-04-4_6a9d97fab6b5::0	2163	0.05657801777124405	0.06288835421204562	0.3851132686084142	2162	0.8866790009250693	malignant
GSE182109|GSM5518622_rGBM-04-4	GSE182109_GSM5518622_rGBM-04-4_6a9d97fab6b5	GSE182109	Glioblastoma	cns_malignancy	GSE182109_GSM5518622_rGBM-04-4_6a9d97fab6b5::1	701	0.0200432687997818	0.06288835421204562	0.011412268188302425	701	0.4978601997146933	uncertain
GSE182109|GSM5518622_rGBM-04-4	GSE182109_GSM5518622_rGBM-04-4_6a9d97fab6b5	GSE182109	Glioblastoma	cns_malignancy	GSE182109_GSM5518622_rGBM-04-4_6a9d97fab6b5::2	394	0.0035856030881404877	0.06288835421204562	0.0	377	0.002652519893899204	uncertain
GSE182109|GSM5518623_ndGBM-03-1	GSE182109_GSM5518623_ndGBM-03-1_9e8ea7737fd2	GSE182109	Glioblastoma	cns_malignancy	GSE182109_GSM5518623_ndGBM-03-1_9e8ea7737fd2::0	1416	0.06348653882741928	0.04297626651823533	0.806497175141243	1415	0.992226148409894	malignant
GSE182109|GSM5518623_ndGBM-03-1	GSE182109_GSM5518623_ndGBM-03-1_9e8ea7737fd2	GSE182109	Glioblastoma	cns_malignancy	GSE182109_GSM5518623_ndGBM-03-1_9e8ea7737fd2::1	583	0.015848610550165176	0.04297626651823533	0.015437392795883362	583	0.5145797598627787	malignant
GSE182109|GSM5518623_ndGBM-03-1	GSE182109_GSM5518623_ndGBM-03-1_9e8ea7737fd2	GSE182109	Glioblastoma	cns_malignancy	GSE182109_GSM5518623_ndGBM-03-1_9e8ea7737fd2::2	139	0.0002742093929555267	0.04297626651823533	0.0	115	0.0	non_malignant
GSE182109|GSM5518624_ndGBM-03-2	GSE182109_GSM5518624_ndGBM-03-2_899302ae848b	GSE182109	Glioblastoma	cns_malignancy	GSE182109_GSM5518624_ndGBM-03-2_899302ae848b::0	109	0.058191630989313126	0.05073872908949849	0.5137614678899083	0		uncertain
GSE182109|GSM5518624_ndGBM-03-2	GSE182109_GSM5518624_ndGBM-03-2_899302ae848b	GSE182109	Glioblastoma	cns_malignancy	GSE182109_GSM5518624_ndGBM-03-2_899302ae848b::1	62	0.027889469638466835	0.05073872908949849	0.14516129032258066	0		non_malignant
GSE182109|GSM5518625_ndGBM-03-3	GSE182109_GSM5518625_ndGBM-03-3_bb1587dc8eb0	GSE182109	Glioblastoma	cns_malignancy	GSE182109_GSM5518625_ndGBM-03-3_bb1587dc8eb0::2	72	0.0002962151193059981	0.046538509577512745	0.0	44	0.0	non_malignant
GSE182109|GSM5518625_ndGBM-03-3	GSE182109_GSM5518625_ndGBM-03-3_bb1587dc8eb0	GSE182109	Glioblastoma	cns_malignancy	GSE182109_GSM5518625_ndGBM-03-3_bb1587dc8eb0::0	913	0.06516880542039871	0.046538509577512745	0.7316538882803943	912	0.9024122807017544	malignant
GSE182109|GSM5518625_ndGBM-03-3	GSE182109_GSM5518625_ndGBM-03-3_bb1587dc8eb0	GSE182109	Glioblastoma	cns_malignancy	GSE182109_GSM5518625_ndGBM-03-3_bb1587dc8eb0::1	487	0.01335437037050724	0.046538509577512745	0.006160164271047228	464	0.08405172413793104	uncertain
GSE182109|GSM5518626_rGBM-05-1	GSE182109_GSM5518626_rGBM-05-1_80049c6e9766	GSE182109	Glioblastoma	cns_malignancy	GSE182109_GSM5518626_rGBM-05-1_80049c6e9766::0	1363	0.07571997493505478	0.0329682348668568	0.9303008070432869	1358	0.9698085419734904	malignant
GSE182109|GSM5518626_rGBM-05-1	GSE182109_GSM5518626_rGBM-05-1_80049c6e9766	GSE182109	Glioblastoma	cns_malignancy	GSE182109_GSM5518626_rGBM-05-1_80049c6e9766::1	368	0.011124388314783573	0.0329682348668568	0.03260869565217391	364	0.1043956043956044	uncertain
GSE182109|GSM5518626_rGBM-05-1	GSE182109_GSM5518626_rGBM-05-1_80049c6e9766	GSE182109	Glioblastoma	cns_malignancy	GSE182109_GSM5518626_rGBM-05-1_80049c6e9766::2	141	1.795598291209899e-05	0.0329682348668568	0.0	120	0.0	non_malignant
GSE182109|GSM5518627_rGBM-05-2	GSE182109_GSM5518627_rGBM-05-2_983ff34d280e	GSE182109	Glioblastoma	cns_malignancy	GSE182109_GSM5518627_rGBM-05-2_983ff34d280e::0	1293	0.06509314477443695	0.05482322189956888	0.5692188708430008	1290	0.9271317829457364	malignant
GSE182109|GSM5518627_rGBM-05-2	GSE182109_GSM5518627_rGBM-05-2_983ff34d280e	GSE182109	Glioblastoma	cns_malignancy	GSE182109_GSM5518627_rGBM-05-2_983ff34d280e::1	171	0.0009581818012520671	0.05482322189956888	0.0	155	0.05161290322580645	uncertain
GSE182109|GSM5518628_rGBM-05-3	GSE182109_GSM5518628_rGBM-05-3_46bca155a8de	GSE182109	Glioblastoma	cns_malignancy	GSE182109_GSM5518628_rGBM-05-3_46bca155a8de::0	350	0.08659426867961884	0.1018173910677433	0.3514285714285714	347	0.9740634005763689	malignant
GSE182109|GSM5518628_rGBM-05-3	GSE182109_GSM5518628_rGBM-05-3_46bca155a8de	GSE182109	Glioblastoma	cns_malignancy	GSE182109_GSM5518628_rGBM-05-3_46bca155a8de::2	34	0.11756373941898346	0.1018173910677433	0.6764705882352942	34	1.0	malignant
GSE182109|GSM5518628_rGBM-05-3	GSE182109_GSM5518628_rGBM-05-3_46bca155a8de	GSE182109	Glioblastoma	cns_malignancy	GSE182109_GSM5518628_rGBM-05-3_46bca155a8de::1	79	0.009384127333760262	0.1018173910677433	0.0	72	0.125	uncertain
GSE182109|GSM5518630_LGG-04-1	GSE182109_GSM5518630_LGG-04-1_ed6a48f86b76	GSE182109	Glioblastoma	cns_malignancy	GSE182109_GSM5518630_LGG-04-1_ed6a48f86b76::2	468	0.00011940496187889948	0.018173856511712005	0.0	427	0.01873536299765808	uncertain
GSE182109|GSM5518630_LGG-04-1	GSE182109_GSM5518630_LGG-04-1_ed6a48f86b76	GSE182109	Glioblastoma	cns_malignancy	GSE182109_GSM5518630_LGG-04-1_ed6a48f86b76::0	1572	0.07033737748861313	0.018173856511712005	1.0	1572	0.9815521628498728	malignant
GSE182109|GSM5518630_LGG-04-1	GSE182109_GSM5518630_LGG-04-1_ed6a48f86b76	GSE182109	Glioblastoma	cns_malignancy	GSE182109_GSM5518630_LGG-04-1_ed6a48f86b76::1	1400	0.012471607886254787	0.018173856511712005	0.2857142857142857	1397	0.4366499642090193	uncertain
GSE182109|GSM5518631_LGG-04-2	GSE182109_GSM5518631_LGG-04-2_1883bb112a85	GSE182109	Glioblastoma	cns_malignancy	GSE182109_GSM5518631_LGG-04-2_1883bb112a85::0	764	0.077053502202034	0.017574929874390313	1.0	764	0.8795811518324608	malignant
GSE182109|GSM5518631_LGG-04-2	GSE182109_GSM5518631_LGG-04-2_1883bb112a85	GSE182109	Glioblastoma	cns_malignancy	GSE182109_GSM5518631_LGG-04-2_1883bb112a85::1	220	0.01120288111269474	0.017574929874390313	0.22272727272727272	215	0.13023255813953488	uncertain
GSE182109|GSM5518631_LGG-04-2	GSE182109_GSM5518631_LGG-04-2_1883bb112a85	GSE182109	Glioblastoma	cns_malignancy	GSE182109_GSM5518631_LGG-04-2_1883bb112a85::2	58	0.0003103230847045779	0.017574929874390313	0.0	50	0.0	non_malignant
GSE182109|GSM5518632_LGG-04-3	GSE182109_GSM5518632_LGG-04-3_0b24c1466ba4	GSE182109	Glioblastoma	cns_malignancy	GSE182109_GSM5518632_LGG-04-3_0b24c1466ba4::0	3018	0.05250980705022812	0.05520383212715379	0.36845593108018554	3018	0.7143803843605037	malignant
GSE182109|GSM5518632_LGG-04-3	GSE182109_GSM5518632_LGG-04-3_0b24c1466ba4	GSE182109	Glioblastoma	cns_malignancy	GSE182109_GSM5518632_LGG-04-3_0b24c1466ba4::2	671	0.00010323304741177708	0.05520383212715379	0.0	649	0.0061633281972265025	uncertain
GSE182109|GSM5518632_LGG-04-3	GSE182109_GSM5518632_LGG-04-3_0b24c1466ba4	GSE182109	Glioblastoma	cns_malignancy	GSE182109_GSM5518632_LGG-04-3_0b24c1466ba4::1	1021	0.007065367419272661	0.05520383212715379	0.0	1021	0.11165523996082272	uncertain
GSE182109|GSM5518632_LGG-04-3	GSE182109_GSM5518632_LGG-04-3_0b24c1466ba4	GSE182109	Glioblastoma	cns_malignancy	GSE182109_GSM5518632_LGG-04-3_0b24c1466ba4::3	10	0.00038848171243444085	0.05520383212715379	0.0	10	0.0	non_malignant
GSE182109|GSM5518633_ndGBM-04	GSE182109_GSM5518633_ndGBM-04_c6b447d392a2	GSE182109	Glioblastoma	cns_malignancy	GSE182109_GSM5518633_ndGBM-04_c6b447d392a2::1	1394	0.019089223816990852	0.06549468047916883	0.002152080344332855	1391	0.807332854061826	malignant
GSE182109|GSM5518633_ndGBM-04	GSE182109_GSM5518633_ndGBM-04_c6b447d392a2	GSE182109	Glioblastoma	cns_malignancy	GSE182109_GSM5518633_ndGBM-04_c6b447d392a2::0	2282	0.046777889132499695	0.06549468047916883	0.13935144609991235	2281	0.9890398947829899	malignant
GSE182109|GSM5518633_ndGBM-04	GSE182109_GSM5518633_ndGBM-04_c6b447d392a2	GSE182109	Glioblastoma	cns_malignancy	GSE182109_GSM5518633_ndGBM-04_c6b447d392a2::2	249	0.0016782653983682394	0.06549468047916883	0.0	226	0.2168141592920354	uncertain
GSE182109|GSM5518634_ndGBM-05	GSE182109_GSM5518634_ndGBM-05_09bcbbcbb9ee	GSE182109	Glioblastoma	cns_malignancy	GSE182109_GSM5518634_ndGBM-05_09bcbbcbb9ee::0	1480	0.0296518225222826	0.05098310470581056	0.021621621621621623	1480	0.7195945945945946	malignant
GSE182109|GSM5518634_ndGBM-05	GSE182109_GSM5518634_ndGBM-05_09bcbbcbb9ee	GSE182109	Glioblastoma	cns_malignancy	GSE182109_GSM5518634_ndGBM-05_09bcbbcbb9ee::1	871	0.0707460343837738	0.05098310470581056	0.8714121699196326	871	0.9896670493685419	malignant
GSE182109|GSM5518634_ndGBM-05	GSE182109_GSM5518634_ndGBM-05_09bcbbcbb9ee	GSE182109	Glioblastoma	cns_malignancy	GSE182109_GSM5518634_ndGBM-05_09bcbbcbb9ee::2	285	0.005819343030452728	0.05098310470581056	0.0035087719298245615	260	0.015384615384615385	uncertain
GSE182109|GSM5518635_ndGBM-06	GSE182109_GSM5518635_ndGBM-06_7171e8e7f955	GSE182109	Glioblastoma	cns_malignancy	GSE182109_GSM5518635_ndGBM-06_7171e8e7f955::3	45	0.15102028846740723	0.034711632616817936	1.0	45	0.0	malignant
GSE182109|GSM5518635_ndGBM-06	GSE182109_GSM5518635_ndGBM-06_7171e8e7f955	GSE182109	Glioblastoma	cns_malignancy	GSE182109_GSM5518635_ndGBM-06_7171e8e7f955::1	649	0.03197910264134407	0.034711632616817936	0.3559322033898305	643	0.9564541213063764	malignant
GSE182109|GSM5518635_ndGBM-06	GSE182109_GSM5518635_ndGBM-06_7171e8e7f955	GSE182109	Glioblastoma	cns_malignancy	GSE182109_GSM5518635_ndGBM-06_7171e8e7f955::2	259	0.0004906535614281893	0.034711632616817936	0.0	195	0.1794871794871795	uncertain
GSE182109|GSM5518635_ndGBM-06	GSE182109_GSM5518635_ndGBM-06_7171e8e7f955	GSE182109	Glioblastoma	cns_malignancy	GSE182109_GSM5518635_ndGBM-06_7171e8e7f955::0	971	0.010348326526582241	0.034711632616817936	0.005149330587023687	961	0.029136316337148804	uncertain
GSE182109|GSM5518636_ndGBM-07	GSE182109_GSM5518636_ndGBM-07_b72f077bff84	GSE182109	Glioblastoma	cns_malignancy	GSE182109_GSM5518636_ndGBM-07_b72f077bff84::0	236	0.023436134681105614	0.0851936198025942	0.025423728813559324	231	0.06493506493506493	uncertain
GSE182109|GSM5518636_ndGBM-07	GSE182109_GSM5518636_ndGBM-07_b72f077bff84	GSE182109	Glioblastoma	cns_malignancy	GSE182109_GSM5518636_ndGBM-07_b72f077bff84::1	147	0.07357155531644821	0.0851936198025942	0.2925170068027211	147	1.0	malignant
GSE182109|GSM5518637_ndGBM-08	GSE182109_GSM5518637_ndGBM-08_72f5f317cd74	GSE182109	Glioblastoma	cns_malignancy	GSE182109_GSM5518637_ndGBM-08_72f5f317cd74::0	688	0.0746288001537323	0.05762700363993648	0.6569767441860465	688	0.8197674418604651	malignant
GSE182109|GSM5518637_ndGBM-08	GSE182109_GSM5518637_ndGBM-08_72f5f317cd74	GSE182109	Glioblastoma	cns_malignancy	GSE182109_GSM5518637_ndGBM-08_72f5f317cd74::1	316	0.01696304976940155	0.05762700363993648	0.00949367088607595	282	0.010638297872340425	uncertain
GSE182109|GSM5518638_LGG-03	GSE182109_GSM5518638_LGG-03_33fce5f6323b	GSE182109	Glioblastoma	cns_malignancy	GSE182109_GSM5518638_LGG-03_33fce5f6323b::0	2118	0.038291752338409424	0.03087791282683612	0.5410764872521246	2118	0.8092540132200189	malignant
GSE182109|GSM5518638_LGG-03	GSE182109_GSM5518638_LGG-03_33fce5f6323b	GSE182109	Glioblastoma	cns_malignancy	GSE182109_GSM5518638_LGG-03_33fce5f6323b::1	814	0.007387569174170494	0.03087791282683612	0.0	798	0.6453634085213033	malignant
GSE182109|GSM5518639_ndGBM-09	GSE182109_GSM5518639_ndGBM-09_55176ce30fdd	GSE182109	Glioblastoma	cns_malignancy	GSE182109_GSM5518639_ndGBM-09_55176ce30fdd::0	462	0.021518535912036896	0.055329921543598205	0.004329004329004329	448	0.044642857142857144	uncertain
GSE182109|GSM5518639_ndGBM-09	GSE182109_GSM5518639_ndGBM-09_55176ce30fdd	GSE182109	Glioblastoma	cns_malignancy	GSE182109_GSM5518639_ndGBM-09_55176ce30fdd::1	458	0.06266701966524124	0.055329921543598205	0.517467248908297	458	0.48253275109170307	uncertain
GSE253013|US-10029425-1	GSE253013_US-10029425-1_b5a64d2b023c	GSE253013	ADENOCARCINOMA	epithelial_solid_default	GSE253013_US-10029425-1_b5a64d2b023c::0	162	0.017412420362234116	0.021791663356125354	0.2839506172839506	0		uncertain
GSE253013|US-10029425-2	GSE253013_US-10029425-2_974a2a138ce1	GSE253013	ADENOCARCINOMA	epithelial_solid_default	GSE253013_US-10029425-2_974a2a138ce1::0	150	0.01884053274989128	0.021860655769705778	0.35333333333333333	0		uncertain
GSE253013|US-10029425-3	GSE253013_US-10029425-3_c9278f10076d	GSE253013	ADENOCARCINOMA	epithelial_solid_default	GSE253013_US-10029425-3_c9278f10076d::0	120	0.017517976462841034	0.022707574795931586	0.23333333333333334	0		uncertain
GSE253013|US-10029425-4	GSE253013_US-10029425-4_7967b1f62b6b	GSE253013	ADENOCARCINOMA	epithelial_solid_default	GSE253013_US-10029425-4_7967b1f62b6b::0	143	0.01773841679096222	0.021705791223794183	0.24475524475524477	0		uncertain
GSE253013|US-10029425-6	GSE253013_US-10029425-6_e3e079fb09e7	GSE253013	ADENOCARCINOMA	epithelial_solid_default	GSE253013_US-10029425-6_e3e079fb09e7::0	31	0.01610298827290535	0.02100099233910441	0.1935483870967742	0		non_malignant
GSE253013|US-10029426-5	GSE253013_US-10029426-5_bcca5c8034a3	GSE253013	ADENOCARCINOMA	epithelial_solid_default	GSE253013_US-10029426-5_bcca5c8034a3::0	149	0.022777842357754707	0.020872870162129395	0.5637583892617449	0		uncertain
GSE253013|US-10029426-6	GSE253013_US-10029426-6_0dad8f8353a0	GSE253013	ADENOCARCINOMA	epithelial_solid_default	GSE253013_US-10029426-6_0dad8f8353a0::0	115	0.025016285479068756	0.019446441810578093	0.7304347826086957	0		malignant
GSE253013|US-10029426-6	GSE253013_US-10029426-6_0dad8f8353a0	GSE253013	ADENOCARCINOMA	epithelial_solid_default	GSE253013_US-10029426-6_0dad8f8353a0::1	41	0.013561946339905262	0.019446441810578093	0.12195121951219512	0		non_malignant
GSE253013|US-10029426-7	GSE253013_US-10029426-7_7c85116b8565	GSE253013	ADENOCARCINOMA	epithelial_solid_default	GSE253013_US-10029426-7_7c85116b8565::0	134	0.024472232908010483	0.02095317594707012	0.664179104477612	0		malignant
GSE253013|US-10029426-7	GSE253013_US-10029426-7_7c85116b8565	GSE253013	ADENOCARCINOMA	epithelial_solid_default	GSE253013_US-10029426-7_7c85116b8565::1	43	0.012677478604018688	0.02095317594707012	0.046511627906976744	0		non_malignant
GSE253013|US-10029426-8	GSE253013_US-10029426-8_565bea3c18bd	GSE253013	ADENOCARCINOMA	epithelial_solid_default	GSE253013_US-10029426-8_565bea3c18bd::0	120	0.02407464198768139	0.02113855607807637	0.6333333333333333	0		malignant
GSE253013|US-10029426-8	GSE253013_US-10029426-8_565bea3c18bd	GSE253013	ADENOCARCINOMA	epithelial_solid_default	GSE253013_US-10029426-8_565bea3c18bd::1	55	0.012887418270111084	0.02113855607807637	0.03636363636363636	0		non_malignant
GSE253013|US-10029431-5	GSE253013_US-10029431-5_714557fdafa1	GSE253013	ADENOCARCINOMA	epithelial_solid_default	GSE253013_US-10029431-5_714557fdafa1::0	946	0.011272120289504528	0.01672313585877418	0.07716701902748414	821	0.7259439707673568	malignant
GSE253013|US-10029431-6	GSE253013_US-10029431-6_20c00673c903	GSE253013	ADENOCARCINOMA	epithelial_solid_default	GSE253013_US-10029431-6_20c00673c903::0	763	0.011628915555775166	0.01668708074837923	0.09698558322411534	647	0.6723338485316847	malignant
GSE253013|US-10029431-7	GSE253013_US-10029431-7_e9dd6f8b7557	GSE253013	ADENOCARCINOMA	epithelial_solid_default	GSE253013_US-10029431-7_e9dd6f8b7557::0	780	0.01137609500437975	0.01834985597059132	0.0641025641025641	666	0.6996996996996997	malignant
GSE253013|US-10029431-8	GSE253013_US-10029431-8_8d10819dbd92	GSE253013	ADENOCARCINOMA	epithelial_solid_default	GSE253013_US-10029431-8_8d10819dbd92::0	871	0.011675393208861351	0.020295912064611926	0.04133180252583238	793	0.7225725094577553	malignant
GSE253013|US-10029432-5	GSE253013_US-10029432-5_fd146481ecae	GSE253013	ADENOCARCINOMA	epithelial_solid_default	GSE253013_US-10029432-5_fd146481ecae::0	403	0.010865218937397003	0.0183420106396079	0.052109181141439205	383	0.0	non_malignant
GSE253013|US-10029432-5	GSE253013_US-10029432-5_fd146481ecae	GSE253013	ADENOCARCINOMA	epithelial_solid_default	GSE253013_US-10029432-5_fd146481ecae::1	26	0.026924598962068558	0.0183420106396079	0.8076923076923077	22	1.0	uncertain
GSE253013|US-10029432-6	GSE253013_US-10029432-6_6813717d3e1d	GSE253013	ADENOCARCINOMA	epithelial_solid_default	GSE253013_US-10029432-6_6813717d3e1d::0	376	0.012067447416484356	0.021848563421517583	0.05585106382978723	344	0.055232558139534885	uncertain
GSE253013|US-10029432-7	GSE253013_US-10029432-7_787070268da0	GSE253013	ADENOCARCINOMA	epithelial_solid_default	GSE253013_US-10029432-7_787070268da0::0	420	0.010839596390724182	0.021388353966176513	0.011904761904761904	390	0.0	non_malignant
GSE253013|US-10029432-7	GSE253013_US-10029432-7_787070268da0	GSE253013	ADENOCARCINOMA	epithelial_solid_default	GSE253013_US-10029432-7_787070268da0::1	27	0.02560296468436718	0.021388353966176513	0.5925925925925926	16	1.0	uncertain
GSE253013|US-10029432-8	GSE253013_US-10029432-8_4c514bf2ba87	GSE253013	ADENOCARCINOMA	epithelial_solid_default	GSE253013_US-10029432-8_4c514bf2ba87::0	437	0.011044108308851719	0.016202783323824407	0.14187643020594964	414	0.0024154589371980675	uncertain
GSE253013|US-10029432-8	GSE253013_US-10029432-8_4c514bf2ba87	GSE253013	ADENOCARCINOMA	epithelial_solid_default	GSE253013_US-10029432-8_4c514bf2ba87::1	28	0.025049667805433273	0.016202783323824407	0.7857142857142857	24	1.0	uncertain
GSE274934|GSM8462125_AL02	GSE274934_GSM8462125_AL02_6e6db90cb965	GSE274934	ALK-positive/negative LUAD	epithelial_solid_default	GSE274934_GSM8462125_AL02_6e6db90cb965::0	484	0.08915507793426514	0.043184305354952914	0.8760330578512396	481	0.7172557172557172	malignant
GSE274934|GSM8462125_AL02	GSE274934_GSM8462125_AL02_6e6db90cb965	GSE274934	ALK-positive/negative LUAD	epithelial_solid_default	GSE274934_GSM8462125_AL02_6e6db90cb965::1	278	0.01174949575215578	0.043184305354952914	0.014388489208633094	174	0.034482758620689655	uncertain
GSE274934|GSM8462126_AL03	GSE274934_GSM8462126_AL03_0487064541e2	GSE274934	ALK-positive/negative LUAD	epithelial_solid_default	GSE274934_GSM8462126_AL03_0487064541e2::1	739	0.009684870950877666	0.04628750983625653	0.008119079837618403	704	0.052556818181818184	uncertain
GSE274934|GSM8462126_AL03	GSE274934_GSM8462126_AL03_0487064541e2	GSE274934	ALK-positive/negative LUAD	epithelial_solid_default	GSE274934_GSM8462126_AL03_0487064541e2::0	957	0.0418168269097805	0.04628750983625653	0.3510971786833856	957	0.8202716823406478	malignant
GSE274934|GSM8462126_AL03	GSE274934_GSM8462126_AL03_0487064541e2	GSE274934	ALK-positive/negative LUAD	epithelial_solid_default	GSE274934_GSM8462126_AL03_0487064541e2::3	184	0.0017624630127102137	0.04628750983625653	0.0	102	0.0	non_malignant
GSE274934|GSM8462126_AL03	GSE274934_GSM8462126_AL03_0487064541e2	GSE274934	ALK-positive/negative LUAD	epithelial_solid_default	GSE274934_GSM8462126_AL03_0487064541e2::2	291	0.06095049902796745	0.04628750983625653	0.7903780068728522	291	0.8900343642611683	malignant
GSE274934|GSM8462127_AL04	GSE274934_GSM8462127_AL04_38a1172b04ec	GSE274934	ALK-positive/negative LUAD	epithelial_solid_default	GSE274934_GSM8462127_AL04_38a1172b04ec::1	185	0.05755043029785156	0.03997441206127407	0.9621621621621622	185	0.9891891891891892	malignant
GSE274934|GSM8462127_AL04	GSE274934_GSM8462127_AL04_38a1172b04ec	GSE274934	ALK-positive/negative LUAD	epithelial_solid_default	GSE274934_GSM8462127_AL04_38a1172b04ec::0	449	0.022310100495815277	0.03997441206127407	0.0467706013363029	423	0.3380614657210402	uncertain
GSE274934|GSM8462127_AL04	GSE274934_GSM8462127_AL04_38a1172b04ec	GSE274934	ALK-positive/negative LUAD	epithelial_solid_default	GSE274934_GSM8462127_AL04_38a1172b04ec::2	166	0.06056904047727585	0.03997441206127407	0.9397590361445783	166	0.9819277108433735	malignant
GSE274934|GSM8462128_AL05	GSE274934_GSM8462128_AL05_f44f31d53994	GSE274934	ALK-positive/negative LUAD	epithelial_solid_default	GSE274934_GSM8462128_AL05_f44f31d53994::0	599	0.04896274581551552	0.05443297110497948	0.34891485809682804	599	0.5642737896494157	malignant
GSE274934|GSM8462128_AL05	GSE274934_GSM8462128_AL05_f44f31d53994	GSE274934	ALK-positive/negative LUAD	epithelial_solid_default	GSE274934_GSM8462128_AL05_f44f31d53994::1	273	0.021621352061629295	0.05443297110497948	0.06593406593406594	254	0.003937007874015748	uncertain
GSE274934|GSM8462129_AL06	GSE274934_GSM8462129_AL06_d9cc153416cf	GSE274934	ALK-positive/negative LUAD	epithelial_solid_default	GSE274934_GSM8462129_AL06_d9cc153416cf::0	358	0.08015578985214233	0.022765894718468193	0.9301675977653632	357	0.896358543417367	malignant
GSE274934|GSM8462129_AL06	GSE274934_GSM8462129_AL06_d9cc153416cf	GSE274934	ALK-positive/negative LUAD	epithelial_solid_default	GSE274934_GSM8462129_AL06_d9cc153416cf::1	210	0.05015874654054642	0.022765894718468193	0.680952380952381	201	0.024875621890547265	malignant
GSE274934|GSM8462129_AL06	GSE274934_GSM8462129_AL06_d9cc153416cf	GSE274934	ALK-positive/negative LUAD	epithelial_solid_default	GSE274934_GSM8462129_AL06_d9cc153416cf::2	33	0.00046618812484666705	0.022765894718468193	0.0	18	0.0	non_malignant
GSE274934|GSM8462130_AL08	GSE274934_GSM8462130_AL08_97f29a5cbc07	GSE274934	ALK-positive/negative LUAD	epithelial_solid_default	GSE274934_GSM8462130_AL08_97f29a5cbc07::0	2403	0.061216406524181366	0.030793285407125944	0.8119017894298793	2397	0.4555694618272841	malignant
GSE274934|GSM8462130_AL08	GSE274934_GSM8462130_AL08_97f29a5cbc07	GSE274934	ALK-positive/negative LUAD	epithelial_solid_default	GSE274934_GSM8462130_AL08_97f29a5cbc07::1	1834	0.0070497458800673485	0.030793285407125944	0.008178844056706653	1759	0.0011370096645821489	uncertain
GSE274934|GSM8462130_AL08	GSE274934_GSM8462130_AL08_97f29a5cbc07	GSE274934	ALK-positive/negative LUAD	epithelial_solid_default	GSE274934_GSM8462130_AL08_97f29a5cbc07::2	224	0.0002600417356006801	0.030793285407125944	0.0	170	0.0	non_malignant
GSE274934|GSM8462130_AL08	GSE274934_GSM8462130_AL08_97f29a5cbc07	GSE274934	ALK-positive/negative LUAD	epithelial_solid_default	GSE274934_GSM8462130_AL08_97f29a5cbc07::3	53	0.0006509009981527925	0.030793285407125944	0.0	41	0.0	non_malignant
GSE274934|GSM8462131_AL10	GSE274934_GSM8462131_AL10_fe1e06efdfda	GSE274934	ALK-positive/negative LUAD	epithelial_solid_default	GSE274934_GSM8462131_AL10_fe1e06efdfda::0	1653	0.07226863503456116	0.10520456925034524	0.09497882637628555	1651	0.9569957601453665	malignant
GSE274934|GSM8462131_AL10	GSE274934_GSM8462131_AL10_fe1e06efdfda	GSE274934	ALK-positive/negative LUAD	epithelial_solid_default	GSE274934_GSM8462131_AL10_fe1e06efdfda::2	134	0.007334207650274038	0.10520456925034524	0.0	93	0.0	non_malignant
GSE274934|GSM8462131_AL10	GSE274934_GSM8462131_AL10_fe1e06efdfda	GSE274934	ALK-positive/negative LUAD	epithelial_solid_default	GSE274934_GSM8462131_AL10_fe1e06efdfda::1	334	0.012900315225124359	0.10520456925034524	0.0	324	0.25617283950617287	uncertain
GSE274934|GSM8462132_AL11	GSE274934_GSM8462132_AL11_34f268419753	GSE274934	ALK-positive/negative LUAD	epithelial_solid_default	GSE274934_GSM8462132_AL11_34f268419753::0	2125	0.04965728148818016	0.03897374074906137	0.6390588235294118	2121	0.7072135785007072	malignant
GSE274934|GSM8462132_AL11	GSE274934_GSM8462132_AL11_34f268419753	GSE274934	ALK-positive/negative LUAD	epithelial_solid_default	GSE274934_GSM8462132_AL11_34f268419753::1	645	0.009096996858716011	0.03897374074906137	0.006201550387596899	623	0.019261637239165328	uncertain
GSE274934|GSM8462132_AL11	GSE274934_GSM8462132_AL11_34f268419753	GSE274934	ALK-positive/negative LUAD	epithelial_solid_default	GSE274934_GSM8462132_AL11_34f268419753::2	175	0.0006274364423006773	0.03897374074906137	0.0	120	0.0	non_malignant
GSE274934|GSM8462133_AL12	GSE274934_GSM8462133_AL12_cad65fce9cc8	GSE274934	ALK-positive/negative LUAD	epithelial_solid_default	GSE274934_GSM8462133_AL12_cad65fce9cc8::0	290	0.041386667639017105	0.048248445540666575	0.32068965517241377	290	0.7448275862068966	malignant
GSE274934|GSM8462133_AL12	GSE274934_GSM8462133_AL12_cad65fce9cc8	GSE274934	ALK-positive/negative LUAD	epithelial_solid_default	GSE274934_GSM8462133_AL12_cad65fce9cc8::1	131	0.01356662716716528	0.048248445540666575	0.007633587786259542	115	0.1826086956521739	uncertain
GSE148071|P1	GSE148071_P1_f1355d458a0c	GSE148071	Advanced non-small cell lung cancer	epithelial_solid_default	GSE148071_P1_f1355d458a0c::0	2077	0.031936272978782654	0.05136127546429625	0.1608088589311507	2071	0.9101883148237566	malignant
GSE148071|P1	GSE148071_P1_f1355d458a0c	GSE148071	Advanced non-small cell lung cancer	epithelial_solid_default	GSE148071_P1_f1355d458a0c::1	761	0.007181093562394381	0.05136127546429625	0.0	749	0.38050734312416556	uncertain
GSE148071|P1	GSE148071_P1_f1355d458a0c	GSE148071	Advanced non-small cell lung cancer	epithelial_solid_default	GSE148071_P1_f1355d458a0c::2	133	0.001137769315391779	0.05136127546429625	0.0	129	0.11627906976744186	uncertain
GSE148071|P10	GSE148071_P10_7b6e179ba7c8	GSE148071	Advanced non-small cell lung cancer	epithelial_solid_default	GSE148071_P10_7b6e179ba7c8::1	742	0.04714958742260933	0.0466557672247289	0.42857142857142855	742	0.8908355795148248	malignant
GSE148071|P10	GSE148071_P10_7b6e179ba7c8	GSE148071	Advanced non-small cell lung cancer	epithelial_solid_default	GSE148071_P10_7b6e179ba7c8::0	861	0.01021628174930811	0.0466557672247289	0.0011614401858304297	854	0.15807962529274006	uncertain
GSE148071|P10	GSE148071_P10_7b6e179ba7c8	GSE148071	Advanced non-small cell lung cancer	epithelial_solid_default	GSE148071_P10_7b6e179ba7c8::2	73	0.0004241828864905983	0.0466557672247289	0.0	70	0.0	non_malignant
GSE148071|P12	GSE148071_P12_259dc8fe941c	GSE148071	Advanced non-small cell lung cancer	epithelial_solid_default	GSE148071_P12_259dc8fe941c::1	44	0.0560331717133522	0.029466810189187537	0.9090909090909091	0		malignant
GSE148071|P12	GSE148071_P12_259dc8fe941c	GSE148071	Advanced non-small cell lung cancer	epithelial_solid_default	GSE148071_P12_259dc8fe941c::0	102	0.011174820363521576	0.029466810189187537	0.08823529411764706	0		non_malignant
GSE148071|P13	GSE148071_P13_c472ddd41414	GSE148071	Advanced non-small cell lung cancer	epithelial_solid_default	GSE148071_P13_c472ddd41414::0	94	0.0555579699575901	0.026020611375570296	0.7659574468085106	0		malignant
GSE148071|P14	GSE148071_P14_7ccd88482be8	GSE148071	Advanced non-small cell lung cancer	epithelial_solid_default	GSE148071_P14_7ccd88482be8::0	383	0.02896854467689991	0.07489582836627964	0.0731070496083551	350	0.02	uncertain
GSE148071|P14	GSE148071_P14_7ccd88482be8	GSE148071	Advanced non-small cell lung cancer	epithelial_solid_default	GSE148071_P14_7ccd88482be8::1	144	0.005154966376721859	0.07489582836627964	0.0	116	0.6724137931034483	malignant
GSE148071|P15	GSE148071_P15_1c1106e5553d	GSE148071	Advanced non-small cell lung cancer	epithelial_solid_default	GSE148071_P15_1c1106e5553d::0	115	0.012765809893608093	0.06202805321663618	0.02608695652173913	67	0.5223880597014925	malignant
GSE148071|P15	GSE148071_P15_1c1106e5553d	GSE148071	Advanced non-small cell lung cancer	epithelial_solid_default	GSE148071_P15_1c1106e5553d::1	89	0.004183100536465645	0.06202805321663618	0.0	20	0.2	uncertain
GSE148071|P16	GSE148071_P16_0be17b146e0a	GSE148071	Advanced non-small cell lung cancer	epithelial_solid_default	GSE148071_P16_0be17b146e0a::0	434	0.023994313552975655	0.01514976191334427	0.5207373271889401	392	0.43112244897959184	uncertain
GSE148071|P16	GSE148071_P16_0be17b146e0a	GSE148071	Advanced non-small cell lung cancer	epithelial_solid_default	GSE148071_P16_0be17b146e0a::1	124	0.0007227323949337006	0.01514976191334427	0.0	56	0.017857142857142856	uncertain
GSE148071|P17	GSE148071_P17_40f87a38c25e	GSE148071	Advanced non-small cell lung cancer	epithelial_solid_default	GSE148071_P17_40f87a38c25e::0	4223	0.017769457772374153	0.02736064380034795	0.23608808903623016	4130	0.2595641646489104	uncertain
GSE148071|P17	GSE148071_P17_40f87a38c25e	GSE148071	Advanced non-small cell lung cancer	epithelial_solid_default	GSE148071_P17_40f87a38c25e::1	1387	0.007050151936709881	0.02736064380034795	0.0	582	0.05326460481099656	uncertain
GSE148071|P17	GSE148071_P17_40f87a38c25e	GSE148071	Advanced non-small cell lung cancer	epithelial_solid_default	GSE148071_P17_40f87a38c25e::2	588	1.251922981282405e-06	0.02736064380034795	0.0	528	0.011363636363636364	uncertain
GSE148071|P18	GSE148071_P18_0978710550aa	GSE148071	Advanced non-small cell lung cancer	epithelial_solid_default	GSE148071_P18_0978710550aa::2	151	0.06872452795505524	0.05427391704171879	0.7814569536423841	151	1.0	malignant
GSE148071|P18	GSE148071_P18_0978710550aa	GSE148071	Advanced non-small cell lung cancer	epithelial_solid_default	GSE148071_P18_0978710550aa::0	468	0.010656042955815792	0.05427391704171879	0.0	420	0.4380952380952381	uncertain
GSE148071|P18	GSE148071_P18_0978710550aa	GSE148071	Advanced non-small cell lung cancer	epithelial_solid_default	GSE148071_P18_0978710550aa::1	162	0.005917053669691086	0.05427391704171879	0.0	89	0.2247191011235955	uncertain
GSE148071|P19	GSE148071_P19_3940eb40882e	GSE148071	Advanced non-small cell lung cancer	epithelial_solid_default	GSE148071_P19_3940eb40882e::0	90	0.026329679414629936	0.045392808765172946	0.14444444444444443	0		non_malignant
GSE148071|P21	GSE148071_P21_40b048aee1aa	GSE148071	Advanced non-small cell lung cancer	epithelial_solid_default	GSE148071_P21_40b048aee1aa::0	1243	0.026698458939790726	0.01631287895143034	0.5269509251810137	1231	0.5962632006498781	malignant
GSE148071|P21	GSE148071_P21_40b048aee1aa	GSE148071	Advanced non-small cell lung cancer	epithelial_solid_default	GSE148071_P21_40b048aee1aa::1	248	0.00045357385533861816	0.01631287895143034	0.0	210	0.023809523809523808	uncertain
GSE148071|P22	GSE148071_P22_83f8781e94ae	GSE148071	Advanced non-small cell lung cancer	epithelial_solid_default	GSE148071_P22_83f8781e94ae::0	96	0.04221959039568901	0.017798671722412108	0.7708333333333334	0		malignant
GSE148071|P22	GSE148071_P22_83f8781e94ae	GSE148071	Advanced non-small cell lung cancer	epithelial_solid_default	GSE148071_P22_83f8781e94ae::1	36	0.003713548183441162	0.017798671722412108	0.0	0		non_malignant
GSE148071|P23	GSE148071_P23_891d90c74657	GSE148071	Advanced non-small cell lung cancer	epithelial_solid_default	GSE148071_P23_891d90c74657::0	476	0.03158767148852348	0.06855590790510159	0.14705882352941177	452	0.3075221238938053	uncertain
GSE148071|P23	GSE148071_P23_891d90c74657	GSE148071	Advanced non-small cell lung cancer	epithelial_solid_default	GSE148071_P23_891d90c74657::1	136	0.002933358307927847	0.06855590790510159	0.0	114	0.0	non_malignant
GSE148071|P24	GSE148071_P24_65325eddc2fd	GSE148071	Advanced non-small cell lung cancer	epithelial_solid_default	GSE148071_P24_65325eddc2fd::0	60	0.02037164196372032	0.054307591170072604	0.11666666666666667	0		non_malignant
GSE148071|P25	GSE148071_P25_286c90508d11	GSE148071	Advanced non-small cell lung cancer	epithelial_solid_default	GSE148071_P25_286c90508d11::0	1232	0.02307208813726902	0.029646077752113288	0.30357142857142855	1180	0.6923728813559322	malignant
GSE148071|P25	GSE148071_P25_286c90508d11	GSE148071	Advanced non-small cell lung cancer	epithelial_solid_default	GSE148071_P25_286c90508d11::1	255	0.0008817422785796225	0.029646077752113288	0.0	119	0.10084033613445378	uncertain
GSE148071|P25	GSE148071_P25_286c90508d11	GSE148071	Advanced non-small cell lung cancer	epithelial_solid_default	GSE148071_P25_286c90508d11::2	163	0.00019250689365435392	0.029646077752113288	0.0	105	0.11428571428571428	uncertain
GSE148071|P28	GSE148071_P28_d4a0ee0a7bf6	GSE148071	Advanced non-small cell lung cancer	epithelial_solid_default	GSE148071_P28_d4a0ee0a7bf6::1	127	0.06903399527072906	0.03486396700143809	0.984251968503937	127	0.8110236220472441	malignant
GSE148071|P28	GSE148071_P28_d4a0ee0a7bf6	GSE148071	Advanced non-small cell lung cancer	epithelial_solid_default	GSE148071_P28_d4a0ee0a7bf6::0	256	0.014532329514622688	0.03486396700143809	0.05859375	218	0.04128440366972477	uncertain
GSE148071|P29	GSE148071_P29_b0eccda6c753	GSE148071	Advanced non-small cell lung cancer	epithelial_solid_default	GSE148071_P29_b0eccda6c753::0	130	0.04306395724415779	0.015395980589091862	1.0	127	0.8818897637795275	malignant
GSE148071|P29	GSE148071_P29_b0eccda6c753	GSE148071	Advanced non-small cell lung cancer	epithelial_solid_default	GSE148071_P29_b0eccda6c753::2	76	0.003802526043727994	0.015395980589091862	0.02631578947368421	35	0.05714285714285714	uncertain
GSE148071|P29	GSE148071_P29_b0eccda6c753	GSE148071	Advanced non-small cell lung cancer	epithelial_solid_default	GSE148071_P29_b0eccda6c753::1	93	0.009261547587811947	0.015395980589091862	0.06451612903225806	57	0.10526315789473684	uncertain
GSE148071|P3	GSE148071_P3_2d0b86759a68	GSE148071	Advanced non-small cell lung cancer	epithelial_solid_default	GSE148071_P3_2d0b86759a68::0	3431	0.022488469257950783	0.04540237560868265	0.1349460798600991	3391	0.8301386021822471	malignant
GSE148071|P3	GSE148071_P3_2d0b86759a68	GSE148071	Advanced non-small cell lung cancer	epithelial_solid_default	GSE148071_P3_2d0b86759a68::1	2007	0.007503618951886892	0.04540237560868265	0.0	1204	0.19850498338870431	uncertain
GSE148071|P3	GSE148071_P3_2d0b86759a68	GSE148071	Advanced non-small cell lung cancer	epithelial_solid_default	GSE148071_P3_2d0b86759a68::2	992	0.003469310235232115	0.04540237560868265	0.0	845	0.3479289940828402	uncertain
GSE148071|P3	GSE148071_P3_2d0b86759a68	GSE148071	Advanced non-small cell lung cancer	epithelial_solid_default	GSE148071_P3_2d0b86759a68::3	272	8.941400301409885e-05	0.04540237560868265	0.0	244	0.1598360655737705	uncertain
GSE148071|P30	GSE148071_P30_384524324ba1	GSE148071	Advanced non-small cell lung cancer	epithelial_solid_default	GSE148071_P30_384524324ba1::0	338	0.03907904028892517	0.0038325951481237995	1.0	338	0.7307692307692307	malignant
GSE148071|P30	GSE148071_P30_384524324ba1	GSE148071	Advanced non-small cell lung cancer	epithelial_solid_default	GSE148071_P30_384524324ba1::1	167	0.007386821322143078	0.0038325951481237995	0.6646706586826348	162	0.3271604938271605	malignant
GSE148071|P32	GSE148071_P32_82f2f6866505	GSE148071	Advanced non-small cell lung cancer	epithelial_solid_default	GSE148071_P32_82f2f6866505::0	189	0.031243715435266495	0.017672333791851996	0.5873015873015873	172	0.5581395348837209	malignant
GSE148071|P32	GSE148071_P32_82f2f6866505	GSE148071	Advanced non-small cell lung cancer	epithelial_solid_default	GSE148071_P32_82f2f6866505::1	121	0.0036184550262987614	0.017672333791851996	0.05785123966942149	45	0.022222222222222223	uncertain
GSE148071|P34	GSE148071_P34_08a85547e3e8	GSE148071	Advanced non-small cell lung cancer	epithelial_solid_default	GSE148071_P34_08a85547e3e8::0	168	0.06218048557639122	0.030157765019684764	0.9047619047619048	168	0.8154761904761905	malignant
GSE148071|P34	GSE148071_P34_08a85547e3e8	GSE148071	Advanced non-small cell lung cancer	epithelial_solid_default	GSE148071_P34_08a85547e3e8::1	131	0.008071822114288807	0.030157765019684764	0.015267175572519083	128	0.03125	uncertain
GSE148071|P35	GSE148071_P35_2d5261df5e7a	GSE148071	Advanced non-small cell lung cancer	epithelial_solid_default	GSE148071_P35_2d5261df5e7a::0	325	0.025992490351200104	0.031261110659688604	0.3292307692307692	320	0.28125	uncertain
GSE148071|P35	GSE148071_P35_2d5261df5e7a	GSE148071	Advanced non-small cell lung cancer	epithelial_solid_default	GSE148071_P35_2d5261df5e7a::1	107	0.0013903197832405567	0.031261110659688604	0.0	82	0.0	non_malignant
GSE148071|P36	GSE148071_P36_9bf836015582	GSE148071	Advanced non-small cell lung cancer	epithelial_solid_default	GSE148071_P36_9bf836015582::0	88	0.028103459626436234	0.020680371504276998	0.45454545454545453	0		uncertain
GSE148071|P38	GSE148071_P38_fdf7fc227f79	GSE148071	Advanced non-small cell lung cancer	epithelial_solid_default	GSE148071_P38_fdf7fc227f79::0	87	0.03713859245181084	0.045864924490451826	0.3448275862068966	0		uncertain
GSE148071|P38	GSE148071_P38_fdf7fc227f79	GSE148071	Advanced non-small cell lung cancer	epithelial_solid_default	GSE148071_P38_fdf7fc227f79::1	28	0.08565765619277954	0.045864924490451826	0.9285714285714286	0		uncertain
GSE148071|P39	GSE148071_P39_2b10bec38c78	GSE148071	Advanced non-small cell lung cancer	epithelial_solid_default	GSE148071_P39_2b10bec38c78::0	222	0.04987108334898949	0.032056558728218054	0.6486486486486487	217	0.631336405529954	malignant
GSE148071|P39	GSE148071_P39_2b10bec38c78	GSE148071	Advanced non-small cell lung cancer	epithelial_solid_default	GSE148071_P39_2b10bec38c78::1	119	0.016435939818620682	0.032056558728218054	0.10084033613445378	116	0.0	non_malignant
GSE148071|P40	GSE148071_P40_0475749c0cbb	GSE148071	Advanced non-small cell lung cancer	epithelial_solid_default	GSE148071_P40_0475749c0cbb::0	83	0.023692643269896507	0.025968549400568034	0.40963855421686746	0		uncertain
GSE148071|P41	GSE148071_P41_b84d39a0c8fa	GSE148071	Advanced non-small cell lung cancer	epithelial_solid_default	GSE148071_P41_b84d39a0c8fa::0	3571	0.02391866222023964	0.060370272733271134	0.06496779613553627	3511	0.5810310452862433	malignant
GSE148071|P41	GSE148071_P41_b84d39a0c8fa	GSE148071	Advanced non-small cell lung cancer	epithelial_solid_default	GSE148071_P41_b84d39a0c8fa::1	804	0.005218410398811102	0.060370272733271134	0.0	506	0.1067193675889328	uncertain
GSE148071|P41	GSE148071_P41_b84d39a0c8fa	GSE148071	Advanced non-small cell lung cancer	epithelial_solid_default	GSE148071_P41_b84d39a0c8fa::2	459	0.0004406562075018883	0.060370272733271134	0.0	360	0.03611111111111111	uncertain
GSE148071|P41	GSE148071_P41_b84d39a0c8fa	GSE148071	Advanced non-small cell lung cancer	epithelial_solid_default	GSE148071_P41_b84d39a0c8fa::3	174	0.0025802869349718094	0.060370272733271134	0.0	148	0.05405405405405406	uncertain
GSE148071|P41	GSE148071_P41_b84d39a0c8fa	GSE148071	Advanced non-small cell lung cancer	epithelial_solid_default	GSE148071_P41_b84d39a0c8fa::4	24	0.0005035095382481813	0.060370272733271134	0.0	14	0.07142857142857142	uncertain
GSE148071|P42	GSE148071_P42_c51233c72dc0	GSE148071	Advanced non-small cell lung cancer	epithelial_solid_default	GSE148071_P42_c51233c72dc0::0	95	0.03857419639825821	0.049000244736671424	0.3368421052631579	0		uncertain
GSE148071|P5	GSE148071_P5_d1e520c9c246	GSE148071	Advanced non-small cell lung cancer	epithelial_solid_default	GSE148071_P5_d1e520c9c246::1	433	0.03828277438879013	0.0193625430203974	0.8960739030023095	432	0.5347222222222222	malignant
GSE148071|P5	GSE148071_P5_d1e520c9c246	GSE148071	Advanced non-small cell lung cancer	epithelial_solid_default	GSE148071_P5_d1e520c9c246::0	472	0.00909260381013155	0.0193625430203974	0.09745762711864407	434	0.09216589861751152	uncertain
GSE148071|P5	GSE148071_P5_d1e520c9c246	GSE148071	Advanced non-small cell lung cancer	epithelial_solid_default	GSE148071_P5_d1e520c9c246::2	42	0.00033118773717433214	0.0193625430203974	0.0	17	0.0	non_malignant
GSE148071|P6	GSE148071_P6_2e9adf9f5c1f	GSE148071	Advanced non-small cell lung cancer	epithelial_solid_default	GSE148071_P6_2e9adf9f5c1f::0	297	0.015576121397316456	0.03216467685997489	0.1447811447811448	256	0.25	uncertain
GSE148071|P7	GSE148071_P7_c50035d520cb	GSE148071	Advanced non-small cell lung cancer	epithelial_solid_default	GSE148071_P7_c50035d520cb::1	21	0.08540988713502884	0.03965523913502684	1.0	0		uncertain
GSE148071|P7	GSE148071_P7_c50035d520cb	GSE148071	Advanced non-small cell lung cancer	epithelial_solid_default	GSE148071_P7_c50035d520cb::0	75	0.023043418303132057	0.03965523913502684	0.09333333333333334	0		non_malignant
GSE148071|P8	GSE148071_P8_59d2ae998683	GSE148071	Advanced non-small cell lung cancer	epithelial_solid_default	GSE148071_P8_59d2ae998683::1	146	0.009797722101211548	0.030576076544821206	0.06164383561643835	128	0.1640625	uncertain
GSE148071|P8	GSE148071_P8_59d2ae998683	GSE148071	Advanced non-small cell lung cancer	epithelial_solid_default	GSE148071_P8_59d2ae998683::0	188	0.06753077358007431	0.030576076544821206	0.824468085106383	187	1.0	malignant
GSE148071|P9	GSE148071_P9_f0b0c8a7a97b	GSE148071	Advanced non-small cell lung cancer	epithelial_solid_default	GSE148071_P9_f0b0c8a7a97b::0	285	0.032916709780693054	0.062380976378918	0.09473684210526316	276	0.45652173913043476	uncertain
GSE148071|P9	GSE148071_P9_f0b0c8a7a97b	GSE148071	Advanced non-small cell lung cancer	epithelial_solid_default	GSE148071_P9_f0b0c8a7a97b::1	164	0.0051848446018993855	0.062380976378918	0.0	134	0.007462686567164179	uncertain
GSE141526|GSM4205686_BCC2	GSE141526_GSM4205686_BCC2_f702820a50ab	GSE141526	Basal cell carcinoma	epithelial_solid_default	GSE141526_GSM4205686_BCC2_f702820a50ab::0	2941	0.010078809224069118	0.039065752923488704	0.007140428425705543	2909	0.39429357167411483	uncertain
GSE141526|GSM4205686_BCC2	GSE141526_GSM4205686_BCC2_f702820a50ab	GSE141526	Basal cell carcinoma	epithelial_solid_default	GSE141526_GSM4205686_BCC2_f702820a50ab::1	2773	0.017766259610652924	0.039065752923488704	0.062026685899747566	2773	0.6758023800937613	malignant
GSE141526|GSM4205687_BCC3	GSE141526_GSM4205687_BCC3_796cec0b84ff	GSE141526	Basal cell carcinoma	epithelial_solid_default	GSE141526_GSM4205687_BCC3_796cec0b84ff::1	531	0.01183213572949171	0.03667800128459927	0.03766478342749529	486	0.02880658436213992	uncertain
GSE141526|GSM4205687_BCC3	GSE141526_GSM4205687_BCC3_796cec0b84ff	GSE141526	Basal cell carcinoma	epithelial_solid_default	GSE141526_GSM4205687_BCC3_796cec0b84ff::0	813	0.012552130036056042	0.03667800128459927	0.03075030750307503	803	0.12079701120797011	uncertain
GSE141526|GSM4205688_BCC8	GSE141526_GSM4205688_BCC8_f435b2ac9251	GSE141526	Basal cell carcinoma	epithelial_solid_default	GSE141526_GSM4205688_BCC8_f435b2ac9251::0	180	0.016594944521784782	0.02172423766925929	0.3277777777777778	0		uncertain
GSE141526|GSM4205689_BCC10	GSE141526_GSM4205689_BCC10_4114b438d363	GSE141526	Basal cell carcinoma	epithelial_solid_default	GSE141526_GSM4205689_BCC10_4114b438d363::0	5367	0.019280146807432175	0.025237811449915118	0.2604807154835103	5367	0.3726476616359232	uncertain
GSE141526|GSM4205689_BCC10	GSE141526_GSM4205689_BCC10_4114b438d363	GSE141526	Basal cell carcinoma	epithelial_solid_default	GSE141526_GSM4205689_BCC10_4114b438d363::1	2213	0.003693809499964118	0.025237811449915118	0.00045187528242205153	2073	0.054027978774722624	uncertain
GSE141526|GSM4205689_BCC10	GSE141526_GSM4205689_BCC10_4114b438d363	GSE141526	Basal cell carcinoma	epithelial_solid_default	GSE141526_GSM4205689_BCC10_4114b438d363::2	301	1.1129811809951207e-06	0.025237811449915118	0.0	282	0.02127659574468085	uncertain
GSE141526|GSM4205690_ADWST10	GSE141526_GSM4205690_ADWST10_cbbb2b8f9115	GSE141526	Basal cell carcinoma	epithelial_solid_default	GSE141526_GSM4205690_ADWST10_cbbb2b8f9115::0	521	0.01585470139980316	0.02662016823887825	0.12667946257197696	515	0.7378640776699029	malignant
GSE141526|GSM4205690_ADWST10	GSE141526_GSM4205690_ADWST10_cbbb2b8f9115	GSE141526	Basal cell carcinoma	epithelial_solid_default	GSE141526_GSM4205690_ADWST10_cbbb2b8f9115::1	47	0.006826324854046106	0.02662016823887825	0.0	46	0.15217391304347827	uncertain
GSE141526|GSM4205691_ADWST11	GSE141526_GSM4205691_ADWST11_e4e27dbf9097	GSE141526	Basal cell carcinoma	epithelial_solid_default	GSE141526_GSM4205691_ADWST11_e4e27dbf9097::0	816	0.016472840681672096	0.035168286561965946	0.029411764705882353	806	0.49503722084367247	uncertain
GSE222315|p1_BCa	GSE222315_p1_BCa_cdf7823b6613	GSE222315	Bladder cancer	epithelial_solid_default	GSE222315_p1_BCa_cdf7823b6613::0	181	0.11298734694719315	0.03873710136860609	1.0	181	0.9779005524861878	malignant
GSE222315|p1_BCa	GSE222315_p1_BCa_cdf7823b6613	GSE222315	Bladder cancer	epithelial_solid_default	GSE222315_p1_BCa_cdf7823b6613::1	47	0.024004241451621056	0.03873710136860609	0.23404255319148937	41	0.17073170731707318	uncertain
GSE222315|p1_BCa	GSE222315_p1_BCa_cdf7823b6613	GSE222315	Bladder cancer	epithelial_solid_default	GSE222315_p1_BCa_cdf7823b6613::2	29	0.08972635865211487	0.03873710136860609	1.0	29	0.034482758620689655	uncertain
GSE222315|p2_BCa	GSE222315_p2_BCa_5484e69065b0	GSE222315	Bladder cancer	epithelial_solid_default	GSE222315_p2_BCa_5484e69065b0::0	1054	0.02836020104587078	0.08280185349285596	0.022770398481973434	1054	0.9307400379506642	malignant
GSE222315|p2_BCa	GSE222315_p2_BCa_5484e69065b0	GSE222315	Bladder cancer	epithelial_solid_default	GSE222315_p2_BCa_5484e69065b0::1	773	0.014102441258728504	0.08280185349285596	0.0	764	0.44502617801047123	uncertain
GSE222315|p2_BCa	GSE222315_p2_BCa_5484e69065b0	GSE222315	Bladder cancer	epithelial_solid_default	GSE222315_p2_BCa_5484e69065b0::2	330	0.014404931105673313	0.08280185349285596	0.0030303030303030303	254	0.03937007874015748	uncertain
GSE222315|p2_NAT	GSE222315_p2_NAT_74e0797bc5ae	GSE222315	Bladder cancer	epithelial_solid_default	GSE222315_p2_NAT_74e0797bc5ae::0	134	0.0227114949375391	0.033553042933344886	0.23134328358208955	0		uncertain
GSE222315|p3_NAT	GSE222315_p3_NAT_5d06f2a6d587	GSE222315	Bladder cancer	epithelial_solid_default	GSE222315_p3_NAT_5d06f2a6d587::0	50	0.013768780045211315	0.04523076396435499	0.0	0		non_malignant
GSE222315|p4_NAT	GSE222315_p4_NAT_644d60f79cff	GSE222315	Bladder cancer	epithelial_solid_default	GSE222315_p4_NAT_644d60f79cff::0	197	0.022964922711253166	0.05068143948912618	0.06091370558375635	0		non_malignant
GSE222315|p5_BCa	GSE222315_p5_BCa_73ee5368377c	GSE222315	Bladder cancer	epithelial_solid_default	GSE222315_p5_BCa_73ee5368377c::0	162	0.044710539281368256	0.030876945257186848	0.5493827160493827	131	0.366412213740458	uncertain
GSE222315|p5_BCa	GSE222315_p5_BCa_73ee5368377c	GSE222315	Bladder cancer	epithelial_solid_default	GSE222315_p5_BCa_73ee5368377c::1	80	0.10306060314178467	0.030876945257186848	1.0	80	0.0	malignant
GSE222315|p5_NAT	GSE222315_p5_NAT_482be86ec3d0	GSE222315	Bladder cancer	epithelial_solid_default	GSE222315_p5_NAT_482be86ec3d0::0	126	0.034301795065402985	0.03985648136585951	0.31746031746031744	0		uncertain
GSE222315|p5_NAT	GSE222315_p5_NAT_482be86ec3d0	GSE222315	Bladder cancer	epithelial_solid_default	GSE222315_p5_NAT_482be86ec3d0::1	73	0.007654925808310509	0.03985648136585951	0.0	0		non_malignant
GSE222315|p6_BCa	GSE222315_p6_BCa_f3248ee34a28	GSE222315	Bladder cancer	epithelial_solid_default	GSE222315_p6_BCa_f3248ee34a28::0	2645	0.034072499722242355	0.03632303051650504	0.3553875236294896	2644	0.2613464447806354	uncertain
GSE222315|p6_BCa	GSE222315_p6_BCa_f3248ee34a28	GSE222315	Bladder cancer	epithelial_solid_default	GSE222315_p6_BCa_f3248ee34a28::2	319	7.584100967505947e-05	0.03632303051650504	0.0	286	0.0	non_malignant
GSE222315|p6_BCa	GSE222315_p6_BCa_f3248ee34a28	GSE222315	Bladder cancer	epithelial_solid_default	GSE222315_p6_BCa_f3248ee34a28::1	1902	0.006905105896294117	0.03632303051650504	0.010515247108307046	1888	0.0026483050847457626	uncertain
GSE222315|p7_BCa	GSE222315_p7_BCa_51bf407b9d64	GSE222315	Bladder cancer	epithelial_solid_default	GSE222315_p7_BCa_51bf407b9d64::0	2901	0.030040398240089417	0.056928114742040604	0.18510858324715615	2880	0.5503472222222222	malignant
GSE222315|p7_BCa	GSE222315_p7_BCa_51bf407b9d64	GSE222315	Bladder cancer	epithelial_solid_default	GSE222315_p7_BCa_51bf407b9d64::1	1085	1.701928681541176e-06	0.056928114742040604	0.0	924	0.012987012987012988	uncertain
GSE222315|p9_BCa	GSE222315_p9_BCa_b0fff3ce5ec0	GSE222315	Bladder cancer	epithelial_solid_default	GSE222315_p9_BCa_b0fff3ce5ec0::0	4652	0.03752674162387848	0.048051755502819725	0.31362854686156494	4632	0.8320379965457686	malignant
GSE222315|p9_BCa	GSE222315_p9_BCa_b0fff3ce5ec0	GSE222315	Bladder cancer	epithelial_solid_default	GSE222315_p9_BCa_b0fff3ce5ec0::1	1229	8.34189177112421e-06	0.048051755502819725	0.0	979	0.16649642492339123	uncertain
GSE222315|p9_BCa	GSE222315_p9_BCa_b0fff3ce5ec0	GSE222315	Bladder cancer	epithelial_solid_default	GSE222315_p9_BCa_b0fff3ce5ec0::2	25	0.0011360852513462305	0.048051755502819725	0.0	24	0.5416666666666666	uncertain
GSE161529|GSM4909253_N-PM0092-Total	GSE161529_GSM4909253_N-PM0092-Total_025ae380e310	GSE161529	Breast cancer	epithelial_solid_default	GSE161529_GSM4909253_N-PM0092-Total_025ae380e310::0	2500	0.0202937014400959	0.03944810453802349	0.132	2487	0.39284278246883797	uncertain
GSE161529|GSM4909253_N-PM0092-Total	GSE161529_GSM4909253_N-PM0092-Total_025ae380e310	GSE161529	Breast cancer	epithelial_solid_default	GSE161529_GSM4909253_N-PM0092-Total_025ae380e310::2	287	1.028620135912206e-05	0.03944810453802349	0.0	134	0.0	non_malignant
GSE161529|GSM4909253_N-PM0092-Total	GSE161529_GSM4909253_N-PM0092-Total_025ae380e310	GSE161529	Breast cancer	epithelial_solid_default	GSE161529_GSM4909253_N-PM0092-Total_025ae380e310::1	799	0.0023322058841586113	0.03944810453802349	0.0	570	0.0035087719298245615	uncertain
GSE161529|GSM4909254_N-PM0019-Total	GSE161529_GSM4909254_N-PM0019-Total_9a9c654c5456	GSE161529	Breast cancer	epithelial_solid_default	GSE161529_GSM4909254_N-PM0019-Total_9a9c654c5456::0	2791	0.020748404785990715	0.017287542223930356	0.4629165173772841	2789	0.40014342058085334	uncertain
GSE161529|GSM4909254_N-PM0019-Total	GSE161529_GSM4909254_N-PM0019-Total_9a9c654c5456	GSE161529	Breast cancer	epithelial_solid_default	GSE161529_GSM4909254_N-PM0019-Total_9a9c654c5456::2	264	1.0620836292218883e-05	0.017287542223930356	0.0	209	0.3253588516746411	uncertain
GSE161529|GSM4909254_N-PM0019-Total	GSE161529_GSM4909254_N-PM0019-Total_9a9c654c5456	GSE161529	Breast cancer	epithelial_solid_default	GSE161529_GSM4909254_N-PM0019-Total_9a9c654c5456::1	1095	0.0034354254603385925	0.017287542223930356	0.0036529680365296802	1032	0.5843023255813954	malignant
GSE161529|GSM4909256_N-PM0095-Epi	GSE161529_GSM4909256_N-PM0095-Epi_6ce419d442c4	GSE161529	Breast cancer	epithelial_solid_default	GSE161529_GSM4909256_N-PM0095-Epi_6ce419d442c4::0	3904	0.015790706500411034	0.040570800378918685	0.0233094262295082	3904	0.02817622950819672	uncertain
GSE161529|GSM4909256_N-PM0095-Epi	GSE161529_GSM4909256_N-PM0095-Epi_6ce419d442c4	GSE161529	Breast cancer	epithelial_solid_default	GSE161529_GSM4909256_N-PM0095-Epi_6ce419d442c4::1	1803	0.007726864889264107	0.040570800378918685	0.0005546311702717693	1625	0.27692307692307694	uncertain
GSE161529|GSM4909256_N-PM0095-Epi	GSE161529_GSM4909256_N-PM0095-Epi_6ce419d442c4	GSE161529	Breast cancer	epithelial_solid_default	GSE161529_GSM4909256_N-PM0095-Epi_6ce419d442c4::2	856	0.0054635945707559586	0.040570800378918685	0.0	852	0.2875586854460094	uncertain
GSE161529|GSM4909257_N-PM0095-Total	GSE161529_GSM4909257_N-PM0095-Total_1c470cdcf9ae	GSE161529	Breast cancer	epithelial_solid_default	GSE161529_GSM4909257_N-PM0095-Total_1c470cdcf9ae::0	1431	0.023140156641602516	0.02880618989467621	0.28721174004192873	1431	0.8511530398322851	malignant
GSE161529|GSM4909257_N-PM0095-Total	GSE161529_GSM4909257_N-PM0095-Total_1c470cdcf9ae	GSE161529	Breast cancer	epithelial_solid_default	GSE161529_GSM4909257_N-PM0095-Total_1c470cdcf9ae::1	401	0.0038319325540214777	0.02880618989467621	0.0	331	0.12386706948640483	uncertain
GSE161529|GSM4909257_N-PM0095-Total	GSE161529_GSM4909257_N-PM0095-Total_1c470cdcf9ae	GSE161529	Breast cancer	epithelial_solid_default	GSE161529_GSM4909257_N-PM0095-Total_1c470cdcf9ae::2	337	0.0011010244488716125	0.02880618989467621	0.0	285	0.14035087719298245	uncertain
GSE161529|GSM4909258_N-NF-Epi	GSE161529_GSM4909258_N-NF-Epi_b000db28f609	GSE161529	Breast cancer	epithelial_solid_default	GSE161529_GSM4909258_N-NF-Epi_b000db28f609::0	1965	0.013530048541724682	0.02865641238167882	0.03867684478371501	1892	0.13636363636363635	uncertain
GSE161529|GSM4909258_N-NF-Epi	GSE161529_GSM4909258_N-NF-Epi_b000db28f609	GSE161529	Breast cancer	epithelial_solid_default	GSE161529_GSM4909258_N-NF-Epi_b000db28f609::1	488	0.011149787344038486	0.02865641238167882	0.004098360655737705	406	0.6206896551724138	malignant
GSE161529|GSM4909260_N-N1105-Epi	GSE161529_GSM4909260_N-N1105-Epi_fb5973f98896	GSE161529	Breast cancer	epithelial_solid_default	GSE161529_GSM4909260_N-N1105-Epi_fb5973f98896::1	1056	0.008753012865781784	0.04816307872533798	0.0	935	0.2288770053475936	uncertain
GSE161529|GSM4909260_N-N1105-Epi	GSE161529_GSM4909260_N-N1105-Epi_fb5973f98896	GSE161529	Breast cancer	epithelial_solid_default	GSE161529_GSM4909260_N-N1105-Epi_fb5973f98896::0	2267	0.013934820890426636	0.04816307872533798	0.008381120423467137	2264	0.36881625441696114	uncertain
GSE161529|GSM4909260_N-N1105-Epi	GSE161529_GSM4909260_N-N1105-Epi_fb5973f98896	GSE161529	Breast cancer	epithelial_solid_default	GSE161529_GSM4909260_N-N1105-Epi_fb5973f98896::2	377	0.011546427384018898	0.04816307872533798	0.0	353	0.8640226628895185	malignant
GSE161529|GSM4909261_N-PM0230-Total	GSE161529_GSM4909261_N-PM0230-Total_6c1b56e40fea	GSE161529	Breast cancer	epithelial_solid_default	GSE161529_GSM4909261_N-PM0230-Total_6c1b56e40fea::1	179	0.0010560274822637439	0.008691224893555047	0.0	155	0.0	non_malignant
GSE161529|GSM4909261_N-PM0230-Total	GSE161529_GSM4909261_N-PM0230-Total_6c1b56e40fea	GSE161529	Breast cancer	epithelial_solid_default	GSE161529_GSM4909261_N-PM0230-Total_6c1b56e40fea::0	715	0.022641530260443687	0.008691224893555047	0.6881118881118881	715	0.24895104895104894	malignant
GSE161529|GSM4909262_N-MH0064-Epi	GSE161529_GSM4909262_N-MH0064-Epi_99e1fa4e7457	GSE161529	Breast cancer	epithelial_solid_default	GSE161529_GSM4909262_N-MH0064-Epi_99e1fa4e7457::1	1389	0.0033403225243091583	0.011326784230768687	0.019438444924406047	449	0.3986636971046771	uncertain
GSE161529|GSM4909262_N-MH0064-Epi	GSE161529_GSM4909262_N-MH0064-Epi_99e1fa4e7457	GSE161529	Breast cancer	epithelial_solid_default	GSE161529_GSM4909262_N-MH0064-Epi_99e1fa4e7457::0	2155	0.010307852178812027	0.011326784230768687	0.3433874709976798	1645	0.7167173252279635	malignant
GSE161529|GSM4909262_N-MH0064-Epi	GSE161529_GSM4909262_N-MH0064-Epi_99e1fa4e7457	GSE161529	Breast cancer	epithelial_solid_default	GSE161529_GSM4909262_N-MH0064-Epi_99e1fa4e7457::2	324	0.0011179449502378702	0.011326784230768687	0.0	59	0.1864406779661017	uncertain
GSE161529|GSM4909263_N-MH0064-Total	GSE161529_GSM4909263_N-MH0064-Total_6d02623c282e	GSE161529	Breast cancer	epithelial_solid_default	GSE161529_GSM4909263_N-MH0064-Total_6d02623c282e::0	517	0.01804097555577755	0.01601222636178133	0.43907156673114117	504	0.5119047619047619	malignant
GSE161529|GSM4909263_N-MH0064-Total	GSE161529_GSM4909263_N-MH0064-Total_6d02623c282e	GSE161529	Breast cancer	epithelial_solid_default	GSE161529_GSM4909263_N-MH0064-Total_6d02623c282e::1	182	0.0014896203065291047	0.01601222636178133	0.0	123	0.032520325203252036	uncertain
GSE161529|GSM4909264_N-N1B-Epi	GSE161529_GSM4909264_N-N1B-Epi_8e81f4d79aec	GSE161529	Breast cancer	epithelial_solid_default	GSE161529_GSM4909264_N-N1B-Epi_8e81f4d79aec::0	982	0.015034615062177181	0.018686138056218625	0.25661914460285135	959	0.4880083420229406	uncertain
GSE161529|GSM4909264_N-N1B-Epi	GSE161529_GSM4909264_N-N1B-Epi_8e81f4d79aec	GSE161529	Breast cancer	epithelial_solid_default	GSE161529_GSM4909264_N-N1B-Epi_8e81f4d79aec::1	690	0.0057328687980771065	0.018686138056218625	0.002898550724637681	487	0.162217659137577	uncertain
GSE161529|GSM4909265_N-PM0233-Total	GSE161529_GSM4909265_N-PM0233-Total_2c5edca32a71	GSE161529	Breast cancer	epithelial_solid_default	GSE161529_GSM4909265_N-PM0233-Total_2c5edca32a71::1	295	3.899955117958598e-05	0.009972857171669585	0.0	194	0.0	non_malignant
GSE161529|GSM4909265_N-PM0233-Total	GSE161529_GSM4909265_N-PM0233-Total_2c5edca32a71	GSE161529	Breast cancer	epithelial_solid_default	GSE161529_GSM4909265_N-PM0233-Total_2c5edca32a71::0	1965	0.021041614934802055	0.009972857171669585	0.6091603053435114	1934	0.36918304033092036	malignant
GSE161529|GSM4909265_N-PM0233-Total	GSE161529_GSM4909265_N-PM0233-Total_2c5edca32a71	GSE161529	Breast cancer	epithelial_solid_default	GSE161529_GSM4909265_N-PM0233-Total_2c5edca32a71::2	16	0.0025994470342993736	0.009972857171669585	0.0	11	0.0	non_malignant
GSE161529|GSM4909266_N-MH0169-Total	GSE161529_GSM4909266_N-MH0169-Total_20b57fa778db	GSE161529	Breast cancer	epithelial_solid_default	GSE161529_GSM4909266_N-MH0169-Total_20b57fa778db::0	397	0.03586343303322792	0.02073065355420115	0.7506297229219143	397	0.6775818639798489	malignant
GSE161529|GSM4909266_N-MH0169-Total	GSE161529_GSM4909266_N-MH0169-Total_20b57fa778db	GSE161529	Breast cancer	epithelial_solid_default	GSE161529_GSM4909266_N-MH0169-Total_20b57fa778db::1	331	0.005972769111394882	0.02073065355420115	0.030211480362537766	289	0.09688581314878893	uncertain
GSE161529|GSM4909268_N-MH0023-Total	GSE161529_GSM4909268_N-MH0023-Total_f58ae6e97664	GSE161529	Breast cancer	epithelial_solid_default	GSE161529_GSM4909268_N-MH0023-Total_f58ae6e97664::0	3325	0.019071316346526146	0.021562074013054457	0.3293233082706767	3313	0.3745849683066707	uncertain
GSE161529|GSM4909268_N-MH0023-Total	GSE161529_GSM4909268_N-MH0023-Total_f58ae6e97664	GSE161529	Breast cancer	epithelial_solid_default	GSE161529_GSM4909268_N-MH0023-Total_f58ae6e97664::2	516	2.8317458600213286e-06	0.021562074013054457	0.0	361	0.0	non_malignant
GSE161529|GSM4909268_N-MH0023-Total	GSE161529_GSM4909268_N-MH0023-Total_f58ae6e97664	GSE161529	Breast cancer	epithelial_solid_default	GSE161529_GSM4909268_N-MH0023-Total_f58ae6e97664::1	609	0.001367424614727497	0.021562074013054457	0.0	532	0.011278195488721804	uncertain
GSE161529|GSM4909268_N-MH0023-Total	GSE161529_GSM4909268_N-MH0023-Total_f58ae6e97664	GSE161529	Breast cancer	epithelial_solid_default	GSE161529_GSM4909268_N-MH0023-Total_f58ae6e97664::3	211	0.0031170968431979418	0.021562074013054457	0.004739336492890996	149	0.040268456375838924	uncertain
GSE161529|GSM4909269_N-PM0342-Epi	GSE161529_GSM4909269_N-PM0342-Epi_f5f6e6a0592e	GSE161529	Breast cancer	epithelial_solid_default	GSE161529_GSM4909269_N-PM0342-Epi_f5f6e6a0592e::0	4239	0.018625423312187195	0.02223343834280968	0.32200990799716916	4228	0.6423841059602649	malignant
GSE161529|GSM4909269_N-PM0342-Epi	GSE161529_GSM4909269_N-PM0342-Epi_f5f6e6a0592e	GSE161529	Breast cancer	epithelial_solid_default	GSE161529_GSM4909269_N-PM0342-Epi_f5f6e6a0592e::1	2568	0.004440635442733765	0.02223343834280968	0.0	2463	0.06699147381242387	uncertain
GSE161529|GSM4909269_N-PM0342-Epi	GSE161529_GSM4909269_N-PM0342-Epi_f5f6e6a0592e	GSE161529	Breast cancer	epithelial_solid_default	GSE161529_GSM4909269_N-PM0342-Epi_f5f6e6a0592e::2	231	7.331407687161118e-06	0.02223343834280968	0.0	181	0.027624309392265192	uncertain
GSE161529|GSM4909270_N-PM0342-Total	GSE161529_GSM4909270_N-PM0342-Total_37fbbc5d1f55	GSE161529	Breast cancer	epithelial_solid_default	GSE161529_GSM4909270_N-PM0342-Total_37fbbc5d1f55::1	1089	0.0021451201755553484	0.0592511686682698	0.0	964	0.002074688796680498	uncertain
GSE161529|GSM4909270_N-PM0342-Total	GSE161529_GSM4909270_N-PM0342-Total_37fbbc5d1f55	GSE161529	Breast cancer	epithelial_solid_default	GSE161529_GSM4909270_N-PM0342-Total_37fbbc5d1f55::0	2280	0.022557174786925316	0.0592511686682698	0.08333333333333333	2266	0.23389232127096204	uncertain
GSE161529|GSM4909270_N-PM0342-Total	GSE161529_GSM4909270_N-PM0342-Total_37fbbc5d1f55	GSE161529	Breast cancer	epithelial_solid_default	GSE161529_GSM4909270_N-PM0342-Total_37fbbc5d1f55::3	439	4.230814738548361e-06	0.0592511686682698	0.0	326	0.0	non_malignant
GSE161529|GSM4909270_N-PM0342-Total	GSE161529_GSM4909270_N-PM0342-Total_37fbbc5d1f55	GSE161529	Breast cancer	epithelial_solid_default	GSE161529_GSM4909270_N-PM0342-Total_37fbbc5d1f55::2	735	0.0030480956193059683	0.0592511686682698	0.0	648	0.0	non_malignant
GSE161529|GSM4909270_N-PM0342-Total	GSE161529_GSM4909270_N-PM0342-Total_37fbbc5d1f55	GSE161529	Breast cancer	epithelial_solid_default	GSE161529_GSM4909270_N-PM0342-Total_37fbbc5d1f55::4	276	0.0020959661342203617	0.0592511686682698	0.0	202	0.0	non_malignant
GSE161529|GSM4909271_N-MH288-Total	GSE161529_GSM4909271_N-MH288-Total_8ccd04c26715	GSE161529	Breast cancer	epithelial_solid_default	GSE161529_GSM4909271_N-MH288-Total_8ccd04c26715::1	457	0.02466752752661705	0.05700901243835685	0.019693654266958426	456	0.4649122807017544	uncertain
GSE161529|GSM4909271_N-MH288-Total	GSE161529_GSM4909271_N-MH288-Total_8ccd04c26715	GSE161529	Breast cancer	epithelial_solid_default	GSE161529_GSM4909271_N-MH288-Total_8ccd04c26715::0	537	0.007654612883925438	0.05700901243835685	0.00558659217877095	465	0.04516129032258064	uncertain
GSE161529|GSM4909272_N-MH0021-Total	GSE161529_GSM4909272_N-MH0021-Total_542bf98817b4	GSE161529	Breast cancer	epithelial_solid_default	GSE161529_GSM4909272_N-MH0021-Total_542bf98817b4::2	253	0.0028400712180882692	0.02773758985102175	0.0	19	0.21052631578947367	uncertain
GSE161529|GSM4909272_N-MH0021-Total	GSE161529_GSM4909272_N-MH0021-Total_542bf98817b4	GSE161529	Breast cancer	epithelial_solid_default	GSE161529_GSM4909272_N-MH0021-Total_542bf98817b4::0	630	0.009769298136234283	0.02773758985102175	0.06507936507936508	286	0.2902097902097902	uncertain
GSE161529|GSM4909272_N-MH0021-Total	GSE161529_GSM4909272_N-MH0021-Total_542bf98817b4	GSE161529	Breast cancer	epithelial_solid_default	GSE161529_GSM4909272_N-MH0021-Total_542bf98817b4::1	356	0.0019021396292373538	0.02773758985102175	0.0	23	0.043478260869565216	uncertain
GSE161529|GSM4909274_N-MH275-Total	GSE161529_GSM4909274_N-MH275-Total_867a39526b6a	GSE161529	Breast cancer	epithelial_solid_default	GSE161529_GSM4909274_N-MH275-Total_867a39526b6a::0	643	0.024594493210315704	0.046243300437927154	0.12286158631415241	642	0.6292834890965732	malignant
GSE161529|GSM4909274_N-MH275-Total	GSE161529_GSM4909274_N-MH275-Total_867a39526b6a	GSE161529	Breast cancer	epithelial_solid_default	GSE161529_GSM4909274_N-MH275-Total_867a39526b6a::1	334	0.003752890508621931	0.046243300437927154	0.0	276	0.10144927536231885	uncertain
GSE161529|GSM4909275_N-PM0372-Epi	GSE161529_GSM4909275_N-PM0372-Epi_806cd0d9a94d	GSE161529	Breast cancer	epithelial_solid_default	GSE161529_GSM4909275_N-PM0372-Epi_806cd0d9a94d::0	8135	0.015616246499121189	0.036758970431983486	0.03650891210817456	8118	0.6209657551120966	malignant
GSE161529|GSM4909275_N-PM0372-Epi	GSE161529_GSM4909275_N-PM0372-Epi_806cd0d9a94d	GSE161529	Breast cancer	epithelial_solid_default	GSE161529_GSM4909275_N-PM0372-Epi_806cd0d9a94d::1	1474	0.0043195378966629505	0.036758970431983486	0.0	1331	0.2682193839218633	uncertain
GSE161529|GSM4909275_N-PM0372-Epi	GSE161529_GSM4909275_N-PM0372-Epi_806cd0d9a94d	GSE161529	Breast cancer	epithelial_solid_default	GSE161529_GSM4909275_N-PM0372-Epi_806cd0d9a94d::2	681	0.0008536163368262351	0.036758970431983486	0.0	543	0.14732965009208104	uncertain
GSE161529|GSM4909276_N-PM0372-Total	GSE161529_GSM4909276_N-PM0372-Total_1decdb19cfde	GSE161529	Breast cancer	epithelial_solid_default	GSE161529_GSM4909276_N-PM0372-Total_1decdb19cfde::0	1755	0.023939624428749084	0.009659180855378497	0.7521367521367521	1753	0.1688533941814033	malignant
GSE161529|GSM4909276_N-PM0372-Total	GSE161529_GSM4909276_N-PM0372-Total_1decdb19cfde	GSE161529	Breast cancer	epithelial_solid_default	GSE161529_GSM4909276_N-PM0372-Total_1decdb19cfde::1	317	0.0005865732091479003	0.009659180855378497	0.0031545741324921135	277	0.0	non_malignant
GSE161529|GSM4909277_B1-KCF0894	GSE161529_GSM4909277_B1-KCF0894_0aec6c158d79	GSE161529	Breast cancer	epithelial_solid_default	GSE161529_GSM4909277_B1-KCF0894_0aec6c158d79::0	2137	0.015869570896029472	0.013005224019289002	0.45952269536733736	2068	0.7311411992263056	malignant
GSE161529|GSM4909277_B1-KCF0894	GSE161529_GSM4909277_B1-KCF0894_0aec6c158d79	GSE161529	Breast cancer	epithelial_solid_default	GSE161529_GSM4909277_B1-KCF0894_0aec6c158d79::1	477	0.0023162560537457466	0.013005224019289002	0.0020964360587002098	337	0.14540059347181009	uncertain
GSE161529|GSM4909277_B1-KCF0894	GSE161529_GSM4909277_B1-KCF0894_0aec6c158d79	GSE161529	Breast cancer	epithelial_solid_default	GSE161529_GSM4909277_B1-KCF0894_0aec6c158d79::2	428	0.0007853533024899662	0.013005224019289002	0.0	282	0.09929078014184398	uncertain
GSE161529|GSM4909278_B1-MH0033	GSE161529_GSM4909278_B1-MH0033_3d772c4c0446	GSE161529	Breast cancer	epithelial_solid_default	GSE161529_GSM4909278_B1-MH0033_3d772c4c0446::0	981	0.012534004636108875	0.01691486202180386	0.24464831804281345	809	0.17181705809641531	uncertain
GSE161529|GSM4909278_B1-MH0033	GSE161529_GSM4909278_B1-MH0033_3d772c4c0446	GSE161529	Breast cancer	epithelial_solid_default	GSE161529_GSM4909278_B1-MH0033_3d772c4c0446::1	216	0.0013505531242117286	0.01691486202180386	0.0	85	0.0	non_malignant
GSE161529|GSM4909278_B1-MH0033	GSE161529_GSM4909278_B1-MH0033_3d772c4c0446	GSE161529	Breast cancer	epithelial_solid_default	GSE161529_GSM4909278_B1-MH0033_3d772c4c0446::3	51	0.0030277578625828028	0.01691486202180386	0.0	19	0.0	non_malignant
GSE161529|GSM4909278_B1-MH0033	GSE161529_GSM4909278_B1-MH0033_3d772c4c0446	GSE161529	Breast cancer	epithelial_solid_default	GSE161529_GSM4909278_B1-MH0033_3d772c4c0446::2	183	0.003187686437740922	0.01691486202180386	0.0	75	0.013333333333333334	uncertain
GSE161529|GSM4909279_B1-MH0023	GSE161529_GSM4909279_B1-MH0023_e3b81e5b94de	GSE161529	Breast cancer	epithelial_solid_default	GSE161529_GSM4909279_B1-MH0023_e3b81e5b94de::1	423	0.002932076109573245	0.015644361153244968	0.002364066193853428	265	0.07924528301886792	uncertain
GSE161529|GSM4909279_B1-MH0023	GSE161529_GSM4909279_B1-MH0023_e3b81e5b94de	GSE161529	Breast cancer	epithelial_solid_default	GSE161529_GSM4909279_B1-MH0023_e3b81e5b94de::0	1548	0.014996109530329704	0.015644361153244968	0.35917312661498707	1478	0.4675236806495264	uncertain
GSE161529|GSM4909279_B1-MH0023	GSE161529_GSM4909279_B1-MH0023_e3b81e5b94de	GSE161529	Breast cancer	epithelial_solid_default	GSE161529_GSM4909279_B1-MH0023_e3b81e5b94de::2	216	0.0012882662704214454	0.015644361153244968	0.0	122	0.01639344262295082	uncertain
GSE161529|GSM4909280_B1-MH0090	GSE161529_GSM4909280_B1-MH0090_e1a326022563	GSE161529	Breast cancer	epithelial_solid_default	GSE161529_GSM4909280_B1-MH0090_e1a326022563::0	250	0.015186467207968235	0.030170326232910168	0.156	197	0.2639593908629442	uncertain
GSE161529|GSM4909281_TN-MH0126	GSE161529_GSM4909281_TN-MH0126_dd269b52d405	GSE161529	Breast cancer	epithelial_solid_default	GSE161529_GSM4909281_TN-MH0126_dd269b52d405::0	736	0.03491890802979469	0.0070596446702256834	0.8872282608695652	733	0.03819918144611187	malignant
GSE161529|GSM4909281_TN-MH0126	GSE161529_GSM4909281_TN-MH0126_dd269b52d405	GSE161529	Breast cancer	epithelial_solid_default	GSE161529_GSM4909281_TN-MH0126_dd269b52d405::1	346	0.061796724796295166	0.0070596446702256834	1.0	346	0.8121387283236994	malignant
GSE161529|GSM4909281_TN-MH0126	GSE161529_GSM4909281_TN-MH0126_dd269b52d405	GSE161529	Breast cancer	epithelial_solid_default	GSE161529_GSM4909281_TN-MH0126_dd269b52d405::2	86	0.0014800677308812737	0.0070596446702256834	0.023255813953488372	62	0.0	non_malignant
GSE161529|GSM4909282_TN-MH0135	GSE161529_GSM4909282_TN-MH0135_6c57bb7fba8b	GSE161529	Breast cancer	epithelial_solid_default	GSE161529_GSM4909282_TN-MH0135_6c57bb7fba8b::3	740	0.0014947603922337294	0.04776198428124191	0.0	721	0.0651872399445215	uncertain
GSE161529|GSM4909282_TN-MH0135	GSE161529_GSM4909282_TN-MH0135_6c57bb7fba8b	GSE161529	Breast cancer	epithelial_solid_default	GSE161529_GSM4909282_TN-MH0135_6c57bb7fba8b::0	6283	0.027285730466246605	0.04776198428124191	0.18016870921534298	6263	0.5577199425195594	malignant
GSE161529|GSM4909282_TN-MH0135	GSE161529_GSM4909282_TN-MH0135_6c57bb7fba8b	GSE161529	Breast cancer	epithelial_solid_default	GSE161529_GSM4909282_TN-MH0135_6c57bb7fba8b::2	822	0.0031123189255595207	0.04776198428124191	0.0	773	0.04915912031047866	uncertain
GSE161529|GSM4909282_TN-MH0135	GSE161529_GSM4909282_TN-MH0135_6c57bb7fba8b	GSE161529	Breast cancer	epithelial_solid_default	GSE161529_GSM4909282_TN-MH0135_6c57bb7fba8b::1	909	3.445422407821752e-05	0.04776198428124191	0.0	861	0.008130081300813009	uncertain
GSE161529|GSM4909283_TN-SH0106	GSE161529_GSM4909283_TN-SH0106_104c376f391f	GSE161529	Breast cancer	epithelial_solid_default	GSE161529_GSM4909283_TN-SH0106_104c376f391f::0	54	0.04852502793073654	0.032824736032634944	0.6851851851851852	0		malignant
GSE161529|GSM4909284_TN-MH0114-T2	GSE161529_GSM4909284_TN-MH0114-T2_b659039da987	GSE161529	Breast cancer	epithelial_solid_default	GSE161529_GSM4909284_TN-MH0114-T2_b659039da987::1	41	0.02529095485806465	0.04484297305345512	0.14634146341463414	0		non_malignant
GSE161529|GSM4909284_TN-MH0114-T2	GSE161529_GSM4909284_TN-MH0114-T2_b659039da987	GSE161529	Breast cancer	epithelial_solid_default	GSE161529_GSM4909284_TN-MH0114-T2_b659039da987::2	34	0.1405857652425766	0.04484297305345512	1.0	0		malignant
GSE161529|GSM4909284_TN-MH0114-T2	GSE161529_GSM4909284_TN-MH0114-T2_b659039da987	GSE161529	Breast cancer	epithelial_solid_default	GSE161529_GSM4909284_TN-MH0114-T2_b659039da987::0	67	0.023105639964342117	0.04484297305345512	0.13432835820895522	0		non_malignant
GSE161529|GSM4909285_TN-B1-MH4031	GSE161529_GSM4909285_TN-B1-MH4031_084480f3c343	GSE161529	Breast cancer	epithelial_solid_default	GSE161529_GSM4909285_TN-B1-MH4031_084480f3c343::0	4092	0.034240782260894775	0.0	1.0	4087	0.25030584781012966	malignant
GSE161529|GSM4909285_TN-B1-MH4031	GSE161529_GSM4909285_TN-B1-MH4031_084480f3c343	GSE161529	Breast cancer	epithelial_solid_default	GSE161529_GSM4909285_TN-B1-MH4031_084480f3c343::1	820	0.00575830414891243	0.0	1.0	816	0.13112745098039216	malignant
GSE161529|GSM4909285_TN-B1-MH4031	GSE161529_GSM4909285_TN-B1-MH4031_084480f3c343	GSE161529	Breast cancer	epithelial_solid_default	GSE161529_GSM4909285_TN-B1-MH4031_084480f3c343::2	252	1.955180414370261e-05	0.0	1.0	207	0.00966183574879227	malignant
GSE161529|GSM4909286_TN-B1-MH0131	GSE161529_GSM4909286_TN-B1-MH0131_3a6618499176	GSE161529	Breast cancer	epithelial_solid_default	GSE161529_GSM4909286_TN-B1-MH0131_3a6618499176::0	3748	0.02253779210150242	0.009091992238536479	0.7235859124866596	3726	0.4691358024691358	malignant
GSE161529|GSM4909286_TN-B1-MH0131	GSE161529_GSM4909286_TN-B1-MH0131_3a6618499176	GSE161529	Breast cancer	epithelial_solid_default	GSE161529_GSM4909286_TN-B1-MH0131_3a6618499176::1	1081	0.004219566937536001	0.009091992238536479	0.09620721554116558	1047	0.039159503342884434	uncertain
GSE161529|GSM4909286_TN-B1-MH0131	GSE161529_GSM4909286_TN-B1-MH0131_3a6618499176	GSE161529	Breast cancer	epithelial_solid_default	GSE161529_GSM4909286_TN-B1-MH0131_3a6618499176::2	326	3.1805262551642954e-05	0.009091992238536479	0.0	221	0.004524886877828055	uncertain
GSE161529|GSM4909287_TN-B1-Tum0554	GSE161529_GSM4909287_TN-B1-Tum0554_5ce0d1a08fb2	GSE161529	Breast cancer	epithelial_solid_default	GSE161529_GSM4909287_TN-B1-Tum0554_5ce0d1a08fb2::1	229	0.02198825031518936	0.03557772822678084	0.18777292576419213	226	0.22123893805309736	uncertain
GSE161529|GSM4909287_TN-B1-Tum0554	GSE161529_GSM4909287_TN-B1-Tum0554_5ce0d1a08fb2	GSE161529	Breast cancer	epithelial_solid_default	GSE161529_GSM4909287_TN-B1-Tum0554_5ce0d1a08fb2::2	195	0.0005826919805258512	0.03557772822678084	0.0	151	0.0	non_malignant
GSE161529|GSM4909287_TN-B1-Tum0554	GSE161529_GSM4909287_TN-B1-Tum0554_5ce0d1a08fb2	GSE161529	Breast cancer	epithelial_solid_default	GSE161529_GSM4909287_TN-B1-Tum0554_5ce0d1a08fb2::0	727	0.09098171442747116	0.03557772822678084	0.9202200825309491	727	0.9972489683631361	malignant
GSE161529|GSM4909288_TN-B1-MH0177	GSE161529_GSM4909288_TN-B1-MH0177_5a53c137271a	GSE161529	Breast cancer	epithelial_solid_default	GSE161529_GSM4909288_TN-B1-MH0177_5a53c137271a::1	105	0.060795996338129044	0.0374001920595766	0.780952380952381	105	0.9142857142857143	malignant
GSE161529|GSM4909288_TN-B1-MH0177	GSE161529_GSM4909288_TN-B1-MH0177_5a53c137271a	GSE161529	Breast cancer	epithelial_solid_default	GSE161529_GSM4909288_TN-B1-MH0177_5a53c137271a::0	357	0.0153676001355052	0.0374001920595766	0.09803921568627451	284	0.014084507042253521	uncertain
GSE161529|GSM4909289_HER2-AH0308	GSE161529_GSM4909289_HER2-AH0308_49c3af8289e6	GSE161529	Breast cancer	epithelial_solid_default	GSE161529_GSM4909289_HER2-AH0308_49c3af8289e6::0	2564	0.0256604366004467	0.013458080487325792	0.6922776911076443	2526	0.7830562153602534	malignant
GSE161529|GSM4909289_HER2-AH0308	GSE161529_GSM4909289_HER2-AH0308_49c3af8289e6	GSE161529	Breast cancer	epithelial_solid_default	GSE161529_GSM4909289_HER2-AH0308_49c3af8289e6::2	267	0.02579803206026554	0.013458080487325792	0.7677902621722846	264	0.07575757575757576	malignant
GSE161529|GSM4909289_HER2-AH0308	GSE161529_GSM4909289_HER2-AH0308_49c3af8289e6	GSE161529	Breast cancer	epithelial_solid_default	GSE161529_GSM4909289_HER2-AH0308_49c3af8289e6::1	348	0.0002887308655772358	0.013458080487325792	0.0	197	0.0	non_malignant
GSE161529|GSM4909290_HER2-PM0337	GSE161529_GSM4909290_HER2-PM0337_d8cada1d9194	GSE161529	Breast cancer	epithelial_solid_default	GSE161529_GSM4909290_HER2-PM0337_d8cada1d9194::0	3090	0.04386257752776146	0.015597277684137255	0.8543689320388349	3052	0.6317169069462647	malignant
GSE161529|GSM4909290_HER2-PM0337	GSE161529_GSM4909290_HER2-PM0337_d8cada1d9194	GSE161529	Breast cancer	epithelial_solid_default	GSE161529_GSM4909290_HER2-PM0337_d8cada1d9194::2	35	0.0007232927600853145	0.015597277684137255	0.0	20	0.0	non_malignant
GSE161529|GSM4909290_HER2-PM0337	GSE161529_GSM4909290_HER2-PM0337_d8cada1d9194	GSE161529	Breast cancer	epithelial_solid_default	GSE161529_GSM4909290_HER2-PM0337_d8cada1d9194::1	240	4.2240462789777666e-05	0.015597277684137255	0.0	41	0.0	non_malignant
GSE161529|GSM4909291_HER2-MH0031	GSE161529_GSM4909291_HER2-MH0031_c9945e56497c	GSE161529	Breast cancer	epithelial_solid_default	GSE161529_GSM4909291_HER2-MH0031_c9945e56497c::0	1182	0.022308794781565666	0.017774999141693115	0.5101522842639594	958	0.11795407098121086	uncertain
GSE161529|GSM4909291_HER2-MH0031	GSE161529_GSM4909291_HER2-MH0031_c9945e56497c	GSE161529	Breast cancer	epithelial_solid_default	GSE161529_GSM4909291_HER2-MH0031_c9945e56497c::1	341	0.005242385435849428	0.017774999141693115	0.002932551319648094	128	0.0	non_malignant
GSE161529|GSM4909292_HER2-MH0069	GSE161529_GSM4909292_HER2-MH0069_1c135fa3c5cd	GSE161529	Breast cancer	epithelial_solid_default	GSE161529_GSM4909292_HER2-MH0069_1c135fa3c5cd::0	106	0.030853528529405594	0.0324212465435266	0.41509433962264153	0		uncertain
GSE161529|GSM4909292_HER2-MH0069	GSE161529_GSM4909292_HER2-MH0069_1c135fa3c5cd	GSE161529	Breast cancer	epithelial_solid_default	GSE161529_GSM4909292_HER2-MH0069_1c135fa3c5cd::1	48	0.0018027207115665078	0.0324212465435266	0.020833333333333332	0		non_malignant
GSE161529|GSM4909293_HER2-MH0161	GSE161529_GSM4909293_HER2-MH0161_e6b14d21f8bc	GSE161529	Breast cancer	epithelial_solid_default	GSE161529_GSM4909293_HER2-MH0161_e6b14d21f8bc::0	1981	0.022646332159638405	0.01600840298458924	0.5482079757698132	1968	0.9664634146341463	malignant
GSE161529|GSM4909293_HER2-MH0161	GSE161529_GSM4909293_HER2-MH0161_e6b14d21f8bc	GSE161529	Breast cancer	epithelial_solid_default	GSE161529_GSM4909293_HER2-MH0161_e6b14d21f8bc::1	1549	0.023636406287550926	0.01600840298458924	0.55390574564235	1519	0.9170506912442397	malignant
GSE161529|GSM4909293_HER2-MH0161	GSE161529_GSM4909293_HER2-MH0161_e6b14d21f8bc	GSE161529	Breast cancer	epithelial_solid_default	GSE161529_GSM4909293_HER2-MH0161_e6b14d21f8bc::2	388	6.827867036918178e-05	0.01600840298458924	0.0	217	0.39631336405529954	uncertain
GSE161529|GSM4909293_HER2-MH0161	GSE161529_GSM4909293_HER2-MH0161_e6b14d21f8bc	GSE161529	Breast cancer	epithelial_solid_default	GSE161529_GSM4909293_HER2-MH0161_e6b14d21f8bc::3	60	0.0017858821665868163	0.01600840298458924	0.0	43	0.20930232558139536	uncertain
GSE161529|GSM4909294_HER2-MH0176	GSE161529_GSM4909294_HER2-MH0176_a53d3021c983	GSE161529	Breast cancer	epithelial_solid_default	GSE161529_GSM4909294_HER2-MH0176_a53d3021c983::0	4121	0.031804393976926804	0.014883737657219186	0.6942489686969182	3724	0.7569817400644469	malignant
GSE161529|GSM4909294_HER2-MH0176	GSE161529_GSM4909294_HER2-MH0176_a53d3021c983	GSE161529	Breast cancer	epithelial_solid_default	GSE161529_GSM4909294_HER2-MH0176_a53d3021c983::1	1566	9.64017726801103e-06	0.014883737657219186	0.0	136	0.0	non_malignant
GSE161529|GSM4909295_ER-AH0319	GSE161529_GSM4909295_ER-AH0319_d7bc565d1965	GSE161529	Breast cancer	epithelial_solid_default	GSE161529_GSM4909295_ER-AH0319_d7bc565d1965::0	364	0.06840090453624725	0.03158760104328395	0.9148351648351648	361	0.9196675900277008	malignant
GSE161529|GSM4909295_ER-AH0319	GSE161529_GSM4909295_ER-AH0319_d7bc565d1965	GSE161529	Breast cancer	epithelial_solid_default	GSE161529_GSM4909295_ER-AH0319_d7bc565d1965::1	203	0.008087780326604843	0.03158760104328395	0.04926108374384237	159	0.031446540880503145	uncertain
GSE161529|GSM4909296_ER-MH0001	GSE161529_GSM4909296_ER-MH0001_79ea82a92b1d	GSE161529	Breast cancer	epithelial_solid_default	GSE161529_GSM4909296_ER-MH0001_79ea82a92b1d::0	3643	0.009583386592566967	0.018069063499569868	0.1512489706286028	716	0.4483240223463687	uncertain
GSE161529|GSM4909296_ER-MH0001	GSE161529_GSM4909296_ER-MH0001_79ea82a92b1d	GSE161529	Breast cancer	epithelial_solid_default	GSE161529_GSM4909296_ER-MH0001_79ea82a92b1d::1	1273	0.0009935621637851	0.018069063499569868	0.0	4	0.0	non_malignant
GSE161529|GSM4909296_ER-MH0001	GSE161529_GSM4909296_ER-MH0001_79ea82a92b1d	GSE161529	Breast cancer	epithelial_solid_default	GSE161529_GSM4909296_ER-MH0001_79ea82a92b1d::2	399	1.2796465398423607e-06	0.018069063499569868	0.0	0		non_malignant
GSE161529|GSM4909297_ER-MH0125	GSE161529_GSM4909297_ER-MH0125_f986fe589f76	GSE161529	Breast cancer	epithelial_solid_default	GSE161529_GSM4909297_ER-MH0125_f986fe589f76::2	764	3.492288271900179e-07	0.02486296258866796	0.0	0		non_malignant
GSE161529|GSM4909297_ER-MH0125	GSE161529_GSM4909297_ER-MH0125_f986fe589f76	GSE161529	Breast cancer	epithelial_solid_default	GSE161529_GSM4909297_ER-MH0125_f986fe589f76::0	3454	0.011273487471044064	0.02486296258866796	0.14186450492182975	1222	0.20458265139116202	uncertain
GSE161529|GSM4909297_ER-MH0125	GSE161529_GSM4909297_ER-MH0125_f986fe589f76	GSE161529	Breast cancer	epithelial_solid_default	GSE161529_GSM4909297_ER-MH0125_f986fe589f76::1	1927	0.0010324399918317795	0.02486296258866796	0.0	27	0.0	non_malignant
GSE161529|GSM4909298_ER-PM0360	GSE161529_GSM4909298_ER-PM0360_700f93576365	GSE161529	Breast cancer	epithelial_solid_default	GSE161529_GSM4909298_ER-PM0360_700f93576365::0	1380	0.04084576666355133	0.010048086578026263	0.9297101449275362	1370	0.9824817518248176	malignant
GSE161529|GSM4909298_ER-PM0360	GSE161529_GSM4909298_ER-PM0360_700f93576365	GSE161529	Breast cancer	epithelial_solid_default	GSE161529_GSM4909298_ER-PM0360_700f93576365::1	366	0.013376872055232525	0.010048086578026263	0.30601092896174864	324	0.4104938271604938	uncertain
GSE161529|GSM4909298_ER-PM0360	GSE161529_GSM4909298_ER-PM0360_700f93576365	GSE161529	Breast cancer	epithelial_solid_default	GSE161529_GSM4909298_ER-PM0360_700f93576365::2	132	6.579167529707775e-05	0.010048086578026263	0.0	36	0.3333333333333333	uncertain
GSE161529|GSM4909299_ER-MH0114-T3	GSE161529_GSM4909299_ER-MH0114-T3_e6dadcd5037d	GSE161529	Breast cancer	epithelial_solid_default	GSE161529_GSM4909299_ER-MH0114-T3_e6dadcd5037d::1	819	0.001503659412264824	0.025861435662954985	0.0	606	0.0231023102310231	uncertain
GSE161529|GSM4909299_ER-MH0114-T3	GSE161529_GSM4909299_ER-MH0114-T3_e6dadcd5037d	GSE161529	Breast cancer	epithelial_solid_default	GSE161529_GSM4909299_ER-MH0114-T3_e6dadcd5037d::0	4162	0.014159404672682285	0.025861435662954985	0.1653051417587698	3963	0.2699974766590966	uncertain
GSE161529|GSM4909299_ER-MH0114-T3	GSE161529_GSM4909299_ER-MH0114-T3_e6dadcd5037d	GSE161529	Breast cancer	epithelial_solid_default	GSE161529_GSM4909299_ER-MH0114-T3_e6dadcd5037d::2	378	0.0026735994033515453	0.025861435662954985	0.0	260	0.026923076923076925	uncertain
GSE161529|GSM4909299_ER-MH0114-T3	GSE161529_GSM4909299_ER-MH0114-T3_e6dadcd5037d	GSE161529	Breast cancer	epithelial_solid_default	GSE161529_GSM4909299_ER-MH0114-T3_e6dadcd5037d::4	102	0.0023672976531088352	0.025861435662954985	0.0	50	0.0	non_malignant
GSE161529|GSM4909299_ER-MH0114-T3	GSE161529_GSM4909299_ER-MH0114-T3_e6dadcd5037d	GSE161529	Breast cancer	epithelial_solid_default	GSE161529_GSM4909299_ER-MH0114-T3_e6dadcd5037d::3	236	8.088994036370423e-06	0.025861435662954985	0.0	120	0.0	non_malignant
GSE161529|GSM4909300_ER-MH0032	GSE161529_GSM4909300_ER-MH0032_f39e02205b68	GSE161529	Breast cancer	epithelial_solid_default	GSE161529_GSM4909300_ER-MH0032_f39e02205b68::0	334	0.013068190775811672	0.02260351527482274	0.2155688622754491	292	0.02054794520547945	uncertain
GSE161529|GSM4909300_ER-MH0032	GSE161529_GSM4909300_ER-MH0032_f39e02205b68	GSE161529	Breast cancer	epithelial_solid_default	GSE161529_GSM4909300_ER-MH0032_f39e02205b68::2	84	0.048166848719120026	0.02260351527482274	0.9642857142857143	83	1.0	malignant
GSE161529|GSM4909300_ER-MH0032	GSE161529_GSM4909300_ER-MH0032_f39e02205b68	GSE161529	Breast cancer	epithelial_solid_default	GSE161529_GSM4909300_ER-MH0032_f39e02205b68::1	109	3.330205800011754e-05	0.02260351527482274	0.0	49	0.0	non_malignant
GSE161529|GSM4909301_ER-MH0042	GSE161529_GSM4909301_ER-MH0042_291acf6afab3	GSE161529	Breast cancer	epithelial_solid_default	GSE161529_GSM4909301_ER-MH0042_291acf6afab3::1	998	0.003204748500138521	0.022975826803594824	0.0	136	0.014705882352941176	uncertain
GSE161529|GSM4909301_ER-MH0042	GSE161529_GSM4909301_ER-MH0042_291acf6afab3	GSE161529	Breast cancer	epithelial_solid_default	GSE161529_GSM4909301_ER-MH0042_291acf6afab3::0	1900	0.015282200649380684	0.022975826803594824	0.21263157894736842	1240	0.06854838709677419	uncertain
GSE161529|GSM4909302_ER-MH0025	GSE161529_GSM4909302_ER-MH0025_afc87eada2f2	GSE161529	Breast cancer	epithelial_solid_default	GSE161529_GSM4909302_ER-MH0025_afc87eada2f2::0	2641	0.022167949005961418	0.03116917632520198	0.2336236274138584	2589	0.30436461954422556	uncertain
GSE161529|GSM4909302_ER-MH0025	GSE161529_GSM4909302_ER-MH0025_afc87eada2f2	GSE161529	Breast cancer	epithelial_solid_default	GSE161529_GSM4909302_ER-MH0025_afc87eada2f2::2	201	4.008031464763917e-05	0.03116917632520198	0.0	126	0.0	non_malignant
GSE161529|GSM4909302_ER-MH0025	GSE161529_GSM4909302_ER-MH0025_afc87eada2f2	GSE161529	Breast cancer	epithelial_solid_default	GSE161529_GSM4909302_ER-MH0025_afc87eada2f2::1	942	0.002200929680839181	0.03116917632520198	0.0	586	0.0017064846416382253	uncertain
GSE161529|GSM4909302_ER-MH0025	GSE161529_GSM4909302_ER-MH0025_afc87eada2f2	GSE161529	Breast cancer	epithelial_solid_default	GSE161529_GSM4909302_ER-MH0025_afc87eada2f2::3	155	0.0008145517203956842	0.03116917632520198	0.0	100	0.0	non_malignant
GSE161529|GSM4909303_ER-MH0151	GSE161529_GSM4909303_ER-MH0151_aad56d72bf9a	GSE161529	Breast cancer	epithelial_solid_default	GSE161529_GSM4909303_ER-MH0151_aad56d72bf9a::1	257	0.021700076758861542	0.018580216243863083	0.41245136186770426	256	0.05859375	uncertain
GSE161529|GSM4909303_ER-MH0151	GSE161529_GSM4909303_ER-MH0151_aad56d72bf9a	GSE161529	Breast cancer	epithelial_solid_default	GSE161529_GSM4909303_ER-MH0151_aad56d72bf9a::0	273	0.07611768692731857	0.018580216243863083	0.9926739926739927	273	0.9963369963369964	malignant
GSE161529|GSM4909303_ER-MH0151	GSE161529_GSM4909303_ER-MH0151_aad56d72bf9a	GSE161529	Breast cancer	epithelial_solid_default	GSE161529_GSM4909303_ER-MH0151_aad56d72bf9a::3	108	0.00042131025111302733	0.018580216243863083	0.0	79	0.02531645569620253	uncertain
GSE161529|GSM4909303_ER-MH0151	GSE161529_GSM4909303_ER-MH0151_aad56d72bf9a	GSE161529	Breast cancer	epithelial_solid_default	GSE161529_GSM4909303_ER-MH0151_aad56d72bf9a::2	108	0.03270863741636276	0.018580216243863083	0.7777777777777778	108	0.0	malignant
GSE161529|GSM4909304_ER-MH0163	GSE161529_GSM4909304_ER-MH0163_cf23c4615843	GSE161529	Breast cancer	epithelial_solid_default	GSE161529_GSM4909304_ER-MH0163_cf23c4615843::0	3988	0.016851365566253662	0.01178818367421627	0.5702106318956871	3797	0.6144324466684224	malignant
GSE161529|GSM4909304_ER-MH0163	GSE161529_GSM4909304_ER-MH0163_cf23c4615843	GSE161529	Breast cancer	epithelial_solid_default	GSE161529_GSM4909304_ER-MH0163_cf23c4615843::1	848	0.004163306672126055	0.01178818367421627	0.020047169811320754	438	0.19406392694063926	uncertain
GSE161529|GSM4909304_ER-MH0163	GSE161529_GSM4909304_ER-MH0163_cf23c4615843	GSE161529	Breast cancer	epithelial_solid_default	GSE161529_GSM4909304_ER-MH0163_cf23c4615843::2	346	0.0016843340126797557	0.01178818367421627	0.0	198	0.16161616161616163	uncertain
GSE161529|GSM4909305_ER-MH0029-7C	GSE161529_GSM4909305_ER-MH0029-7C_db0ee654d109	GSE161529	Breast cancer	epithelial_solid_default	GSE161529_GSM4909305_ER-MH0029-7C_db0ee654d109::0	1038	0.024998323991894722	0.013286478668451354	0.6811175337186898	1037	0.8514946962391514	malignant
GSE161529|GSM4909305_ER-MH0029-7C	GSE161529_GSM4909305_ER-MH0029-7C_db0ee654d109	GSE161529	Breast cancer	epithelial_solid_default	GSE161529_GSM4909305_ER-MH0029-7C_db0ee654d109::1	953	0.00536681804805994	0.013286478668451354	0.033578174186778595	880	0.2852272727272727	uncertain
GSE161529|GSM4909305_ER-MH0029-7C	GSE161529_GSM4909305_ER-MH0029-7C_db0ee654d109	GSE161529	Breast cancer	epithelial_solid_default	GSE161529_GSM4909305_ER-MH0029-7C_db0ee654d109::2	316	0.0063950554467737675	0.013286478668451354	0.1550632911392405	242	0.008264462809917356	uncertain
GSE161529|GSM4909306_ER-MH0029-9C	GSE161529_GSM4909306_ER-MH0029-9C_60f0d642f3ef	GSE161529	Breast cancer	epithelial_solid_default	GSE161529_GSM4909306_ER-MH0029-9C_60f0d642f3ef::2	517	0.0002879572275560349	0.01838702710345383	0.0	226	0.3805309734513274	uncertain
GSE161529|GSM4909306_ER-MH0029-9C	GSE161529_GSM4909306_ER-MH0029-9C_60f0d642f3ef	GSE161529	Breast cancer	epithelial_solid_default	GSE161529_GSM4909306_ER-MH0029-9C_60f0d642f3ef::0	4616	0.019190458580851555	0.01838702710345383	0.3799826689774697	4237	0.7776728817559594	malignant
GSE161529|GSM4909306_ER-MH0029-9C	GSE161529_GSM4909306_ER-MH0029-9C_60f0d642f3ef	GSE161529	Breast cancer	epithelial_solid_default	GSE161529_GSM4909306_ER-MH0029-9C_60f0d642f3ef::1	1112	0.00265698553994298	0.01838702710345383	0.0017985611510791368	779	0.7265725288831836	malignant
GSE161529|GSM4909306_ER-MH0029-9C	GSE161529_GSM4909306_ER-MH0029-9C_60f0d642f3ef	GSE161529	Breast cancer	epithelial_solid_default	GSE161529_GSM4909306_ER-MH0029-9C_60f0d642f3ef::3	364	0.002943476429209113	0.01838702710345383	0.0	200	0.12	uncertain
GSE161529|GSM4909306_ER-MH0029-9C	GSE161529_GSM4909306_ER-MH0029-9C_60f0d642f3ef	GSE161529	Breast cancer	epithelial_solid_default	GSE161529_GSM4909306_ER-MH0029-9C_60f0d642f3ef::4	12	0.0003631211584433913	0.01838702710345383	0.0	8	0.5	uncertain
GSE161529|GSM4909307_ER-MH0040	GSE161529_GSM4909307_ER-MH0040_a73b41369786	GSE161529	Breast cancer	epithelial_solid_default	GSE161529_GSM4909307_ER-MH0040_a73b41369786::1	1504	0.0034700999967753887	0.025791808217764008	0.0	862	0.02668213457076566	uncertain
GSE161529|GSM4909307_ER-MH0040	GSE161529_GSM4909307_ER-MH0040_a73b41369786	GSE161529	Breast cancer	epithelial_solid_default	GSE161529_GSM4909307_ER-MH0040_a73b41369786::0	3547	0.017725542187690735	0.025791808217764008	0.2224414998590358	3158	0.28372387587080433	uncertain
GSE161529|GSM4909307_ER-MH0040	GSE161529_GSM4909307_ER-MH0040_a73b41369786	GSE161529	Breast cancer	epithelial_solid_default	GSE161529_GSM4909307_ER-MH0040_a73b41369786::2	425	0.0004100866208318621	0.025791808217764008	0.0	170	0.0	non_malignant
GSE161529|GSM4909308_ER-MH0040-LN	GSE161529_GSM4909308_ER-MH0040-LN_e34a8d5e8bf2	GSE161529	Breast cancer	epithelial_solid_default	GSE161529_GSM4909308_ER-MH0040-LN_e34a8d5e8bf2::0	3943	0.021156638860702515	0.014066377561539436	0.5082424549835151	3916	0.4004085801838611	uncertain
GSE161529|GSM4909308_ER-MH0040-LN	GSE161529_GSM4909308_ER-MH0040-LN_e34a8d5e8bf2	GSE161529	Breast cancer	epithelial_solid_default	GSE161529_GSM4909308_ER-MH0040-LN_e34a8d5e8bf2::1	813	0.003752931021153927	0.014066377561539436	0.017220172201722016	770	0.06103896103896104	uncertain
GSE161529|GSM4909308_ER-MH0040-LN	GSE161529_GSM4909308_ER-MH0040-LN_e34a8d5e8bf2	GSE161529	Breast cancer	epithelial_solid_default	GSE161529_GSM4909308_ER-MH0040-LN_e34a8d5e8bf2::2	211	1.4956362065277062e-05	0.014066377561539436	0.0	137	0.0072992700729927005	uncertain
GSE161529|GSM4909309_ER-MH0043-T	GSE161529_GSM4909309_ER-MH0043-T_ebe3a8f3707f	GSE161529	Breast cancer	epithelial_solid_default	GSE161529_GSM4909309_ER-MH0043-T_ebe3a8f3707f::2	284	0.00029038681532256305	0.00665862504392857	0.007042253521126761	120	0.0	non_malignant
GSE161529|GSM4909309_ER-MH0043-T	GSE161529_GSM4909309_ER-MH0043-T_ebe3a8f3707f	GSE161529	Breast cancer	epithelial_solid_default	GSE161529_GSM4909309_ER-MH0043-T_ebe3a8f3707f::0	1868	0.027511470019817352	0.00665862504392857	0.867237687366167	1728	0.3570601851851852	malignant
GSE161529|GSM4909309_ER-MH0043-T	GSE161529_GSM4909309_ER-MH0043-T_ebe3a8f3707f	GSE161529	Breast cancer	epithelial_solid_default	GSE161529_GSM4909309_ER-MH0043-T_ebe3a8f3707f::1	514	0.0028338662814348936	0.00665862504392857	0.03501945525291829	263	0.0	non_malignant
GSE161529|GSM4909310_ER-MH0043-LN	GSE161529_GSM4909310_ER-MH0043-LN_d6e2ebdf2424	GSE161529	Breast cancer	epithelial_solid_default	GSE161529_GSM4909310_ER-MH0043-LN_d6e2ebdf2424::0	391	0.01723499782383442	0.011375179681926938	0.5038363171355499	375	0.11733333333333333	uncertain
GSE161529|GSM4909310_ER-MH0043-LN	GSE161529_GSM4909310_ER-MH0043-LN_d6e2ebdf2424	GSE161529	Breast cancer	epithelial_solid_default	GSE161529_GSM4909310_ER-MH0043-LN_d6e2ebdf2424::1	49	0.0003699265653267503	0.011375179681926938	0.0	16	0.0	non_malignant
GSE161529|GSM4909311_ER-MH0056-T	GSE161529_GSM4909311_ER-MH0056-T_e4afe663adb0	GSE161529	Breast cancer	epithelial_solid_default	GSE161529_GSM4909311_ER-MH0056-T_e4afe663adb0::1	580	0.0012918165884912014	0.013245338946580865	0.0	0		non_malignant
GSE161529|GSM4909311_ER-MH0056-T	GSE161529_GSM4909311_ER-MH0056-T_e4afe663adb0	GSE161529	Breast cancer	epithelial_solid_default	GSE161529_GSM4909311_ER-MH0056-T_e4afe663adb0::0	2317	0.004578500986099243	0.013245338946580865	0.05826499784203712	15	0.8666666666666667	malignant
GSE161529|GSM4909311_ER-MH0056-T	GSE161529_GSM4909311_ER-MH0056-T_e4afe663adb0	GSE161529	Breast cancer	epithelial_solid_default	GSE161529_GSM4909311_ER-MH0056-T_e4afe663adb0::2	108	0.001969222677871585	0.013245338946580865	0.0	0		non_malignant
GSE161529|GSM4909312_ER-MH0056-LN	GSE161529_GSM4909312_ER-MH0056-LN_69cbc1ea25d9	GSE161529	Breast cancer	epithelial_solid_default	GSE161529_GSM4909312_ER-MH0056-LN_69cbc1ea25d9::0	4330	0.011134401895105839	0.00960029434412718	0.3935334872979215	1478	0.3010825439783491	uncertain
GSE161529|GSM4909312_ER-MH0056-LN	GSE161529_GSM4909312_ER-MH0056-LN_69cbc1ea25d9	GSE161529	Breast cancer	epithelial_solid_default	GSE161529_GSM4909312_ER-MH0056-LN_69cbc1ea25d9::2	297	0.00013055559247732162	0.00960029434412718	0.0	3	0.0	non_malignant
GSE161529|GSM4909312_ER-MH0056-LN	GSE161529_GSM4909312_ER-MH0056-LN_69cbc1ea25d9	GSE161529	Breast cancer	epithelial_solid_default	GSE161529_GSM4909312_ER-MH0056-LN_69cbc1ea25d9::1	2210	0.0019266597228124738	0.00960029434412718	0.0018099547511312218	95	0.031578947368421054	uncertain
GSE161529|GSM4909312_ER-MH0056-LN	GSE161529_GSM4909312_ER-MH0056-LN_69cbc1ea25d9	GSE161529	Breast cancer	epithelial_solid_default	GSE161529_GSM4909312_ER-MH0056-LN_69cbc1ea25d9::3	81	0.000311207928461954	0.00960029434412718	0.0	0		non_malignant
GSE161529|GSM4909313_ER-MH0064-T	GSE161529_GSM4909313_ER-MH0064-T_0f2d09e5f02f	GSE161529	Breast cancer	epithelial_solid_default	GSE161529_GSM4909313_ER-MH0064-T_0f2d09e5f02f::2	809	0.0020735657308250666	0.027303506992757305	0.0	172	0.3546511627906977	uncertain
GSE161529|GSM4909313_ER-MH0064-T	GSE161529_GSM4909313_ER-MH0064-T_0f2d09e5f02f	GSE161529	Breast cancer	epithelial_solid_default	GSE161529_GSM4909313_ER-MH0064-T_0f2d09e5f02f::0	1590	0.008151455782353878	0.027303506992757305	0.03710691823899371	567	0.9400352733686067	malignant
GSE161529|GSM4909313_ER-MH0064-T	GSE161529_GSM4909313_ER-MH0064-T_0f2d09e5f02f	GSE161529	Breast cancer	epithelial_solid_default	GSE161529_GSM4909313_ER-MH0064-T_0f2d09e5f02f::1	859	0.01407010667026043	0.027303506992757305	0.14551804423748546	620	0.18064516129032257	uncertain
GSE161529|GSM4909313_ER-MH0064-T	GSE161529_GSM4909313_ER-MH0064-T_0f2d09e5f02f	GSE161529	Breast cancer	epithelial_solid_default	GSE161529_GSM4909313_ER-MH0064-T_0f2d09e5f02f::3	132	2.426922401355114e-05	0.027303506992757305	0.0	6	0.6666666666666666	malignant
GSE161529|GSM4909314_ER-MH0064-LN	GSE161529_GSM4909314_ER-MH0064-LN_0dfcda2cba1c	GSE161529	Breast cancer	epithelial_solid_default	GSE161529_GSM4909314_ER-MH0064-LN_0dfcda2cba1c::0	431	0.01305440254509449	0.014228253830224266	0.35266821345707655	109	0.3486238532110092	uncertain
GSE161529|GSM4909315_ER-MH0167-T	GSE161529_GSM4909315_ER-MH0167-T_b0382945605e	GSE161529	Breast cancer	epithelial_solid_default	GSE161529_GSM4909315_ER-MH0167-T_b0382945605e::0	3977	0.045268893241882324	0.01144794785417606	0.8554186572793563	3825	0.3749019607843137	malignant
GSE161529|GSM4909315_ER-MH0167-T	GSE161529_GSM4909315_ER-MH0167-T_b0382945605e	GSE161529	Breast cancer	epithelial_solid_default	GSE161529_GSM4909315_ER-MH0167-T_b0382945605e::1	1464	8.18530281776475e-07	0.01144794785417606	0.0	127	0.0	non_malignant
GSE161529|GSM4909316_ER-MH0167-LN	GSE161529_GSM4909316_ER-MH0167-LN_d43afa425281	GSE161529	Breast cancer	epithelial_solid_default	GSE161529_GSM4909316_ER-MH0167-LN_d43afa425281::1	156	0.00816486869007349	0.026561869829892955	0.07692307692307693	92	0.03260869565217391	uncertain
GSE161529|GSM4909316_ER-MH0167-LN	GSE161529_GSM4909316_ER-MH0167-LN_d43afa425281	GSE161529	Breast cancer	epithelial_solid_default	GSE161529_GSM4909316_ER-MH0167-LN_d43afa425281::2	117	2.1116647985763848e-05	0.026561869829892955	0.0	4	0.0	non_malignant
GSE161529|GSM4909316_ER-MH0167-LN	GSE161529_GSM4909316_ER-MH0167-LN_d43afa425281	GSE161529	Breast cancer	epithelial_solid_default	GSE161529_GSM4909316_ER-MH0167-LN_d43afa425281::0	396	0.0925854966044426	0.026561869829892955	1.0	395	0.979746835443038	malignant
GSE161529|GSM4909317_ER-MH0173-T	GSE161529_GSM4909317_ER-MH0173-T_1dcedd7ac2d5	GSE161529	Breast cancer	epithelial_solid_default	GSE161529_GSM4909317_ER-MH0173-T_1dcedd7ac2d5::0	2129	0.036786723881959915	0.015297686876729132	0.7970878346641616	2098	0.9823641563393708	malignant
GSE161529|GSM4909317_ER-MH0173-T	GSE161529_GSM4909317_ER-MH0173-T_1dcedd7ac2d5	GSE161529	Breast cancer	epithelial_solid_default	GSE161529_GSM4909317_ER-MH0173-T_1dcedd7ac2d5::1	299	0.011206909082829952	0.015297686876729132	0.25752508361204013	262	0.2633587786259542	uncertain
GSE161529|GSM4909317_ER-MH0173-T	GSE161529_GSM4909317_ER-MH0173-T_1dcedd7ac2d5	GSE161529	Breast cancer	epithelial_solid_default	GSE161529_GSM4909317_ER-MH0173-T_1dcedd7ac2d5::2	226	9.726029384182766e-05	0.015297686876729132	0.0	138	0.2028985507246377	uncertain
GSE161529|GSM4909318_ER-MH0173-LN	GSE161529_GSM4909318_ER-MH0173-LN_3d9d159e5a34	GSE161529	Breast cancer	epithelial_solid_default	GSE161529_GSM4909318_ER-MH0173-LN_3d9d159e5a34::0	737	0.06599849462509155	0.024442979618906967	0.9090909090909091	729	0.9561042524005487	malignant
GSE161529|GSM4909318_ER-MH0173-LN	GSE161529_GSM4909318_ER-MH0173-LN_3d9d159e5a34	GSE161529	Breast cancer	epithelial_solid_default	GSE161529_GSM4909318_ER-MH0173-LN_3d9d159e5a34::1	126	0.0017600184073671699	0.024442979618906967	0.015873015873015872	75	0.04	uncertain
GSE161529|GSM4909319_mER-PM0178	GSE161529_GSM4909319_mER-PM0178_9e809fa242d9	GSE161529	Breast cancer	epithelial_solid_default	GSE161529_GSM4909319_mER-PM0178_9e809fa242d9::0	6159	0.005244003608822823	0.010615751072764398	0.0923851274557558	0		non_malignant
GSE261774|GSE261774__GSM8151502_BC17083_filtered_feature_bc_matrix.h5	GSE261774_GSE261774__GSM8151502_BC17083_filtered_feature_bc_matr_af381d5c265c	GSE261774	Breast cancer	epithelial_solid_default	GSE261774_GSE261774__GSM8151502_BC17083_filtered_feature_bc_matr_af381d5c265c::0	35	0.036817293614149094	0.03145355511456723	0.34285714285714286	0		uncertain
GSE261774|GSE261774__GSM8151503_BC17087_filtered_feature_bc_matrix.h5	GSE261774_GSE261774__GSM8151503_BC17087_filtered_feature_bc_matr_cdf1b30606d1	GSE261774	Breast cancer	epithelial_solid_default	GSE261774_GSE261774__GSM8151503_BC17087_filtered_feature_bc_matr_cdf1b30606d1::3	167	0.11735838651657104	0.03166955571621656	1.0	167	0.9820359281437125	malignant
GSE261774|GSE261774__GSM8151503_BC17087_filtered_feature_bc_matrix.h5	GSE261774_GSE261774__GSM8151503_BC17087_filtered_feature_bc_matr_cdf1b30606d1	GSE261774	Breast cancer	epithelial_solid_default	GSE261774_GSE261774__GSM8151503_BC17087_filtered_feature_bc_matr_cdf1b30606d1::0	267	0.01507063489407301	0.03166955571621656	0.11610486891385768	217	0.03225806451612903	uncertain
GSE261774|GSE261774__GSM8151503_BC17087_filtered_feature_bc_matrix.h5	GSE261774_GSE261774__GSM8151503_BC17087_filtered_feature_bc_matr_cdf1b30606d1	GSE261774	Breast cancer	epithelial_solid_default	GSE261774_GSE261774__GSM8151503_BC17087_filtered_feature_bc_matr_cdf1b30606d1::1	184	0.0025115672033280134	0.03166955571621656	0.0	99	0.0	non_malignant
GSE261774|GSE261774__GSM8151503_BC17087_filtered_feature_bc_matrix.h5	GSE261774_GSE261774__GSM8151503_BC17087_filtered_feature_bc_matr_cdf1b30606d1	GSE261774	Breast cancer	epithelial_solid_default	GSE261774_GSE261774__GSM8151503_BC17087_filtered_feature_bc_matr_cdf1b30606d1::2	171	0.0056503345258533955	0.03166955571621656	0.05263157894736842	118	0.0	non_malignant
GSE261774|GSE261774__GSM8151504_BC17100_filtered_feature_bc_matrix.h5	GSE261774_GSE261774__GSM8151504_BC17100_filtered_feature_bc_matr_6407c5518135	GSE261774	Breast cancer	epithelial_solid_default	GSE261774_GSE261774__GSM8151504_BC17100_filtered_feature_bc_matr_6407c5518135::0	125	0.012558488175272942	0.02813242357224227	0.032	60	0.7833333333333333	malignant
GSE261774|GSE261774__GSM8151504_BC17100_filtered_feature_bc_matrix.h5	GSE261774_GSE261774__GSM8151504_BC17100_filtered_feature_bc_matr_6407c5518135	GSE261774	Breast cancer	epithelial_solid_default	GSE261774_GSE261774__GSM8151504_BC17100_filtered_feature_bc_matr_6407c5518135::1	108	0.049126069992780685	0.02813242357224227	0.9907407407407407	107	1.0	malignant
GSE261774|GSE261774__GSM8151507_BC17122_filtered_feature_bc_matrix.h5	GSE261774_GSE261774__GSM8151507_BC17122_filtered_feature_bc_matr_83c1938f31bf	GSE261774	Breast cancer	epithelial_solid_default	GSE261774_GSE261774__GSM8151507_BC17122_filtered_feature_bc_matr_83c1938f31bf::0	481	0.026175381615757942	0.022763723991811237	0.5343035343035343	472	0.09745762711864407	uncertain
GSE261774|GSE261774__GSM8151510_BC17146_filtered_feature_bc_matrix.h5	GSE261774_GSE261774__GSM8151510_BC17146_filtered_feature_bc_matr_85da43ba520a	GSE261774	Breast cancer	epithelial_solid_default	GSE261774_GSE261774__GSM8151510_BC17146_filtered_feature_bc_matr_85da43ba520a::0	1343	0.026423422619700432	0.010318489866331222	0.7580044676098288	1337	0.28646222887060585	malignant
GSE261774|GSE261774__GSM8151510_BC17146_filtered_feature_bc_matrix.h5	GSE261774_GSE261774__GSM8151510_BC17146_filtered_feature_bc_matr_85da43ba520a	GSE261774	Breast cancer	epithelial_solid_default	GSE261774_GSE261774__GSM8151510_BC17146_filtered_feature_bc_matr_85da43ba520a::2	114	2.7656618840410374e-05	0.010318489866331222	0.0	94	0.0	non_malignant
GSE261774|GSE261774__GSM8151510_BC17146_filtered_feature_bc_matrix.h5	GSE261774_GSE261774__GSM8151510_BC17146_filtered_feature_bc_matr_85da43ba520a	GSE261774	Breast cancer	epithelial_solid_default	GSE261774_GSE261774__GSM8151510_BC17146_filtered_feature_bc_matr_85da43ba520a::1	131	0.0025005019269883633	0.010318489866331222	0.015267175572519083	124	0.0	non_malignant
GSE261774|GSE261774__GSM8151511_BC17148_filtered_feature_bc_matrix.h5	GSE261774_GSE261774__GSM8151511_BC17148_filtered_feature_bc_matr_029612231d1d	GSE261774	Breast cancer	epithelial_solid_default	GSE261774_GSE261774__GSM8151511_BC17148_filtered_feature_bc_matr_029612231d1d::0	174	0.05032065883278847	0.021231083273887633	0.8620689655172413	171	0.9766081871345029	malignant
GSE261774|GSE261774__GSM8151511_BC17148_filtered_feature_bc_matrix.h5	GSE261774_GSE261774__GSM8151511_BC17148_filtered_feature_bc_matr_029612231d1d	GSE261774	Breast cancer	epithelial_solid_default	GSE261774_GSE261774__GSM8151511_BC17148_filtered_feature_bc_matr_029612231d1d::1	42	0.004472584463655949	0.021231083273887633	0.023809523809523808	18	0.2222222222222222	uncertain
GSE200997|B_cac10	GSE200997_B_cac10_8c7d022ec7a9	GSE200997	CRC	epithelial_solid_default	GSE200997_B_cac10_8c7d022ec7a9::0	230	0.008375665172934532	0.02136706531047821	0.004347826086956522	23	0.17391304347826086	uncertain
GSE200997|B_cac11	GSE200997_B_cac11_77c76e56d979	GSE200997	CRC	epithelial_solid_default	GSE200997_B_cac11_77c76e56d979::0	150	0.008770229294896126	0.02631088886409998	0.006666666666666667	0		non_malignant
GSE200997|B_cac14	GSE200997_B_cac14_9f1dbacca8a0	GSE200997	CRC	epithelial_solid_default	GSE200997_B_cac14_9f1dbacca8a0::0	52	0.01097963098436594	0.029879399761557554	0.038461538461538464	0		non_malignant
GSE200997|B_cac15	GSE200997_B_cac15_2fd5e051a315	GSE200997	CRC	epithelial_solid_default	GSE200997_B_cac15_2fd5e051a315::0	223	0.011859227903187275	0.02406719587743282	0.03139013452914798	116	0.25862068965517243	uncertain
GSE200997|B_cac4	GSE200997_B_cac4_2fbce8115862	GSE200997	CRC	epithelial_solid_default	GSE200997_B_cac4_2fbce8115862::0	144	0.009841453284025192	0.032468416541814725	0.06944444444444445	0		non_malignant
GSE200997|B_cac6	GSE200997_B_cac6_50afbd0aee93	GSE200997	CRC	epithelial_solid_default	GSE200997_B_cac6_50afbd0aee93::0	56	0.011219784617424011	0.030428659189492425	0.05357142857142857	0		non_malignant
GSE200997|B_cac7	GSE200997_B_cac7_fe141dc09f51	GSE200997	CRC	epithelial_solid_default	GSE200997_B_cac7_fe141dc09f51::0	310	0.013805484399199486	0.02172556113451719	0.31290322580645163	185	0.9567567567567568	malignant
GSE200997|B_cac7	GSE200997_B_cac7_fe141dc09f51	GSE200997	CRC	epithelial_solid_default	GSE200997_B_cac7_fe141dc09f51::1	244	0.003945885691791773	0.02172556113451719	0.00819672131147541	19	0.3157894736842105	uncertain
GSE200997|T_cac1	GSE200997_T_cac1_821833dfd1c2	GSE200997	CRC	epithelial_solid_default	GSE200997_T_cac1_821833dfd1c2::0	718	0.022167161107063293	0.020775329042226075	0.47214484679665736	638	0.45454545454545453	uncertain
GSE200997|T_cac1	GSE200997_T_cac1_821833dfd1c2	GSE200997	CRC	epithelial_solid_default	GSE200997_T_cac1_821833dfd1c2::1	144	0.00022642433759756386	0.020775329042226075	0.0	37	0.0	non_malignant
GSE200997|T_cac11	GSE200997_T_cac11_705ddf230f97	GSE200997	CRC	epithelial_solid_default	GSE200997_T_cac11_705ddf230f97::0	566	0.01544320210814476	0.03557654470205307	0.0706713780918728	503	0.5944333996023857	malignant
GSE200997|T_cac12	GSE200997_T_cac12_f5a6abf17a6e	GSE200997	CRC	epithelial_solid_default	GSE200997_T_cac12_f5a6abf17a6e::0	129	0.019792184233665466	0.025456198975443784	0.2868217054263566	0		uncertain
GSE200997|T_cac14	GSE200997_T_cac14_bca38a895669	GSE200997	CRC	epithelial_solid_default	GSE200997_T_cac14_bca38a895669::0	621	0.0125739686191082	0.0348169733583927	0.04186795491143317	159	0.09433962264150944	uncertain
GSE200997|T_cac16	GSE200997_T_cac16_1ad54970a432	GSE200997	CRC	epithelial_solid_default	GSE200997_T_cac16_1ad54970a432::0	51	0.020835580304265022	0.044313255697488785	0.1568627450980392	0		non_malignant
GSE200997|T_cac2	GSE200997_T_cac2_bbd5085fabb0	GSE200997	CRC	epithelial_solid_default	GSE200997_T_cac2_bbd5085fabb0::2	131	2.998575109813828e-05	0.009688310809433474	0.0	5	0.2	uncertain
GSE200997|T_cac2	GSE200997_T_cac2_bbd5085fabb0	GSE200997	CRC	epithelial_solid_default	GSE200997_T_cac2_bbd5085fabb0::0	522	0.019457625225186348	0.009688310809433474	0.6590038314176245	317	0.7034700315457413	malignant
GSE200997|T_cac2	GSE200997_T_cac2_bbd5085fabb0	GSE200997	CRC	epithelial_solid_default	GSE200997_T_cac2_bbd5085fabb0::1	369	0.0022163172252476215	0.009688310809433474	0.02168021680216802	90	0.12222222222222222	uncertain
GSE200997|T_cac3	GSE200997_T_cac3_4543460197a7	GSE200997	CRC	epithelial_solid_default	GSE200997_T_cac3_4543460197a7::0	373	0.02585223875939846	0.009780759671702981	0.8150134048257373	349	0.9828080229226361	malignant
GSE200997|T_cac3	GSE200997_T_cac3_4543460197a7	GSE200997	CRC	epithelial_solid_default	GSE200997_T_cac3_4543460197a7::1	174	0.0012868792982771993	0.009780759671702981	0.017241379310344827	124	0.0	non_malignant
GSE200997|T_cac3	GSE200997_T_cac3_4543460197a7	GSE200997	CRC	epithelial_solid_default	GSE200997_T_cac3_4543460197a7::2	65	0.005408287514001131	0.009780759671702981	0.12307692307692308	54	0.1111111111111111	uncertain
GSE200997|T_cac6	GSE200997_T_cac6_56d6cba136ee	GSE200997	CRC	epithelial_solid_default	GSE200997_T_cac6_56d6cba136ee::0	32	0.04142957925796509	0.04368247285485267	0.4375	0		uncertain
GSE200997|T_cac7	GSE200997_T_cac7_849e9b5b6118	GSE200997	CRC	epithelial_solid_default	GSE200997_T_cac7_849e9b5b6118::1	62	0.029833229258656502	0.0317209682986138	0.43548387096774194	57	0.8596491228070176	malignant
GSE200997|T_cac7	GSE200997_T_cac7_849e9b5b6118	GSE200997	CRC	epithelial_solid_default	GSE200997_T_cac7_849e9b5b6118::0	788	0.005157437641173601	0.0317209682986138	0.0	56	0.05357142857142857	uncertain
GSE200997|T_cac8	GSE200997_T_cac8_6d949fc45692	GSE200997	CRC	epithelial_solid_default	GSE200997_T_cac8_6d949fc45692::1	84	0.00883212685585022	0.03485411375761025	0.023809523809523808	0		non_malignant
GSE200997|T_cac8	GSE200997_T_cac8_6d949fc45692	GSE200997	CRC	epithelial_solid_default	GSE200997_T_cac8_6d949fc45692::0	85	0.03706476464867592	0.03485411375761025	0.4588235294117647	0		uncertain
GSE200997|T_cac9	GSE200997_T_cac9_298e650747bb	GSE200997	CRC	epithelial_solid_default	GSE200997_T_cac9_298e650747bb::0	56	0.010029846802353859	0.03912035413086406	0.0	0		non_malignant
GSE200997|T_cac9	GSE200997_T_cac9_298e650747bb	GSE200997	CRC	epithelial_solid_default	GSE200997_T_cac9_298e650747bb::1	43	0.04481498524546623	0.03912035413086406	0.6744186046511628	0		malignant
GSE197461|GSM5917937_SCC_1	GSE197461_GSM5917937_SCC_1_1386c00ed1e1	GSE197461	Cervical SCC/adenocarcinoma	epithelial_solid_default	GSE197461_GSM5917937_SCC_1_1386c00ed1e1::0	147	0.07465530186891556	0.048645062595605824	0.9659863945578231	147	0.891156462585034	malignant
GSE197461|GSM5917937_SCC_1	GSE197461_GSM5917937_SCC_1_1386c00ed1e1	GSE197461	Cervical SCC/adenocarcinoma	epithelial_solid_default	GSE197461_GSM5917937_SCC_1_1386c00ed1e1::1	63	0.01670556142926216	0.048645062595605824	0.0	59	0.0	non_malignant
GSE197461|GSM5917938_SCC_2	GSE197461_GSM5917938_SCC_2_da0edd6ad64b	GSE197461	Cervical SCC/adenocarcinoma	epithelial_solid_default	GSE197461_GSM5917938_SCC_2_da0edd6ad64b::0	69	0.10495655238628387	0.03606392443180085	1.0	0		malignant
GSE197461|GSM5917938_SCC_2	GSE197461_GSM5917938_SCC_2_da0edd6ad64b	GSE197461	Cervical SCC/adenocarcinoma	epithelial_solid_default	GSE197461_GSM5917938_SCC_2_da0edd6ad64b::1	22	0.03518311679363251	0.03606392443180085	0.36363636363636365	0		uncertain
GSE197461|GSM5917939_SCC_3	GSE197461_GSM5917939_SCC_3_2067a59d0500	GSE197461	Cervical SCC/adenocarcinoma	epithelial_solid_default	GSE197461_GSM5917939_SCC_3_2067a59d0500::1	172	0.03541633114218712	0.04363434612751008	0.32558139534883723	172	0.0	uncertain
GSE197461|GSM5917939_SCC_3	GSE197461_GSM5917939_SCC_3_2067a59d0500	GSE197461	Cervical SCC/adenocarcinoma	epithelial_solid_default	GSE197461_GSM5917939_SCC_3_2067a59d0500::0	185	0.008261781185865402	0.04363434612751008	0.0	143	0.0	non_malignant
GSE197461|GSM5917939_SCC_3	GSE197461_GSM5917939_SCC_3_2067a59d0500	GSE197461	Cervical SCC/adenocarcinoma	epithelial_solid_default	GSE197461_GSM5917939_SCC_3_2067a59d0500::2	48	0.07987936586141586	0.04363434612751008	0.9375	48	0.8958333333333334	malignant
GSE197461|GSM5917940_ADC_1	GSE197461_GSM5917940_ADC_1_21c34b995baa	GSE197461	Cervical SCC/adenocarcinoma	epithelial_solid_default	GSE197461_GSM5917940_ADC_1_21c34b995baa::0	958	0.07009320706129074	0.03119459096342313	0.8580375782881002	958	0.7379958246346555	malignant
GSE197461|GSM5917940_ADC_1	GSE197461_GSM5917940_ADC_1_21c34b995baa	GSE197461	Cervical SCC/adenocarcinoma	epithelial_solid_default	GSE197461_GSM5917940_ADC_1_21c34b995baa::2	88	0.0012826385209336877	0.03119459096342313	0.0	67	0.0	non_malignant
GSE197461|GSM5917940_ADC_1	GSE197461_GSM5917940_ADC_1_21c34b995baa	GSE197461	Cervical SCC/adenocarcinoma	epithelial_solid_default	GSE197461_GSM5917940_ADC_1_21c34b995baa::1	201	0.013179918751120567	0.03119459096342313	0.05970149253731343	199	0.04020100502512563	uncertain
GSE197461|GSM5917941_ADC_2	GSE197461_GSM5917941_ADC_2_fd8c0f9d683c	GSE197461	Cervical SCC/adenocarcinoma	epithelial_solid_default	GSE197461_GSM5917941_ADC_2_fd8c0f9d683c::0	242	0.029361732304096222	0.036951228864490974	0.35537190082644626	234	0.36752136752136755	uncertain
GSE197461|GSM5917941_ADC_2	GSE197461_GSM5917941_ADC_2_fd8c0f9d683c	GSE197461	Cervical SCC/adenocarcinoma	epithelial_solid_default	GSE197461_GSM5917941_ADC_2_fd8c0f9d683c::1	55	0.011917208321392536	0.036951228864490974	0.03636363636363636	45	0.022222222222222223	uncertain
GSE197461|GSM5917942_ADC_3	GSE197461_GSM5917942_ADC_3_335066c1d9f9	GSE197461	Cervical SCC/adenocarcinoma	epithelial_solid_default	GSE197461_GSM5917942_ADC_3_335066c1d9f9::2	140	0.0001518875069450587	0.0232425956055522	0.0	109	0.0	non_malignant
GSE197461|GSM5917942_ADC_3	GSE197461_GSM5917942_ADC_3_335066c1d9f9	GSE197461	Cervical SCC/adenocarcinoma	epithelial_solid_default	GSE197461_GSM5917942_ADC_3_335066c1d9f9::0	1179	0.03696775063872337	0.0232425956055522	0.5470737913486005	1171	0.25448334756618274	uncertain
GSE197461|GSM5917942_ADC_3	GSE197461_GSM5917942_ADC_3_335066c1d9f9	GSE197461	Cervical SCC/adenocarcinoma	epithelial_solid_default	GSE197461_GSM5917942_ADC_3_335066c1d9f9::1	178	0.0026432808954268694	0.0232425956055522	0.0056179775280898875	164	0.012195121951219513	uncertain
GSE197461|GSM5917943_ADC_4	GSE197461_GSM5917943_ADC_4_d4b01dd40ec5	GSE197461	Cervical SCC/adenocarcinoma	epithelial_solid_default	GSE197461_GSM5917943_ADC_4_d4b01dd40ec5::1	36	0.015438411384820938	0.05410167053341858	0.0	0		non_malignant
GSE197461|GSM5917943_ADC_4	GSE197461_GSM5917943_ADC_4_d4b01dd40ec5	GSE197461	Cervical SCC/adenocarcinoma	epithelial_solid_default	GSE197461_GSM5917943_ADC_4_d4b01dd40ec5::0	161	0.06727858632802963	0.05410167053341858	0.782608695652174	0		malignant
GSE197461|GSM5917944_ADC_5	GSE197461_GSM5917944_ADC_5_92112c52830d	GSE197461	Cervical SCC/adenocarcinoma	epithelial_solid_default	GSE197461_GSM5917944_ADC_5_92112c52830d::0	153	0.0671856626868248	0.036730738878250103	0.9869281045751634	153	0.8300653594771242	malignant
GSE197461|GSM5917944_ADC_5	GSE197461_GSM5917944_ADC_5_92112c52830d	GSE197461	Cervical SCC/adenocarcinoma	epithelial_solid_default	GSE197461_GSM5917944_ADC_5_92112c52830d::1	112	0.01926177367568016	0.036730738878250103	0.10714285714285714	99	0.0	non_malignant
GSE297041|TWDD_CE326_1	GSE297041_TWDD_CE326_1_60a8db5a901a	GSE297041	Cervical cancer	epithelial_solid_default	GSE297041_TWDD_CE326_1_60a8db5a901a::0	499	0.016603931784629822	0.028150944523513296	0.05811623246492986	489	0.7157464212678937	malignant
GSE297041|TWDD_CE327_1	GSE297041_TWDD_CE327_1_0839fc735fbd	GSE297041	Cervical cancer	epithelial_solid_default	GSE297041_TWDD_CE327_1_0839fc735fbd::0	201	0.024667954072356224	0.023426381032913942	0.4925373134328358	144	0.5	malignant
GSE297041|TWDD_CE327_1	GSE297041_TWDD_CE327_1_0839fc735fbd	GSE297041	Cervical cancer	epithelial_solid_default	GSE297041_TWDD_CE327_1_0839fc735fbd::1	46	0.03408529609441757	0.023426381032913942	1.0	39	0.0	malignant
GSE297041|TWDD_CE330_XBc1_1	GSE297041_TWDD_CE330_XBc1_1_d0810e347e78	GSE297041	Cervical cancer	epithelial_solid_default	GSE297041_TWDD_CE330_XBc1_1_d0810e347e78::1	44	0.022579455748200417	0.021293890904635182	0.5	43	0.6046511627906976	malignant
GSE297041|TWDD_CE330_XBc1_1	GSE297041_TWDD_CE330_XBc1_1_d0810e347e78	GSE297041	Cervical cancer	epithelial_solid_default	GSE297041_TWDD_CE330_XBc1_1_d0810e347e78::0	582	0.016027256846427917	0.021293890904635182	0.15979381443298968	548	0.3759124087591241	uncertain
GSE297041|TWDD_CE331E2_XBc1_1	GSE297041_TWDD_CE331E2_XBc1_1_ba4b16c99894	GSE297041	Cervical cancer	epithelial_solid_default	GSE297041_TWDD_CE331E2_XBc1_1_ba4b16c99894::0	252	0.028292063623666763	0.022048591449856728	0.5753968253968254	205	0.3804878048780488	uncertain
GSE297041|TWDD_CE331_XBc1_1	GSE297041_TWDD_CE331_XBc1_1_c34c84962c6e	GSE297041	Cervical cancer	epithelial_solid_default	GSE297041_TWDD_CE331_XBc1_1_c34c84962c6e::0	100	0.02932538464665413	0.026315395049750823	0.5	0		uncertain
GSE297041|TWDD_CE332E1_XBc1_1	GSE297041_TWDD_CE332E1_XBc1_1_487e897c7e8c	GSE297041	Cervical cancer	epithelial_solid_default	GSE297041_TWDD_CE332E1_XBc1_1_487e897c7e8c::0	548	0.01874522492289543	0.023704334441572394	0.2116788321167883	311	0.24115755627009647	uncertain
GSE297041|TWDD_CE332E1_XBc1_1	GSE297041_TWDD_CE332E1_XBc1_1_487e897c7e8c	GSE297041	Cervical cancer	epithelial_solid_default	GSE297041_TWDD_CE332E1_XBc1_1_487e897c7e8c::1	249	0.03844790533185005	0.023704334441572394	0.9718875502008032	239	0.899581589958159	malignant
GSE297041|TWDD_CE468_XB3_2_HPV	GSE297041_TWDD_CE468_XB3_2_HPV_cae6077124fe	GSE297041	Cervical cancer	epithelial_solid_default	GSE297041_TWDD_CE468_XB3_2_HPV_cae6077124fe::0	31	0.02382258139550686	0.03218332322314386	0.0967741935483871	0		non_malignant
GSE297041|TWDD_CE470_XB1_1_HPV	GSE297041_TWDD_CE470_XB1_1_HPV_d35919ad7c7f	GSE297041	Cervical cancer	epithelial_solid_default	GSE297041_TWDD_CE470_XB1_1_HPV_d35919ad7c7f::0	2407	0.017642498016357422	0.018472243696451174	0.42542584129621935	2304	0.6779513888888888	malignant
GSE297041|TWDD_CE470_XB2_1_HPV	GSE297041_TWDD_CE470_XB2_1_HPV_5e2ff52608cc	GSE297041	Cervical cancer	epithelial_solid_default	GSE297041_TWDD_CE470_XB2_1_HPV_5e2ff52608cc::0	605	0.021928822621703148	0.01160291170701385	0.8975206611570248	570	0.45087719298245615	malignant
GSE297041|TWDD_CE470_XB3_1_HPV	GSE297041_TWDD_CE470_XB3_1_HPV_2eed419d31fd	GSE297041	Cervical cancer	epithelial_solid_default	GSE297041_TWDD_CE470_XB3_1_HPV_2eed419d31fd::0	3635	0.017964934930205345	0.013683884404599674	0.6679504814305365	3513	0.7210361514375178	malignant
GSE297041|TWDD_CE507_XB1_1_HPV	GSE297041_TWDD_CE507_XB1_1_HPV_a7fde249075b	GSE297041	Cervical cancer	epithelial_solid_default	GSE297041_TWDD_CE507_XB1_1_HPV_a7fde249075b::0	1491	0.015677807852625847	0.023336406126618362	0.2012072434607646	1454	0.5949105914718019	malignant
GSE297041|TWDD_CE574_XB1_1_HPV	GSE297041_TWDD_CE574_XB1_1_HPV_e1cd1bdd87a0	GSE297041	Cervical cancer	epithelial_solid_default	GSE297041_TWDD_CE574_XB1_1_HPV_e1cd1bdd87a0::0	1704	0.017100224271416664	0.03502252511680127	0.017018779342723004	1690	0.12958579881656804	uncertain
GSE178481|GSE178481__GSM5392401_RCC-PR7-PTumor.csv	GSE178481_GSE178481__GSM5392401_RCC-PR7-PTumor.csv_fc7aace6f883	GSE178481	Clear cell renal cell carcinoma	epithelial_solid_default	GSE178481_GSE178481__GSM5392401_RCC-PR7-PTumor.csv_fc7aace6f883::0	158	0.013614336028695107	0.023999946713447563	0.06329113924050633	0		non_malignant
GSE178481|GSE178481__GSM5392402_RCC-PR9-Normal.csv	GSE178481_GSE178481__GSM5392402_RCC-PR9-Normal.csv_20479ef5a3fb	GSE178481	Clear cell renal cell carcinoma	epithelial_solid_default	GSE178481_GSE178481__GSM5392402_RCC-PR9-Normal.csv_20479ef5a3fb::0	34	0.01590420864522457	0.020528870355337868	0.20588235294117646	0		uncertain
GSE178481|GSE178481__GSM5392410_RCC-BM1-Normal.csv	GSE178481_GSE178481__GSM5392410_RCC-BM1-Normal.csv_f6fe81d84efd	GSE178481	Clear cell renal cell carcinoma	epithelial_solid_default	GSE178481_GSE178481__GSM5392410_RCC-BM1-Normal.csv_f6fe81d84efd::0	279	0.012069395743310452	0.01808334313333034	0.13261648745519714	218	0.2706422018348624	uncertain
GSE178481|GSE178481__GSM5392413_RCC-BM2-Normal.csv	GSE178481_GSE178481__GSM5392413_RCC-BM2-Normal.csv_68bb9907d4d9	GSE178481	Clear cell renal cell carcinoma	epithelial_solid_default	GSE178481_GSE178481__GSM5392413_RCC-BM2-Normal.csv_68bb9907d4d9::0	372	0.021692093461751938	0.021962479278445256	0.4650537634408602	367	0.5286103542234333	malignant
GSE178481|GSE178481__GSM5392414_RCC-PR1-Normal.csv	GSE178481_GSE178481__GSM5392414_RCC-PR1-Normal.csv_012465b8521e	GSE178481	Clear cell renal cell carcinoma	epithelial_solid_default	GSE178481_GSE178481__GSM5392414_RCC-PR1-Normal.csv_012465b8521e::0	102	0.012741168029606342	0.015546753965318206	0.30392156862745096	0		uncertain
GSE178481|GSE178481__GSM5392415_RCC-PR1-PTumor.csv	GSE178481_GSE178481__GSM5392415_RCC-PR1-PTumor.csv_16b48c4f3659	GSE178481	Clear cell renal cell carcinoma	epithelial_solid_default	GSE178481_GSE178481__GSM5392415_RCC-PR1-PTumor.csv_16b48c4f3659::0	2032	0.005223128478974104	0.009534936165437099	0.12007874015748031	639	0.18935837245696402	uncertain
GSE178481|GSE178481__GSM5392415_RCC-PR1-PTumor.csv	GSE178481_GSE178481__GSM5392415_RCC-PR1-PTumor.csv_16b48c4f3659	GSE178481	Clear cell renal cell carcinoma	epithelial_solid_default	GSE178481_GSE178481__GSM5392415_RCC-PR1-PTumor.csv_16b48c4f3659::1	1383	0.0168622974306345	0.009534936165437099	0.8344179320318149	1143	0.5835520559930009	malignant
GSE178481|GSE178481__GSM5392416_RCC-PR2-Normal.csv	GSE178481_GSE178481__GSM5392416_RCC-PR2-Normal.csv_11e5840c27b0	GSE178481	Clear cell renal cell carcinoma	epithelial_solid_default	GSE178481_GSE178481__GSM5392416_RCC-PR2-Normal.csv_11e5840c27b0::0	69	0.01220399234443903	0.018584533613175146	0.14492753623188406	0		non_malignant
GSE178481|GSE178481__GSM5392419_RCC-PR4-PTumor.csv	GSE178481_GSE178481__GSM5392419_RCC-PR4-PTumor.csv_be6fc4686971	GSE178481	Clear cell renal cell carcinoma	epithelial_solid_default	GSE178481_GSE178481__GSM5392419_RCC-PR4-PTumor.csv_be6fc4686971::0	49	0.009274916723370552	0.016373781114816684	0.10204081632653061	0		non_malignant
GSE178481|GSE178481__GSM5392420_RCC-PR3-Normal.csv	GSE178481_GSE178481__GSM5392420_RCC-PR3-Normal.csv_776da34d7809	GSE178481	Clear cell renal cell carcinoma	epithelial_solid_default	GSE178481_GSE178481__GSM5392420_RCC-PR3-Normal.csv_776da34d7809::0	238	0.011803656816482544	0.014858868978917604	0.2647058823529412	148	0.527027027027027	malignant
GSE178481|GSE178481__GSM5392421_RCC-PR3-PTumor1.csv	GSE178481_GSE178481__GSM5392421_RCC-PR3-PTumor1.csv_64738d5d548f	GSE178481	Clear cell renal cell carcinoma	epithelial_solid_default	GSE178481_GSE178481__GSM5392421_RCC-PR3-PTumor1.csv_64738d5d548f::0	31	0.011176029220223427	0.01784866612404586	0.12903225806451613	0		non_malignant
GSE178481|GSE178481__GSM5392422_RCC-PR3-PTumor2.csv	GSE178481_GSE178481__GSM5392422_RCC-PR3-PTumor2.csv_9ca091f74fe8	GSE178481	Clear cell renal cell carcinoma	epithelial_solid_default	GSE178481_GSE178481__GSM5392422_RCC-PR3-PTumor2.csv_9ca091f74fe8::0	42	0.008070684969425201	0.01695283371955158	0.023809523809523808	0		non_malignant
GSE178481|GSE178481__GSM5392423_RCC-PR3-PTumor3.csv	GSE178481_GSE178481__GSM5392423_RCC-PR3-PTumor3.csv_56a8aff36d09	GSE178481	Clear cell renal cell carcinoma	epithelial_solid_default	GSE178481_GSE178481__GSM5392423_RCC-PR3-PTumor3.csv_56a8aff36d09::0	188	0.008875928819179535	0.01753575073555113	0.026595744680851064	0		non_malignant
GSE132465|GSE132465__SMC01-N	GSE132465_GSE132465__SMC01-N_34578b51595d	GSE132465	Colorectal cancer	epithelial_solid_default	GSE132465_GSE132465__SMC01-N_34578b51595d::0	30	0.008189192973077297	0.028550040274858482	0.0	0		non_malignant
GSE132465|GSE132465__SMC01-T	GSE132465_GSE132465__SMC01-T_fdc0e7e5585b	GSE132465	Colorectal cancer	epithelial_solid_default	GSE132465_GSE132465__SMC01-T_fdc0e7e5585b::0	525	0.059696368873119354	0.007208648975938514	1.0	525	0.7504761904761905	malignant
GSE132465|GSE132465__SMC01-T	GSE132465_GSE132465__SMC01-T_fdc0e7e5585b	GSE132465	Colorectal cancer	epithelial_solid_default	GSE132465_GSE132465__SMC01-T_fdc0e7e5585b::1	163	0.026474105194211006	0.007208648975938514	0.7730061349693251	155	0.025806451612903226	malignant
GSE132465|GSE132465__SMC01-T	GSE132465_GSE132465__SMC01-T_fdc0e7e5585b	GSE132465	Colorectal cancer	epithelial_solid_default	GSE132465_GSE132465__SMC01-T_fdc0e7e5585b::2	48	0.00027650431729853153	0.007208648975938514	0.0	19	0.0	non_malignant
GSE132465|GSE132465__SMC02-T	GSE132465_GSE132465__SMC02-T_4f9e4c007e0b	GSE132465	Colorectal cancer	epithelial_solid_default	GSE132465_GSE132465__SMC02-T_4f9e4c007e0b::0	72	0.026958085596561432	0.02952332608401776	0.4027777777777778	0		uncertain
GSE132465|GSE132465__SMC03-T	GSE132465_GSE132465__SMC03-T_c8cf6a73732e	GSE132465	Colorectal cancer	epithelial_solid_default	GSE132465_GSE132465__SMC03-T_c8cf6a73732e::1	160	0.0038794311694800854	0.030007549859583343	0.0	118	0.0	non_malignant
GSE132465|GSE132465__SMC03-T	GSE132465_GSE132465__SMC03-T_c8cf6a73732e	GSE132465	Colorectal cancer	epithelial_solid_default	GSE132465_GSE132465__SMC03-T_c8cf6a73732e::0	434	0.040869347751140594	0.030007549859583343	0.7142857142857143	431	0.002320185614849188	malignant
GSE132465|GSE132465__SMC04-T	GSE132465_GSE132465__SMC04-T_aafa79c2b827	GSE132465	Colorectal cancer	epithelial_solid_default	GSE132465_GSE132465__SMC04-T_aafa79c2b827::0	55	0.03426021710038185	0.03442566588521004	0.4727272727272727	0		uncertain
GSE132465|GSE132465__SMC07-T	GSE132465_GSE132465__SMC07-T_6b2ac9a4db3a	GSE132465	Colorectal cancer	epithelial_solid_default	GSE132465_GSE132465__SMC07-T_6b2ac9a4db3a::0	98	0.017047837376594543	0.03069666069000958	0.17346938775510204	0		non_malignant
GSE132465|GSE132465__SMC08-T	GSE132465_GSE132465__SMC08-T_fe1d9547f462	GSE132465	Colorectal cancer	epithelial_solid_default	GSE132465_GSE132465__SMC08-T_fe1d9547f462::0	106	0.016520388424396515	0.028847357481718065	0.18867924528301888	0		non_malignant
GSE132465|GSE132465__SMC09-T	GSE132465_GSE132465__SMC09-T_911db547ff4b	GSE132465	Colorectal cancer	epithelial_solid_default	GSE132465_GSE132465__SMC09-T_911db547ff4b::0	1441	0.03872118145227432	0.005393954813480384	0.9611380985426787	1438	0.6759388038942976	malignant
GSE132465|GSE132465__SMC09-T	GSE132465_GSE132465__SMC09-T_911db547ff4b	GSE132465	Colorectal cancer	epithelial_solid_default	GSE132465_GSE132465__SMC09-T_911db547ff4b::1	56	0.00022490881383419037	0.005393954813480384	0.0	17	0.0	non_malignant
GSE132465|GSE132465__SMC10-T	GSE132465_GSE132465__SMC10-T_b21b8013e0c6	GSE132465	Colorectal cancer	epithelial_solid_default	GSE132465_GSE132465__SMC10-T_b21b8013e0c6::0	262	0.02661423571407795	0.03790217425674212	0.29770992366412213	236	0.3728813559322034	uncertain
GSE132465|GSE132465__SMC14-T	GSE132465_GSE132465__SMC14-T_df1f58d556dc	GSE132465	Colorectal cancer	epithelial_solid_default	GSE132465_GSE132465__SMC14-T_df1f58d556dc::0	31	0.023700762540102005	0.031656899526715285	0.3548387096774194	0		uncertain
GSE132465|GSE132465__SMC17-T	GSE132465_GSE132465__SMC17-T_01cb04f5029c	GSE132465	Colorectal cancer	epithelial_solid_default	GSE132465_GSE132465__SMC17-T_01cb04f5029c::0	248	0.03597485274076462	0.017319080792367447	0.8467741935483871	246	0.8373983739837398	malignant
GSE132465|GSE132465__SMC17-T	GSE132465_GSE132465__SMC17-T_01cb04f5029c	GSE132465	Colorectal cancer	epithelial_solid_default	GSE132465_GSE132465__SMC17-T_01cb04f5029c::1	89	0.0017935840878635645	0.017319080792367447	0.0	46	0.0	non_malignant
GSE132465|GSE132465__SMC19-T	GSE132465_GSE132465__SMC19-T_5d78088be279	GSE132465	Colorectal cancer	epithelial_solid_default	GSE132465_GSE132465__SMC19-T_5d78088be279::0	62	0.010233105160295963	0.0196549043431878	0.0967741935483871	0		non_malignant
GSE132465|GSE132465__SMC20-T	GSE132465_GSE132465__SMC20-T_30a4f36405fd	GSE132465	Colorectal cancer	epithelial_solid_default	GSE132465_GSE132465__SMC20-T_30a4f36405fd::0	270	0.06389004737138748	0.0076923604030161505	1.0	270	0.7074074074074074	malignant
GSE132465|GSE132465__SMC20-T	GSE132465_GSE132465__SMC20-T_30a4f36405fd	GSE132465	Colorectal cancer	epithelial_solid_default	GSE132465_GSE132465__SMC20-T_30a4f36405fd::1	28	0.0027032250072807074	0.0076923604030161505	0.10714285714285714	15	0.0	non_malignant
GSE132465|GSE132465__SMC21-T	GSE132465_GSE132465__SMC21-T_f9cc3abef1e5	GSE132465	Colorectal cancer	epithelial_solid_default	GSE132465_GSE132465__SMC21-T_f9cc3abef1e5::0	1299	0.026599405333399773	0.0034057140420190994	1.0	1298	0.25577812018489987	malignant
GSE132465|GSE132465__SMC21-T	GSE132465_GSE132465__SMC21-T_f9cc3abef1e5	GSE132465	Colorectal cancer	epithelial_solid_default	GSE132465_GSE132465__SMC21-T_f9cc3abef1e5::1	200	0.007152586709707975	0.0034057140420190994	0.81	190	0.010526315789473684	malignant
GSE132465|GSE132465__SMC23-T	GSE132465_GSE132465__SMC23-T_d5fa18215252	GSE132465	Colorectal cancer	epithelial_solid_default	GSE132465_GSE132465__SMC23-T_d5fa18215252::0	208	0.01347220130264759	0.03404715687036511	0.08173076923076923	41	0.36585365853658536	uncertain
GSE132465|GSE132465__SMC24-T	GSE132465_GSE132465__SMC24-T_0a4673a3678d	GSE132465	Colorectal cancer	epithelial_solid_default	GSE132465_GSE132465__SMC24-T_0a4673a3678d::0	54	0.03236047923564911	0.03164013832807538	0.6296296296296297	0		uncertain
GSE132465|GSE132465__SMC25-T	GSE132465_GSE132465__SMC25-T_4b899b4dd97b	GSE132465	Colorectal cancer	epithelial_solid_default	GSE132465_GSE132465__SMC25-T_4b899b4dd97b::0	58	0.017191536724567413	0.02257561767473822	0.3275862068965517	0		uncertain
GSE166555|GSE166555__SeuratProject	GSE166555_GSE166555__SeuratProject_b39957b09c1e	GSE166555	Colorectal cancer	epithelial_solid_default	GSE166555_GSE166555__SeuratProject_b39957b09c1e::0	2554	0.01476458553224802	0.03763654232025146	0.11354737666405638	1906	0.15739769150052466	uncertain
GSE166555|GSE166555__SeuratProject	GSE166555_GSE166555__SeuratProject_b39957b09c1e	GSE166555	Colorectal cancer	epithelial_solid_default	GSE166555_GSE166555__SeuratProject_b39957b09c1e::1	2265	0.015186269767582417	0.03763654232025146	0.05695364238410596	1895	0.0036939313984168864	uncertain
GSE166555|GSE166555__SeuratProject	GSE166555_GSE166555__SeuratProject_b39957b09c1e	GSE166555	Colorectal cancer	epithelial_solid_default	GSE166555_GSE166555__SeuratProject_b39957b09c1e::2	67	0.00013964413665235043	0.03763654232025146	0.0	20	0.05	uncertain
GSE166555|GSE166555__cellranger	GSE166555_GSE166555__cellranger_1114f1107282	GSE166555	Colorectal cancer	epithelial_solid_default	GSE166555_GSE166555__cellranger_1114f1107282::4	382	0.04868718609213829	0.03991851408034566	0.599476439790576	364	0.9835164835164835	malignant
GSE166555|GSE166555__cellranger	GSE166555_GSE166555__cellranger_1114f1107282	GSE166555	Colorectal cancer	epithelial_solid_default	GSE166555_GSE166555__cellranger_1114f1107282::0	9190	0.012088647112250328	0.03991851408034566	0.021001088139281827	8087	0.008655867441572894	uncertain
GSE166555|GSE166555__cellranger	GSE166555_GSE166555__cellranger_1114f1107282	GSE166555	Colorectal cancer	epithelial_solid_default	GSE166555_GSE166555__cellranger_1114f1107282::2	2063	0.008332601748406887	0.03991851408034566	0.06786233640329617	1431	0.1586303284416492	uncertain
GSE166555|GSE166555__cellranger	GSE166555_GSE166555__cellranger_1114f1107282	GSE166555	Colorectal cancer	epithelial_solid_default	GSE166555_GSE166555__cellranger_1114f1107282::1	6583	0.010632810182869434	0.03991851408034566	0.0013671578307762418	5451	0.001467620620069712	uncertain
GSE166555|GSE166555__cellranger	GSE166555_GSE166555__cellranger_1114f1107282	GSE166555	Colorectal cancer	epithelial_solid_default	GSE166555_GSE166555__cellranger_1114f1107282::3	773	0.04043659195303917	0.03991851408034566	0.48253557567917205	744	0.928763440860215	malignant
GSE178341|GSE178341__C103_T_1_1_0_c1_v2	GSE178341_GSE178341__C103_T_1_1_0_c1_v2_e3462f91d74e	GSE178341	Colorectal cancer	epithelial_solid_default	GSE178341_GSE178341__C103_T_1_1_0_c1_v2_e3462f91d74e::0	2043	0.036377448588609695	0.00819497886113823	0.9872736172295644	2042	0.970617042115573	malignant
GSE178341|GSE178341__C103_T_1_1_0_c1_v2	GSE178341_GSE178341__C103_T_1_1_0_c1_v2_e3462f91d74e	GSE178341	Colorectal cancer	epithelial_solid_default	GSE178341_GSE178341__C103_T_1_1_0_c1_v2_e3462f91d74e::2	543	0.0006928833317942917	0.00819497886113823	0.02394106813996317	169	0.011834319526627219	uncertain
GSE178341|GSE178341__C103_T_1_1_0_c1_v2	GSE178341_GSE178341__C103_T_1_1_0_c1_v2_e3462f91d74e	GSE178341	Colorectal cancer	epithelial_solid_default	GSE178341_GSE178341__C103_T_1_1_0_c1_v2_e3462f91d74e::1	589	0.006086134351789951	0.00819497886113823	0.25127334465195245	512	0.322265625	uncertain
GSE178341|GSE178341__C103_T_1_1_0_c1_v2	GSE178341_GSE178341__C103_T_1_1_0_c1_v2_e3462f91d74e	GSE178341	Colorectal cancer	epithelial_solid_default	GSE178341_GSE178341__C103_T_1_1_0_c1_v2_e3462f91d74e::3	13	0.0006677309283986688	0.00819497886113823	0.0	8	0.0	non_malignant
GSE178341|GSE178341__C104_T_1_1_0_c1_v2	GSE178341_GSE178341__C104_T_1_1_0_c1_v2_f96825c32a90	GSE178341	Colorectal cancer	epithelial_solid_default	GSE178341_GSE178341__C104_T_1_1_0_c1_v2_f96825c32a90::1	93	0.03134819120168686	0.03126991719007492	0.4946236559139785	73	0.6164383561643836	malignant
GSE178341|GSE178341__C104_T_1_1_0_c1_v2	GSE178341_GSE178341__C104_T_1_1_0_c1_v2_f96825c32a90	GSE178341	Colorectal cancer	epithelial_solid_default	GSE178341_GSE178341__C104_T_1_1_0_c1_v2_f96825c32a90::0	190	0.010153258219361305	0.03126991719007492	0.09473684210526316	109	0.0	non_malignant
GSE178341|GSE178341__C104_T_1_1_3_c1_v2	GSE178341_GSE178341__C104_T_1_1_3_c1_v2_e28db40745ad	GSE178341	Colorectal cancer	epithelial_solid_default	GSE178341_GSE178341__C104_T_1_1_3_c1_v2_e28db40745ad::0	73	0.011799503117799759	0.025832283347845066	0.1232876712328767	0		non_malignant
GSE178341|GSE178341__C105_T_1_1_0_c1_v2	GSE178341_GSE178341__C105_T_1_1_0_c1_v2_89cfcd798fc8	GSE178341	Colorectal cancer	epithelial_solid_default	GSE178341_GSE178341__C105_T_1_1_0_c1_v2_89cfcd798fc8::0	493	0.03588341549038887	0.023051083572208888	0.6064908722109533	450	0.4622222222222222	malignant
GSE178341|GSE178341__C105_T_1_1_0_c1_v2	GSE178341_GSE178341__C105_T_1_1_0_c1_v2_89cfcd798fc8	GSE178341	Colorectal cancer	epithelial_solid_default	GSE178341_GSE178341__C105_T_1_1_0_c1_v2_89cfcd798fc8::1	139	0.00013162879622541368	0.023051083572208888	0.0	30	0.0	non_malignant
GSE178341|GSE178341__C105_T_1_1_3_c1_v2	GSE178341_GSE178341__C105_T_1_1_3_c1_v2_f66dab867307	GSE178341	Colorectal cancer	epithelial_solid_default	GSE178341_GSE178341__C105_T_1_1_3_c1_v2_f66dab867307::0	36	0.012302005663514137	0.03232732731848957	0.05555555555555555	0		non_malignant
GSE178341|GSE178341__C106_N_1_1_0_c1_v2	GSE178341_GSE178341__C106_N_1_1_0_c1_v2_67bf59e5bdd7	GSE178341	Colorectal cancer	epithelial_solid_default	GSE178341_GSE178341__C106_N_1_1_0_c1_v2_67bf59e5bdd7::0	206	0.020375026389956474	0.020990381632000194	0.45145631067961167	175	0.7028571428571428	malignant
GSE178341|GSE178341__C106_N_1_1_0_c1_v2	GSE178341_GSE178341__C106_N_1_1_0_c1_v2_67bf59e5bdd7	GSE178341	Colorectal cancer	epithelial_solid_default	GSE178341_GSE178341__C106_N_1_1_0_c1_v2_67bf59e5bdd7::1	76	0.007741238921880722	0.020990381632000194	0.0	37	0.21621621621621623	uncertain
GSE178341|GSE178341__C106_T_1_1_0_c1_v2	GSE178341_GSE178341__C106_T_1_1_0_c1_v2_fffeaa9dc2d1	GSE178341	Colorectal cancer	epithelial_solid_default	GSE178341_GSE178341__C106_T_1_1_0_c1_v2_fffeaa9dc2d1::0	308	0.010707471519708633	0.03551230832934376	0.012987012987012988	191	0.4083769633507853	uncertain
GSE178341|GSE178341__C106_T_1_1_3_c1_v2	GSE178341_GSE178341__C106_T_1_1_3_c1_v2_28a23642d2ce	GSE178341	Colorectal cancer	epithelial_solid_default	GSE178341_GSE178341__C106_T_1_1_3_c1_v2_28a23642d2ce::0	58	0.010181822814047337	0.03536337669938803	0.034482758620689655	0		non_malignant
GSE178341|GSE178341__C107_N_1_1_0_c1_v2	GSE178341_GSE178341__C107_N_1_1_0_c1_v2_1657d74ad689	GSE178341	Colorectal cancer	epithelial_solid_default	GSE178341_GSE178341__C107_N_1_1_0_c1_v2_1657d74ad689::0	202	0.005173197947442532	0.009725139103829853	0.20297029702970298	104	0.17307692307692307	uncertain
GSE178341|GSE178341__C107_N_1_1_0_c1_v2	GSE178341_GSE178341__C107_N_1_1_0_c1_v2_1657d74ad689	GSE178341	Colorectal cancer	epithelial_solid_default	GSE178341_GSE178341__C107_N_1_1_0_c1_v2_1657d74ad689::1	177	0.03112897463142872	0.009725139103829853	1.0	177	0.8531073446327684	malignant
GSE178341|GSE178341__C107_T_1_1_0_c1_v2	GSE178341_GSE178341__C107_T_1_1_0_c1_v2_9d1ba98ffb5c	GSE178341	Colorectal cancer	epithelial_solid_default	GSE178341_GSE178341__C107_T_1_1_0_c1_v2_9d1ba98ffb5c::0	853	0.055053215473890305	0.012479532249271902	1.0	853	0.9988276670574443	malignant
GSE178341|GSE178341__C107_T_1_1_0_c1_v2	GSE178341_GSE178341__C107_T_1_1_0_c1_v2_9d1ba98ffb5c	GSE178341	Colorectal cancer	epithelial_solid_default	GSE178341_GSE178341__C107_T_1_1_0_c1_v2_9d1ba98ffb5c::1	202	0.0020216915290802717	0.012479532249271902	0.024752475247524754	138	0.26811594202898553	uncertain
GSE178341|GSE178341__C107_T_1_1_1_c1_v2	GSE178341_GSE178341__C107_T_1_1_1_c1_v2_90c1a2518c25	GSE178341	Colorectal cancer	epithelial_solid_default	GSE178341_GSE178341__C107_T_1_1_1_c1_v2_90c1a2518c25::0	205	0.06539444625377655	0.030241436585783987	0.9414634146341463	205	0.7170731707317073	malignant
GSE178341|GSE178341__C107_T_1_1_1_c1_v2	GSE178341_GSE178341__C107_T_1_1_1_c1_v2_90c1a2518c25	GSE178341	Colorectal cancer	epithelial_solid_default	GSE178341_GSE178341__C107_T_1_1_1_c1_v2_90c1a2518c25::1	28	0.0038920026272535324	0.030241436585783987	0.0	23	0.0	non_malignant
GSE178341|GSE178341__C109_N_0_1_0_c1_v2	GSE178341_GSE178341__C109_N_0_1_0_c1_v2_83af0673d3eb	GSE178341	Colorectal cancer	epithelial_solid_default	GSE178341_GSE178341__C109_N_0_1_0_c1_v2_83af0673d3eb::0	436	0.01868022419512272	0.025351167861372183	0.2545871559633027	403	0.8014888337468983	malignant
GSE178341|GSE178341__C109_N_0_1_0_c1_v2	GSE178341_GSE178341__C109_N_0_1_0_c1_v2_83af0673d3eb	GSE178341	Colorectal cancer	epithelial_solid_default	GSE178341_GSE178341__C109_N_0_1_0_c1_v2_83af0673d3eb::1	89	0.005135660525411367	0.025351167861372183	0.0	53	0.22641509433962265	uncertain
GSE178341|GSE178341__C109_T_0_1_0_c1_v2	GSE178341_GSE178341__C109_T_0_1_0_c1_v2_6735c1af0b75	GSE178341	Colorectal cancer	epithelial_solid_default	GSE178341_GSE178341__C109_T_0_1_0_c1_v2_6735c1af0b75::1	138	0.002400701167061925	0.024562422409653676	0.0	28	0.0	non_malignant
GSE178341|GSE178341__C109_T_0_1_0_c1_v2	GSE178341_GSE178341__C109_T_0_1_0_c1_v2_6735c1af0b75	GSE178341	Colorectal cancer	epithelial_solid_default	GSE178341_GSE178341__C109_T_0_1_0_c1_v2_6735c1af0b75::0	365	0.04494527354836464	0.024562422409653676	0.726027397260274	352	0.6107954545454546	malignant
GSE178341|GSE178341__C109_T_0_1_0_c1_v2	GSE178341_GSE178341__C109_T_0_1_0_c1_v2_6735c1af0b75	GSE178341	Colorectal cancer	epithelial_solid_default	GSE178341_GSE178341__C109_T_0_1_0_c1_v2_6735c1af0b75::4	8	0.0005321628414094448	0.024562422409653676	0.0	1	0.0	non_malignant
GSE178341|GSE178341__C109_T_0_1_0_c1_v2	GSE178341_GSE178341__C109_T_0_1_0_c1_v2_6735c1af0b75	GSE178341	Colorectal cancer	epithelial_solid_default	GSE178341_GSE178341__C109_T_0_1_0_c1_v2_6735c1af0b75::3	9	0.0002968525805044919	0.024562422409653676	0.0	1	0.0	non_malignant
GSE178341|GSE178341__C109_T_0_1_0_c1_v2	GSE178341_GSE178341__C109_T_0_1_0_c1_v2_6735c1af0b75	GSE178341	Colorectal cancer	epithelial_solid_default	GSE178341_GSE178341__C109_T_0_1_0_c1_v2_6735c1af0b75::2	106	0.0007065025274641812	0.024562422409653676	0.0	34	0.0	non_malignant
GSE178341|GSE178341__C109_T_0_1_1_c1_v2	GSE178341_GSE178341__C109_T_0_1_1_c1_v2_8ebbfa8be3bd	GSE178341	Colorectal cancer	epithelial_solid_default	GSE178341_GSE178341__C109_T_0_1_1_c1_v2_8ebbfa8be3bd::0	71	0.005638520233333111	0.04622775532305247	0.0	0		non_malignant
GSE178341|GSE178341__C109_T_0_1_1_c1_v2	GSE178341_GSE178341__C109_T_0_1_1_c1_v2_8ebbfa8be3bd	GSE178341	Colorectal cancer	epithelial_solid_default	GSE178341_GSE178341__C109_T_0_1_1_c1_v2_8ebbfa8be3bd::1	35	0.05136438086628914	0.04622775532305247	0.5714285714285714	0		uncertain
GSE178341|GSE178341__C110_T_1_1_0_c1_v2	GSE178341_GSE178341__C110_T_1_1_0_c1_v2_0299d90e083e	GSE178341	Colorectal cancer	epithelial_solid_default	GSE178341_GSE178341__C110_T_1_1_0_c1_v2_0299d90e083e::0	217	0.02906092256307602	0.04349330089986326	0.2119815668202765	205	0.7707317073170732	malignant
GSE178341|GSE178341__C110_T_1_1_1_c1_v2	GSE178341_GSE178341__C110_T_1_1_1_c1_v2_3e48c624041a	GSE178341	Colorectal cancer	epithelial_solid_default	GSE178341_GSE178341__C110_T_1_1_1_c1_v2_3e48c624041a::1	86	0.04654156416654587	0.0432047264277935	0.5930232558139535	86	0.7441860465116279	malignant
GSE178341|GSE178341__C110_T_1_1_1_c1_v2	GSE178341_GSE178341__C110_T_1_1_1_c1_v2_3e48c624041a	GSE178341	Colorectal cancer	epithelial_solid_default	GSE178341_GSE178341__C110_T_1_1_1_c1_v2_3e48c624041a::0	123	0.02632303722202778	0.0432047264277935	0.18699186991869918	115	0.5478260869565217	malignant
GSE178341|GSE178341__C111_T_0_2_0_c1_v2	GSE178341_GSE178341__C111_T_0_2_0_c1_v2_83728c80e432	GSE178341	Colorectal cancer	epithelial_solid_default	GSE178341_GSE178341__C111_T_0_2_0_c1_v2_83728c80e432::0	159	0.032252371311187744	0.03767748426645992	0.3836477987421384	0		uncertain
GSE178341|GSE178341__C111_T_0_2_0_c2_v2	GSE178341_GSE178341__C111_T_0_2_0_c2_v2_05685417b934	GSE178341	Colorectal cancer	epithelial_solid_default	GSE178341_GSE178341__C111_T_0_2_0_c2_v2_05685417b934::0	42	0.0288676954805851	0.03450335390865803	0.30952380952380953	0		uncertain
GSE178341|GSE178341__C111_T_0_2_1_c1_v2	GSE178341_GSE178341__C111_T_0_2_1_c1_v2_96d6d20c807c	GSE178341	Colorectal cancer	epithelial_solid_default	GSE178341_GSE178341__C111_T_0_2_1_c1_v2_96d6d20c807c::0	39	0.041175492107868195	0.04150436975061877	0.5641025641025641	0		uncertain
GSE178341|GSE178341__C112_N_0_1_2_c1_v2	GSE178341_GSE178341__C112_N_0_1_2_c1_v2_179c6872fb1c	GSE178341	Colorectal cancer	epithelial_solid_default	GSE178341_GSE178341__C112_N_0_1_2_c1_v2_179c6872fb1c::0	66	0.00980643555521965	0.03773809328675266	0.045454545454545456	0		non_malignant
GSE178341|GSE178341__C112_T_0_1_0_c1_v2	GSE178341_GSE178341__C112_T_0_1_0_c1_v2_85faaeae9880	GSE178341	Colorectal cancer	epithelial_solid_default	GSE178341_GSE178341__C112_T_0_1_0_c1_v2_85faaeae9880::1	182	0.00030597069417126477	0.023644607886671998	0.0	46	0.0	non_malignant
GSE178341|GSE178341__C112_T_0_1_0_c1_v2	GSE178341_GSE178341__C112_T_0_1_0_c1_v2_85faaeae9880	GSE178341	Colorectal cancer	epithelial_solid_default	GSE178341_GSE178341__C112_T_0_1_0_c1_v2_85faaeae9880::0	650	0.05552363395690918	0.023644607886671998	0.7923076923076923	640	0.73125	malignant
GSE178341|GSE178341__C112_T_0_1_0_c1_v2	GSE178341_GSE178341__C112_T_0_1_0_c1_v2_85faaeae9880	GSE178341	Colorectal cancer	epithelial_solid_default	GSE178341_GSE178341__C112_T_0_1_0_c1_v2_85faaeae9880::4	10	0.0005472513730637729	0.023644607886671998	0.0	1	0.0	non_malignant
GSE178341|GSE178341__C112_T_0_1_0_c1_v2	GSE178341_GSE178341__C112_T_0_1_0_c1_v2_85faaeae9880	GSE178341	Colorectal cancer	epithelial_solid_default	GSE178341_GSE178341__C112_T_0_1_0_c1_v2_85faaeae9880::3	31	0.0003699198132380843	0.023644607886671998	0.0	7	0.0	non_malignant
GSE178341|GSE178341__C112_T_0_1_0_c1_v2	GSE178341_GSE178341__C112_T_0_1_0_c1_v2_85faaeae9880	GSE178341	Colorectal cancer	epithelial_solid_default	GSE178341_GSE178341__C112_T_0_1_0_c1_v2_85faaeae9880::2	111	0.001960603753104806	0.023644607886671998	0.0	33	0.0	non_malignant
GSE178341|GSE178341__C112_T_0_1_1_c1_v2	GSE178341_GSE178341__C112_T_0_1_1_c1_v2_00eb5859b2c6	GSE178341	Colorectal cancer	epithelial_solid_default	GSE178341_GSE178341__C112_T_0_1_1_c1_v2_00eb5859b2c6::0	68	0.0899500846862793	0.047745280899107456	0.9264705882352942	0		malignant
GSE178341|GSE178341__C112_T_0_1_1_c1_v2	GSE178341_GSE178341__C112_T_0_1_1_c1_v2_00eb5859b2c6	GSE178341	Colorectal cancer	epithelial_solid_default	GSE178341_GSE178341__C112_T_0_1_1_c1_v2_00eb5859b2c6::1	30	0.01569778472185135	0.047745280899107456	0.03333333333333333	0		non_malignant
GSE178341|GSE178341__C113_N_1_1_0_c1_v2	GSE178341_GSE178341__C113_N_1_1_0_c1_v2_61f81c0545c9	GSE178341	Colorectal cancer	epithelial_solid_default	GSE178341_GSE178341__C113_N_1_1_0_c1_v2_61f81c0545c9::0	62	0.010373215191066265	0.028555877991020683	0.04838709677419355	0		non_malignant
GSE178341|GSE178341__C113_T_1_1_0_c1_v2	GSE178341_GSE178341__C113_T_1_1_0_c1_v2_6c5cff9988a1	GSE178341	Colorectal cancer	epithelial_solid_default	GSE178341_GSE178341__C113_T_1_1_0_c1_v2_6c5cff9988a1::1	185	0.0017016241326928139	0.020767615959048285	0.021621621621621623	93	0.0	non_malignant
GSE178341|GSE178341__C113_T_1_1_0_c1_v2	GSE178341_GSE178341__C113_T_1_1_0_c1_v2_6c5cff9988a1	GSE178341	Colorectal cancer	epithelial_solid_default	GSE178341_GSE178341__C113_T_1_1_0_c1_v2_6c5cff9988a1::2	102	0.04900180175900459	0.020767615959048285	0.9509803921568627	102	0.0	malignant
GSE178341|GSE178341__C113_T_1_1_0_c1_v2	GSE178341_GSE178341__C113_T_1_1_0_c1_v2_6c5cff9988a1	GSE178341	Colorectal cancer	epithelial_solid_default	GSE178341_GSE178341__C113_T_1_1_0_c1_v2_6c5cff9988a1::0	352	0.05698432773351669	0.020767615959048285	0.8693181818181818	350	0.5857142857142857	malignant
GSE178341|GSE178341__C113_T_1_1_1_c1_v2	GSE178341_GSE178341__C113_T_1_1_1_c1_v2_43bd3d510735	GSE178341	Colorectal cancer	epithelial_solid_default	GSE178341_GSE178341__C113_T_1_1_1_c1_v2_43bd3d510735::2	116	0.04029854014515877	0.011971571687608979	0.8620689655172413	116	0.008620689655172414	malignant
GSE178341|GSE178341__C113_T_1_1_1_c1_v2	GSE178341_GSE178341__C113_T_1_1_1_c1_v2_43bd3d510735	GSE178341	Colorectal cancer	epithelial_solid_default	GSE178341_GSE178341__C113_T_1_1_1_c1_v2_43bd3d510735::0	347	0.0591002032160759	0.011971571687608979	0.899135446685879	344	0.7180232558139535	malignant
GSE178341|GSE178341__C113_T_1_1_1_c1_v2	GSE178341_GSE178341__C113_T_1_1_1_c1_v2_43bd3d510735	GSE178341	Colorectal cancer	epithelial_solid_default	GSE178341_GSE178341__C113_T_1_1_1_c1_v2_43bd3d510735::1	138	0.0002730616251938045	0.011971571687608979	0.007246376811594203	50	0.0	non_malignant
GSE178341|GSE178341__C114_N_1_1_2_c1_v2	GSE178341_GSE178341__C114_N_1_1_2_c1_v2_dbe75fa1291b	GSE178341	Colorectal cancer	epithelial_solid_default	GSE178341_GSE178341__C114_N_1_1_2_c1_v2_dbe75fa1291b::0	59	0.021315542981028557	0.03888126067817212	0.2542372881355932	0		uncertain
GSE178341|GSE178341__C114_T_1_1_0_c1_v2	GSE178341_GSE178341__C114_T_1_1_0_c1_v2_569db58136aa	GSE178341	Colorectal cancer	epithelial_solid_default	GSE178341_GSE178341__C114_T_1_1_0_c1_v2_569db58136aa::0	202	0.0366387739777565	0.03402089595794672	0.5396039603960396	201	0.9303482587064676	malignant
GSE178341|GSE178341__C114_T_1_1_0_c1_v2	GSE178341_GSE178341__C114_T_1_1_0_c1_v2_569db58136aa	GSE178341	Colorectal cancer	epithelial_solid_default	GSE178341_GSE178341__C114_T_1_1_0_c1_v2_569db58136aa::1	92	0.0017819363856688142	0.03402089595794672	0.0	50	0.04	uncertain
GSE178341|GSE178341__C114_T_1_1_1_c1_v2	GSE178341_GSE178341__C114_T_1_1_1_c1_v2_73b700e24fc2	GSE178341	Colorectal cancer	epithelial_solid_default	GSE178341_GSE178341__C114_T_1_1_1_c1_v2_73b700e24fc2::1	153	0.016835486516356468	0.04483825728297239	0.006535947712418301	142	0.06338028169014084	uncertain
GSE178341|GSE178341__C114_T_1_1_1_c1_v2	GSE178341_GSE178341__C114_T_1_1_1_c1_v2_73b700e24fc2	GSE178341	Colorectal cancer	epithelial_solid_default	GSE178341_GSE178341__C114_T_1_1_1_c1_v2_73b700e24fc2::0	168	0.05480035021901131	0.04483825728297239	0.7857142857142857	168	0.75	malignant
GSE178341|GSE178341__C115_T_1_1_2_c1_v2	GSE178341_GSE178341__C115_T_1_1_2_c1_v2_4c8832c4be9d	GSE178341	Colorectal cancer	epithelial_solid_default	GSE178341_GSE178341__C115_T_1_1_2_c1_v2_4c8832c4be9d::0	146	0.029675045982003212	0.04594405032694337	0.2054794520547945	0		uncertain
GSE178341|GSE178341__C115_T_1_1_2_c1_v2	GSE178341_GSE178341__C115_T_1_1_2_c1_v2_4c8832c4be9d	GSE178341	Colorectal cancer	epithelial_solid_default	GSE178341_GSE178341__C115_T_1_1_2_c1_v2_4c8832c4be9d::1	50	0.006537178531289101	0.04594405032694337	0.0	0		non_malignant
GSE178341|GSE178341__C116_N_0_2_2_c1_v2	GSE178341_GSE178341__C116_N_0_2_2_c1_v2_f81b69761bcd	GSE178341	Colorectal cancer	epithelial_solid_default	GSE178341_GSE178341__C116_N_0_2_2_c1_v2_f81b69761bcd::0	437	0.020905448123812675	0.027463607564568504	0.32494279176201374	392	0.2066326530612245	uncertain
GSE178341|GSE178341__C116_T_0_2_1_c1_v2	GSE178341_GSE178341__C116_T_0_2_1_c1_v2_63c5be2241cd	GSE178341	Colorectal cancer	epithelial_solid_default	GSE178341_GSE178341__C116_T_0_2_1_c1_v2_63c5be2241cd::0	95	0.03737027198076248	0.03952668558806181	0.43157894736842106	0		uncertain
GSE178341|GSE178341__C116_T_0_2_2_c1_v2	GSE178341_GSE178341__C116_T_0_2_2_c1_v2_42cc1f48ea76	GSE178341	Colorectal cancer	epithelial_solid_default	GSE178341_GSE178341__C116_T_0_2_2_c1_v2_42cc1f48ea76::0	81	0.041998427361249924	0.04446224212646476	0.4074074074074074	0		uncertain
GSE178341|GSE178341__C116_T_0_2_2_c1_v2	GSE178341_GSE178341__C116_T_0_2_2_c1_v2_42cc1f48ea76	GSE178341	Colorectal cancer	epithelial_solid_default	GSE178341_GSE178341__C116_T_0_2_2_c1_v2_42cc1f48ea76::1	45	0.005988170858472586	0.04446224212646476	0.0	0		non_malignant
GSE178341|GSE178341__C118_T_1_1_1_c1_v2	GSE178341_GSE178341__C118_T_1_1_1_c1_v2_397f17d423d4	GSE178341	Colorectal cancer	epithelial_solid_default	GSE178341_GSE178341__C118_T_1_1_1_c1_v2_397f17d423d4::0	119	0.04123702645301819	0.058374284580349926	0.13445378151260504	0		non_malignant
GSE178341|GSE178341__C118_T_1_1_1_c1_v2	GSE178341_GSE178341__C118_T_1_1_1_c1_v2_397f17d423d4	GSE178341	Colorectal cancer	epithelial_solid_default	GSE178341_GSE178341__C118_T_1_1_1_c1_v2_397f17d423d4::1	38	0.008440570905804634	0.058374284580349926	0.0	0		non_malignant
GSE178341|GSE178341__C118_T_1_1_2_c1_v2	GSE178341_GSE178341__C118_T_1_1_2_c1_v2_2b9df4fabbda	GSE178341	Colorectal cancer	epithelial_solid_default	GSE178341_GSE178341__C118_T_1_1_2_c1_v2_2b9df4fabbda::0	238	0.029962971806526184	0.05041440322995189	0.13445378151260504	219	0.6621004566210046	malignant
GSE178341|GSE178341__C118_T_1_1_2_c1_v2	GSE178341_GSE178341__C118_T_1_1_2_c1_v2_2b9df4fabbda	GSE178341	Colorectal cancer	epithelial_solid_default	GSE178341_GSE178341__C118_T_1_1_2_c1_v2_2b9df4fabbda::1	55	0.006764025427401066	0.05041440322995189	0.0	24	0.0	non_malignant
GSE178341|GSE178341__C119_T_0_2_0_c1_v2	GSE178341_GSE178341__C119_T_0_2_0_c1_v2_0027c4b0642e	GSE178341	Colorectal cancer	epithelial_solid_default	GSE178341_GSE178341__C119_T_0_2_0_c1_v2_0027c4b0642e::0	471	0.025493556633591652	0.023841809052973954	0.5456475583864119	434	0.5138248847926268	malignant
GSE178341|GSE178341__C119_T_0_2_0_c1_v2	GSE178341_GSE178341__C119_T_0_2_0_c1_v2_0027c4b0642e	GSE178341	Colorectal cancer	epithelial_solid_default	GSE178341_GSE178341__C119_T_0_2_0_c1_v2_0027c4b0642e::1	123	0.00022996771440375596	0.023841809052973954	0.0	46	0.0	non_malignant
GSE178341|GSE178341__C122_N_1_1_0_c1_v2	GSE178341_GSE178341__C122_N_1_1_0_c1_v2_9412c4daab93	GSE178341	Colorectal cancer	epithelial_solid_default	GSE178341_GSE178341__C122_N_1_1_0_c1_v2_9412c4daab93::0	384	0.01582658849656582	0.019516308419406457	0.3098958333333333	309	0.36245954692556637	uncertain
GSE178341|GSE178341__C122_N_1_1_1_c1_v2	GSE178341_GSE178341__C122_N_1_1_1_c1_v2_0aa2835bd102	GSE178341	Colorectal cancer	epithelial_solid_default	GSE178341_GSE178341__C122_N_1_1_1_c1_v2_0aa2835bd102::0	331	0.008921614848077297	0.01944436535239214	0.12084592145015106	262	0.2786259541984733	uncertain
GSE178341|GSE178341__C122_N_1_1_1_c1_v2	GSE178341_GSE178341__C122_N_1_1_1_c1_v2_0aa2835bd102	GSE178341	Colorectal cancer	epithelial_solid_default	GSE178341_GSE178341__C122_N_1_1_1_c1_v2_0aa2835bd102::1	137	0.03939783200621605	0.01944436535239214	0.9854014598540146	137	0.9635036496350365	malignant
GSE178341|GSE178341__C122_T_1_1_0_c1_v2	GSE178341_GSE178341__C122_T_1_1_0_c1_v2_02b14073b58f	GSE178341	Colorectal cancer	epithelial_solid_default	GSE178341_GSE178341__C122_T_1_1_0_c1_v2_02b14073b58f::1	83	0.0002954419469460845	0.026580566428601772	0.0	47	0.0	non_malignant
GSE178341|GSE178341__C122_T_1_1_0_c1_v2	GSE178341_GSE178341__C122_T_1_1_0_c1_v2_02b14073b58f	GSE178341	Colorectal cancer	epithelial_solid_default	GSE178341_GSE178341__C122_T_1_1_0_c1_v2_02b14073b58f::0	694	0.026972534134984016	0.026580566428601772	0.45677233429394815	667	0.27436281859070466	uncertain
GSE178341|GSE178341__C122_T_1_1_1_c1_v2	GSE178341_GSE178341__C122_T_1_1_1_c1_v2_54e469c15169	GSE178341	Colorectal cancer	epithelial_solid_default	GSE178341_GSE178341__C122_T_1_1_1_c1_v2_54e469c15169::1	61	0.0017703946214169264	0.023856118917465197	0.0	46	0.0	non_malignant
GSE178341|GSE178341__C122_T_1_1_1_c1_v2	GSE178341_GSE178341__C122_T_1_1_1_c1_v2_54e469c15169	GSE178341	Colorectal cancer	epithelial_solid_default	GSE178341_GSE178341__C122_T_1_1_1_c1_v2_54e469c15169::0	146	0.03967142105102539	0.023856118917465197	0.7945205479452054	146	0.8287671232876712	malignant
GSE178341|GSE178341__C122_T_1_1_1_c1_v2	GSE178341_GSE178341__C122_T_1_1_1_c1_v2_54e469c15169	GSE178341	Colorectal cancer	epithelial_solid_default	GSE178341_GSE178341__C122_T_1_1_1_c1_v2_54e469c15169::2	36	0.0027444332372397184	0.023856118917465197	0.0	18	0.0	non_malignant
GSE178341|GSE178341__C123_N_1_1_0_c1_v2	GSE178341_GSE178341__C123_N_1_1_0_c1_v2_67bf9bf62a0c	GSE178341	Colorectal cancer	epithelial_solid_default	GSE178341_GSE178341__C123_N_1_1_0_c1_v2_67bf9bf62a0c::0	271	0.011398066766560078	0.027397461719810966	0.04059040590405904	162	0.06790123456790123	uncertain
GSE178341|GSE178341__C123_N_1_1_1_c1_v2	GSE178341_GSE178341__C123_N_1_1_1_c1_v2_269e55b9b93e	GSE178341	Colorectal cancer	epithelial_solid_default	GSE178341_GSE178341__C123_N_1_1_1_c1_v2_269e55b9b93e::0	85	0.010740114375948906	0.026013353914022447	0.047058823529411764	0		non_malignant
GSE178341|GSE178341__C123_T_1_1_0_c1_v2	GSE178341_GSE178341__C123_T_1_1_0_c1_v2_0a26732e7231	GSE178341	Colorectal cancer	epithelial_solid_default	GSE178341_GSE178341__C123_T_1_1_0_c1_v2_0a26732e7231::0	852	0.03152739629149437	0.04203700870275483	0.18779342723004694	852	0.8626760563380281	malignant
GSE178341|GSE178341__C123_T_1_1_0_c1_v2	GSE178341_GSE178341__C123_T_1_1_0_c1_v2_0a26732e7231	GSE178341	Colorectal cancer	epithelial_solid_default	GSE178341_GSE178341__C123_T_1_1_0_c1_v2_0a26732e7231::1	445	0.007588575128465891	0.04203700870275483	0.0	343	0.22740524781341107	uncertain
GSE178341|GSE178341__C123_T_1_1_1_c1_v2	GSE178341_GSE178341__C123_T_1_1_1_c1_v2_43f01b9e2ddb	GSE178341	Colorectal cancer	epithelial_solid_default	GSE178341_GSE178341__C123_T_1_1_1_c1_v2_43f01b9e2ddb::0	332	0.03724992275238037	0.05101060997694738	0.1686746987951807	332	0.8614457831325302	malignant
GSE178341|GSE178341__C123_T_1_1_1_c1_v2	GSE178341_GSE178341__C123_T_1_1_1_c1_v2_43f01b9e2ddb	GSE178341	Colorectal cancer	epithelial_solid_default	GSE178341_GSE178341__C123_T_1_1_1_c1_v2_43f01b9e2ddb::1	213	0.00763591006398201	0.05101060997694738	0.0	167	0.1497005988023952	uncertain
GSE178341|GSE178341__C124_N_0_3_0_c1_v2	GSE178341_GSE178341__C124_N_0_3_0_c1_v2_0f3c13182f2e	GSE178341	Colorectal cancer	epithelial_solid_default	GSE178341_GSE178341__C124_N_0_3_0_c1_v2_0f3c13182f2e::0	2242	0.01708950661122799	0.0220717636495829	0.28456735057983945	2192	0.47764598540145986	uncertain
GSE178341|GSE178341__C124_N_0_3_0_c1_v2	GSE178341_GSE178341__C124_N_0_3_0_c1_v2_0f3c13182f2e	GSE178341	Colorectal cancer	epithelial_solid_default	GSE178341_GSE178341__C124_N_0_3_0_c1_v2_0f3c13182f2e::2	126	0.0019766325131058693	0.0220717636495829	0.0	70	0.4857142857142857	uncertain
GSE178341|GSE178341__C124_N_0_3_0_c1_v2	GSE178341_GSE178341__C124_N_0_3_0_c1_v2_0f3c13182f2e	GSE178341	Colorectal cancer	epithelial_solid_default	GSE178341_GSE178341__C124_N_0_3_0_c1_v2_0f3c13182f2e::1	286	0.0003007125051226467	0.0220717636495829	0.0	115	0.3739130434782609	uncertain
GSE178341|GSE178341__C124_N_0_3_1_c1_v2	GSE178341_GSE178341__C124_N_0_3_1_c1_v2_184a8c307fd8	GSE178341	Colorectal cancer	epithelial_solid_default	GSE178341_GSE178341__C124_N_0_3_1_c1_v2_184a8c307fd8::2	283	0.0009561078040860593	0.020401750039309257	0.0	145	0.027586206896551724	uncertain
GSE178341|GSE178341__C124_N_0_3_1_c1_v2	GSE178341_GSE178341__C124_N_0_3_1_c1_v2_184a8c307fd8	GSE178341	Colorectal cancer	epithelial_solid_default	GSE178341_GSE178341__C124_N_0_3_1_c1_v2_184a8c307fd8::1	781	0.03100081905722618	0.020401750039309257	0.6927016645326505	780	0.735897435897436	malignant
GSE178341|GSE178341__C124_N_0_3_1_c1_v2	GSE178341_GSE178341__C124_N_0_3_1_c1_v2_184a8c307fd8	GSE178341	Colorectal cancer	epithelial_solid_default	GSE178341_GSE178341__C124_N_0_3_1_c1_v2_184a8c307fd8::0	1183	0.013916381634771824	0.020401750039309257	0.23499577345731193	1131	0.058355437665782495	uncertain
GSE178341|GSE178341__C124_T_0_3_0_c1_v2	GSE178341_GSE178341__C124_T_0_3_0_c1_v2_d8d3b5918ef5	GSE178341	Colorectal cancer	epithelial_solid_default	GSE178341_GSE178341__C124_T_0_3_0_c1_v2_d8d3b5918ef5::1	73	0.011829247698187828	0.032129579037427906	0.0821917808219178	0		non_malignant
GSE178341|GSE178341__C124_T_0_3_0_c1_v2	GSE178341_GSE178341__C124_T_0_3_0_c1_v2_d8d3b5918ef5	GSE178341	Colorectal cancer	epithelial_solid_default	GSE178341_GSE178341__C124_T_0_3_0_c1_v2_d8d3b5918ef5::0	91	0.04901696369051933	0.032129579037427906	0.7142857142857143	0		malignant
GSE178341|GSE178341__C125_N_1_1_0_c1_v2	GSE178341_GSE178341__C125_N_1_1_0_c1_v2_85b66ff0ea9d	GSE178341	Colorectal cancer	epithelial_solid_default	GSE178341_GSE178341__C125_N_1_1_0_c1_v2_85b66ff0ea9d::0	576	0.013114528730511665	0.020716467201709728	0.2170138888888889	493	0.26774847870182555	uncertain
GSE178341|GSE178341__C125_N_1_1_1_c1_v2	GSE178341_GSE178341__C125_N_1_1_1_c1_v2_8cdeba81ae1a	GSE178341	Colorectal cancer	epithelial_solid_default	GSE178341_GSE178341__C125_N_1_1_1_c1_v2_8cdeba81ae1a::0	351	0.019225630909204483	0.031548621654510486	0.19373219373219372	295	0.6033898305084746	malignant
GSE178341|GSE178341__C125_T_1_1_0_c1_v2	GSE178341_GSE178341__C125_T_1_1_0_c1_v2_079102cc7594	GSE178341	Colorectal cancer	epithelial_solid_default	GSE178341_GSE178341__C125_T_1_1_0_c1_v2_079102cc7594::0	356	0.06514245271682739	0.018926291354000587	0.9606741573033708	352	0.9517045454545454	malignant
GSE178341|GSE178341__C125_T_1_1_0_c1_v2	GSE178341_GSE178341__C125_T_1_1_0_c1_v2_079102cc7594	GSE178341	Colorectal cancer	epithelial_solid_default	GSE178341_GSE178341__C125_T_1_1_0_c1_v2_079102cc7594::2	146	0.0017521524569019675	0.018926291354000587	0.0410958904109589	42	0.0	non_malignant
GSE178341|GSE178341__C125_T_1_1_0_c1_v2	GSE178341_GSE178341__C125_T_1_1_0_c1_v2_079102cc7594	GSE178341	Colorectal cancer	epithelial_solid_default	GSE178341_GSE178341__C125_T_1_1_0_c1_v2_079102cc7594::1	162	0.005689618177711964	0.018926291354000587	0.030864197530864196	94	0.0851063829787234	uncertain
GSE178341|GSE178341__C125_T_1_1_1_c1_v2	GSE178341_GSE178341__C125_T_1_1_1_c1_v2_6437c0a5699f	GSE178341	Colorectal cancer	epithelial_solid_default	GSE178341_GSE178341__C125_T_1_1_1_c1_v2_6437c0a5699f::0	135	0.09523790329694748	0.04216330070048572	0.9037037037037037	0		malignant
GSE178341|GSE178341__C125_T_1_1_1_c1_v2	GSE178341_GSE178341__C125_T_1_1_1_c1_v2_6437c0a5699f	GSE178341	Colorectal cancer	epithelial_solid_default	GSE178341_GSE178341__C125_T_1_1_1_c1_v2_6437c0a5699f::1	41	0.011590315029025078	0.04216330070048572	0.07317073170731707	0		non_malignant
GSE178341|GSE178341__C125_T_1_1_1_c2_v2	GSE178341_GSE178341__C125_T_1_1_1_c2_v2_8ed102e890b0	GSE178341	Colorectal cancer	epithelial_solid_default	GSE178341_GSE178341__C125_T_1_1_1_c2_v2_8ed102e890b0::1	39	0.009342317469418049	0.04371405631303783	0.05128205128205128	0		non_malignant
GSE178341|GSE178341__C125_T_1_1_1_c2_v2	GSE178341_GSE178341__C125_T_1_1_1_c2_v2_8ed102e890b0	GSE178341	Colorectal cancer	epithelial_solid_default	GSE178341_GSE178341__C125_T_1_1_1_c2_v2_8ed102e890b0::0	136	0.09608829766511917	0.04371405631303783	0.9044117647058824	0		malignant
GSE178341|GSE178341__C126_N_1_1_0_c1_v2	GSE178341_GSE178341__C126_N_1_1_0_c1_v2_92debb9c847d	GSE178341	Colorectal cancer	epithelial_solid_default	GSE178341_GSE178341__C126_N_1_1_0_c1_v2_92debb9c847d::0	601	0.014424508437514305	0.022553800847381268	0.22961730449251247	472	0.7351694915254238	malignant
GSE178341|GSE178341__C126_N_1_1_1_c1_v2	GSE178341_GSE178341__C126_N_1_1_1_c1_v2_40140e0c89c5	GSE178341	Colorectal cancer	epithelial_solid_default	GSE178341_GSE178341__C126_N_1_1_1_c1_v2_40140e0c89c5::0	59	0.01867092400789261	0.046400889568030707	0.01694915254237288	0		non_malignant
GSE178341|GSE178341__C126_N_1_1_1_c2_v2	GSE178341_GSE178341__C126_N_1_1_1_c2_v2_daeaedd03ca2	GSE178341	Colorectal cancer	epithelial_solid_default	GSE178341_GSE178341__C126_N_1_1_1_c2_v2_daeaedd03ca2::0	45	0.015043775551021099	0.0424948251247406	0.022222222222222223	0		non_malignant
GSE178341|GSE178341__C126_T_1_1_0_c1_v2	GSE178341_GSE178341__C126_T_1_1_0_c1_v2_3c429ee65ad3	GSE178341	Colorectal cancer	epithelial_solid_default	GSE178341_GSE178341__C126_T_1_1_0_c1_v2_3c429ee65ad3::1	161	0.043474648147821426	0.04340930197387931	0.484472049689441	161	0.9192546583850931	malignant
GSE178341|GSE178341__C126_T_1_1_0_c1_v2	GSE178341_GSE178341__C126_T_1_1_0_c1_v2_3c429ee65ad3	GSE178341	Colorectal cancer	epithelial_solid_default	GSE178341_GSE178341__C126_T_1_1_0_c1_v2_3c429ee65ad3::0	167	0.005479046143591404	0.04340930197387931	0.0	109	0.11009174311926606	uncertain
GSE178341|GSE178341__C126_T_1_1_1_c1_v2	GSE178341_GSE178341__C126_T_1_1_1_c1_v2_d00c5d16dd85	GSE178341	Colorectal cancer	epithelial_solid_default	GSE178341_GSE178341__C126_T_1_1_1_c1_v2_d00c5d16dd85::0	81	0.031370311975479126	0.051339431181550016	0.2222222222222222	0		uncertain
GSE178341|GSE178341__C126_T_1_1_1_c2_v2	GSE178341_GSE178341__C126_T_1_1_1_c2_v2_43581a006455	GSE178341	Colorectal cancer	epithelial_solid_default	GSE178341_GSE178341__C126_T_1_1_1_c2_v2_43581a006455::0	76	0.026288313791155815	0.05789610296487813	0.10526315789473684	0		non_malignant
GSE178341|GSE178341__C129_N_1_1_0_c1_v2	GSE178341_GSE178341__C129_N_1_1_0_c1_v2_3802cd28b45f	GSE178341	Colorectal cancer	epithelial_solid_default	GSE178341_GSE178341__C129_N_1_1_0_c1_v2_3802cd28b45f::0	54	0.006043953355401754	0.01733679085969924	0.0	0		non_malignant
GSE178341|GSE178341__C129_T_1_1_0_c1_v2	GSE178341_GSE178341__C129_T_1_1_0_c1_v2_8ffd3fb72a8b	GSE178341	Colorectal cancer	epithelial_solid_default	GSE178341_GSE178341__C129_T_1_1_0_c1_v2_8ffd3fb72a8b::0	569	0.042392242699861526	0.017509370762854817	0.7100175746924429	517	0.6789168278529981	malignant
GSE178341|GSE178341__C129_T_1_1_0_c1_v2	GSE178341_GSE178341__C129_T_1_1_0_c1_v2_8ffd3fb72a8b	GSE178341	Colorectal cancer	epithelial_solid_default	GSE178341_GSE178341__C129_T_1_1_0_c1_v2_8ffd3fb72a8b::1	127	0.0006529384991154075	0.017509370762854817	0.0	35	0.0	non_malignant
GSE178341|GSE178341__C129_T_1_1_1_c1_v2	GSE178341_GSE178341__C129_T_1_1_1_c1_v2_8c001ab4df2f	GSE178341	Colorectal cancer	epithelial_solid_default	GSE178341_GSE178341__C129_T_1_1_1_c1_v2_8c001ab4df2f::0	475	0.08017090708017349	0.014070480978116385	0.9936842105263158	474	0.7088607594936709	malignant
GSE178341|GSE178341__C129_T_1_1_1_c1_v2	GSE178341_GSE178341__C129_T_1_1_1_c1_v2_8c001ab4df2f	GSE178341	Colorectal cancer	epithelial_solid_default	GSE178341_GSE178341__C129_T_1_1_1_c1_v2_8c001ab4df2f::1	88	0.0027777496725320816	0.014070480978116385	0.03409090909090909	50	0.0	non_malignant
GSE178341|GSE178341__C130_N_1_1_0_c1_v2	GSE178341_GSE178341__C130_N_1_1_0_c1_v2_936c3cf24091	GSE178341	Colorectal cancer	epithelial_solid_default	GSE178341_GSE178341__C130_N_1_1_0_c1_v2_936c3cf24091::0	561	0.01629870943725109	0.025443987846374437	0.2620320855614973	471	0.46496815286624205	uncertain
GSE178341|GSE178341__C130_N_1_1_1_c1_v2	GSE178341_GSE178341__C130_N_1_1_1_c1_v2_4fe914038af2	GSE178341	Colorectal cancer	epithelial_solid_default	GSE178341_GSE178341__C130_N_1_1_1_c1_v2_4fe914038af2::0	54	0.022441016510128975	0.044927584119141	0.16666666666666666	0		non_malignant
GSE178341|GSE178341__C130_TA_1_1_0_c1_v2	GSE178341_GSE178341__C130_TA_1_1_0_c1_v2_60168847c025	GSE178341	Colorectal cancer	epithelial_solid_default	GSE178341_GSE178341__C130_TA_1_1_0_c1_v2_60168847c025::0	369	0.034836672246456146	0.020258352383971206	0.7804878048780488	369	0.8970189701897019	malignant
GSE178341|GSE178341__C130_TA_1_1_0_c1_v2	GSE178341_GSE178341__C130_TA_1_1_0_c1_v2_60168847c025	GSE178341	Colorectal cancer	epithelial_solid_default	GSE178341_GSE178341__C130_TA_1_1_0_c1_v2_60168847c025::1	147	0.0036140703596174717	0.020258352383971206	0.0	106	0.11320754716981132	uncertain
GSE178341|GSE178341__C130_TA_1_1_1_c1_v2	GSE178341_GSE178341__C130_TA_1_1_1_c1_v2_fc33cbb9e3ff	GSE178341	Colorectal cancer	epithelial_solid_default	GSE178341_GSE178341__C130_TA_1_1_1_c1_v2_fc33cbb9e3ff::0	187	0.0371808297932148	0.0336795672774315	0.5721925133689839	0		uncertain
GSE178341|GSE178341__C130_TB_1_1_0_c1_v2	GSE178341_GSE178341__C130_TB_1_1_0_c1_v2_464783f36f2d	GSE178341	Colorectal cancer	epithelial_solid_default	GSE178341_GSE178341__C130_TB_1_1_0_c1_v2_464783f36f2d::0	300	0.03821699321269989	0.037877417355775836	0.51	300	0.8466666666666667	malignant
GSE178341|GSE178341__C130_TB_1_1_0_c1_v2	GSE178341_GSE178341__C130_TB_1_1_0_c1_v2_464783f36f2d	GSE178341	Colorectal cancer	epithelial_solid_default	GSE178341_GSE178341__C130_TB_1_1_0_c1_v2_464783f36f2d::1	217	0.0031513541471213102	0.037877417355775836	0.0	95	0.021052631578947368	uncertain
GSE178341|GSE178341__C130_TB_1_1_1_c1_v2	GSE178341_GSE178341__C130_TB_1_1_1_c1_v2_7498dc7bdd30	GSE178341	Colorectal cancer	epithelial_solid_default	GSE178341_GSE178341__C130_TB_1_1_1_c1_v2_7498dc7bdd30::1	78	0.0035903132520616055	0.04747181423008462	0.0	41	0.024390243902439025	uncertain
GSE178341|GSE178341__C130_TB_1_1_1_c1_v2	GSE178341_GSE178341__C130_TB_1_1_1_c1_v2_7498dc7bdd30	GSE178341	Colorectal cancer	epithelial_solid_default	GSE178341_GSE178341__C130_TB_1_1_1_c1_v2_7498dc7bdd30::0	300	0.04088296368718147	0.04747181423008462	0.3333333333333333	300	0.8	malignant
GSE178341|GSE178341__C132_N_1_1_0_c1_v2	GSE178341_GSE178341__C132_N_1_1_0_c1_v2_150fe37d23d9	GSE178341	Colorectal cancer	epithelial_solid_default	GSE178341_GSE178341__C132_N_1_1_0_c1_v2_150fe37d23d9::0	211	0.008721718564629555	0.014807386416941874	0.052132701421800945	33	0.30303030303030304	uncertain
GSE178341|GSE178341__C132_T_1_1_0_c1_v2	GSE178341_GSE178341__C132_T_1_1_0_c1_v2_2fd7936818a8	GSE178341	Colorectal cancer	epithelial_solid_default	GSE178341_GSE178341__C132_T_1_1_0_c1_v2_2fd7936818a8::0	163	0.010788732208311558	0.030841147676110257	0.006134969325153374	0		non_malignant
GSE178341|GSE178341__C132_T_1_1_1_c1_v2	GSE178341_GSE178341__C132_T_1_1_1_c1_v2_981516cefea5	GSE178341	Colorectal cancer	epithelial_solid_default	GSE178341_GSE178341__C132_T_1_1_1_c1_v2_981516cefea5::0	71	0.03635353967547417	0.05615490209311247	0.08450704225352113	0		non_malignant
GSE178341|GSE178341__C133_N_0_0_0_c1_v2	GSE178341_GSE178341__C133_N_0_0_0_c1_v2_facdefc84ab0	GSE178341	Colorectal cancer	epithelial_solid_default	GSE178341_GSE178341__C133_N_0_0_0_c1_v2_facdefc84ab0::0	173	0.012287463992834091	0.037822072654962575	0.011560693641618497	0		non_malignant
GSE178341|GSE178341__C133_T_0_0_0_c1_v2	GSE178341_GSE178341__C133_T_0_0_0_c1_v2_0563d1b1681c	GSE178341	Colorectal cancer	epithelial_solid_default	GSE178341_GSE178341__C133_T_0_0_0_c1_v2_0563d1b1681c::0	204	0.0483238659799099	0.04300324246287343	0.5490196078431373	188	0.3191489361702128	uncertain
GSE178341|GSE178341__C133_T_0_0_0_c2_v2	GSE178341_GSE178341__C133_T_0_0_0_c2_v2_372880909e93	GSE178341	Colorectal cancer	epithelial_solid_default	GSE178341_GSE178341__C133_T_0_0_0_c2_v2_372880909e93::0	186	0.056035686284303665	0.04103156924247742	0.6827956989247311	186	0.6129032258064516	malignant
GSE178341|GSE178341__C133_T_0_0_0_c2_v2	GSE178341_GSE178341__C133_T_0_0_0_c2_v2_372880909e93	GSE178341	Colorectal cancer	epithelial_solid_default	GSE178341_GSE178341__C133_T_0_0_0_c2_v2_372880909e93::1	33	0.002404184080660343	0.04103156924247742	0.0	13	0.0	non_malignant
GSE178341|GSE178341__C134_N_0_3_0_c1_v2	GSE178341_GSE178341__C134_N_0_3_0_c1_v2_5df7b97b382c	GSE178341	Colorectal cancer	epithelial_solid_default	GSE178341_GSE178341__C134_N_0_3_0_c1_v2_5df7b97b382c::0	59	0.024137118831276894	0.03542964369058612	0.288135593220339	0		uncertain
GSE178341|GSE178341__C134_N_0_3_1_c1_v2	GSE178341_GSE178341__C134_N_0_3_1_c1_v2_1bb2597b5e70	GSE178341	Colorectal cancer	epithelial_solid_default	GSE178341_GSE178341__C134_N_0_3_1_c1_v2_1bb2597b5e70::0	57	0.02596890553832054	0.037942869998514574	0.14035087719298245	0		non_malignant
GSE178341|GSE178341__C134_T_0_3_0_c1_v2	GSE178341_GSE178341__C134_T_0_3_0_c1_v2_e40bc99b9299	GSE178341	Colorectal cancer	epithelial_solid_default	GSE178341_GSE178341__C134_T_0_3_0_c1_v2_e40bc99b9299::1	113	0.0021273435559123755	0.004714771416038272	0.1592920353982301	45	0.0	non_malignant
GSE178341|GSE178341__C134_T_0_3_0_c1_v2	GSE178341_GSE178341__C134_T_0_3_0_c1_v2_e40bc99b9299	GSE178341	Colorectal cancer	epithelial_solid_default	GSE178341_GSE178341__C134_T_0_3_0_c1_v2_e40bc99b9299::0	201	0.06284907460212708	0.004714771416038272	1.0	198	0.19696969696969696	malignant
GSE178341|GSE178341__C134_T_0_3_0_c2_v2	GSE178341_GSE178341__C134_T_0_3_0_c2_v2_35523e50a0d7	GSE178341	Colorectal cancer	epithelial_solid_default	GSE178341_GSE178341__C134_T_0_3_0_c2_v2_35523e50a0d7::0	250	0.056974396109580994	0.0034410747466608865	1.0	245	0.14285714285714285	malignant
GSE178341|GSE178341__C134_T_0_3_0_c2_v2	GSE178341_GSE178341__C134_T_0_3_0_c2_v2_35523e50a0d7	GSE178341	Colorectal cancer	epithelial_solid_default	GSE178341_GSE178341__C134_T_0_3_0_c2_v2_35523e50a0d7::1	102	0.0011950304033234715	0.0034410747466608865	0.14705882352941177	39	0.0	non_malignant
GSE178341|GSE178341__C135_N_1_1_0_c1_v2	GSE178341_GSE178341__C135_N_1_1_0_c1_v2_91acb20b8b40	GSE178341	Colorectal cancer	epithelial_solid_default	GSE178341_GSE178341__C135_N_1_1_0_c1_v2_91acb20b8b40::0	251	0.019202612340450287	0.024467285722494098	0.33067729083665337	219	0.54337899543379	malignant
GSE178341|GSE178341__C135_T_1_1_0_c1_v2	GSE178341_GSE178341__C135_T_1_1_0_c1_v2_97e33a62d48b	GSE178341	Colorectal cancer	epithelial_solid_default	GSE178341_GSE178341__C135_T_1_1_0_c1_v2_97e33a62d48b::0	111	0.009834972210228443	0.039810848087072366	0.018018018018018018	0		non_malignant
GSE178341|GSE178341__C135_T_1_1_1_c1_v2	GSE178341_GSE178341__C135_T_1_1_1_c1_v2_976762542084	GSE178341	Colorectal cancer	epithelial_solid_default	GSE178341_GSE178341__C135_T_1_1_1_c1_v2_976762542084::0	45	0.027709905058145523	0.04167828947305681	0.17777777777777778	0		non_malignant
GSE178341|GSE178341__C136_N_1_1_0_c1_v2	GSE178341_GSE178341__C136_N_1_1_0_c1_v2_b3908865481d	GSE178341	Colorectal cancer	epithelial_solid_default	GSE178341_GSE178341__C136_N_1_1_0_c1_v2_b3908865481d::1	87	0.0011618182761594653	0.018627347424626368	0.0	35	0.02857142857142857	uncertain
GSE178341|GSE178341__C136_N_1_1_0_c1_v2	GSE178341_GSE178341__C136_N_1_1_0_c1_v2_b3908865481d	GSE178341	Colorectal cancer	epithelial_solid_default	GSE178341_GSE178341__C136_N_1_1_0_c1_v2_b3908865481d::0	439	0.016734279692173004	0.018627347424626368	0.3826879271070615	407	0.4963144963144963	uncertain
GSE178341|GSE178341__C136_N_1_1_1_c1_v2	GSE178341_GSE178341__C136_N_1_1_1_c1_v2_de2adf886c76	GSE178341	Colorectal cancer	epithelial_solid_default	GSE178341_GSE178341__C136_N_1_1_1_c1_v2_de2adf886c76::0	175	0.036138031631708145	0.022347845304757342	0.7942857142857143	175	0.5085714285714286	malignant
GSE178341|GSE178341__C136_N_1_1_1_c1_v2	GSE178341_GSE178341__C136_N_1_1_1_c1_v2_de2adf886c76	GSE178341	Colorectal cancer	epithelial_solid_default	GSE178341_GSE178341__C136_N_1_1_1_c1_v2_de2adf886c76::1	149	0.005619609262794256	0.022347845304757342	0.0	97	0.0	non_malignant
GSE178341|GSE178341__C136_T_1_1_0_c1_v2	GSE178341_GSE178341__C136_T_1_1_0_c1_v2_13a370c3cbc0	GSE178341	Colorectal cancer	epithelial_solid_default	GSE178341_GSE178341__C136_T_1_1_0_c1_v2_13a370c3cbc0::0	524	0.056313756853342056	0.010469024563208236	0.9255725190839694	519	0.6184971098265896	malignant
GSE178341|GSE178341__C136_T_1_1_0_c1_v2	GSE178341_GSE178341__C136_T_1_1_0_c1_v2_13a370c3cbc0	GSE178341	Colorectal cancer	epithelial_solid_default	GSE178341_GSE178341__C136_T_1_1_0_c1_v2_13a370c3cbc0::1	61	0.00016218678501900285	0.010469024563208236	0.0	15	0.0	non_malignant
GSE178341|GSE178341__C136_T_1_1_1_c1_v2	GSE178341_GSE178341__C136_T_1_1_1_c1_v2_bc613bc79ee4	GSE178341	Colorectal cancer	epithelial_solid_default	GSE178341_GSE178341__C136_T_1_1_1_c1_v2_bc613bc79ee4::0	191	0.06963501125574112	0.025602064132690405	0.9947643979057592	191	0.19895287958115182	malignant
GSE178341|GSE178341__C136_T_1_1_1_c1_v2	GSE178341_GSE178341__C136_T_1_1_1_c1_v2_bc613bc79ee4	GSE178341	Colorectal cancer	epithelial_solid_default	GSE178341_GSE178341__C136_T_1_1_1_c1_v2_bc613bc79ee4::1	33	0.0058052935637533665	0.025602064132690405	0.09090909090909091	18	0.05555555555555555	uncertain
GSE178341|GSE178341__C136_T_1_1_1_c2_v2	GSE178341_GSE178341__C136_T_1_1_1_c2_v2_de97e75b1ae9	GSE178341	Colorectal cancer	epithelial_solid_default	GSE178341_GSE178341__C136_T_1_1_1_c2_v2_de97e75b1ae9::0	169	0.069302037358284	0.028107362221926453	0.9289940828402367	0		malignant
GSE178341|GSE178341__C137_N_1_1_0_c1_v2	GSE178341_GSE178341__C137_N_1_1_0_c1_v2_1511004942d4	GSE178341	Colorectal cancer	epithelial_solid_default	GSE178341_GSE178341__C137_N_1_1_0_c1_v2_1511004942d4::0	37	0.01010594330728054	0.027904238440096398	0.05405405405405406	0		non_malignant
GSE178341|GSE178341__C137_T_1_1_0_c1_v2	GSE178341_GSE178341__C137_T_1_1_0_c1_v2_0c3763e0967f	GSE178341	Colorectal cancer	epithelial_solid_default	GSE178341_GSE178341__C137_T_1_1_0_c1_v2_0c3763e0967f::0	229	0.03384213149547577	0.01984004769474272	0.8820960698689956	227	0.31718061674008813	malignant
GSE178341|GSE178341__C137_T_1_1_0_c1_v2	GSE178341_GSE178341__C137_T_1_1_0_c1_v2_0c3763e0967f	GSE178341	Colorectal cancer	epithelial_solid_default	GSE178341_GSE178341__C137_T_1_1_0_c1_v2_0c3763e0967f::1	84	0.005836156662553549	0.01984004769474272	0.03571428571428571	57	0.0	non_malignant
GSE178341|GSE178341__C138_N_0_0_0_c1_v2	GSE178341_GSE178341__C138_N_0_0_0_c1_v2_517068777b7d	GSE178341	Colorectal cancer	epithelial_solid_default	GSE178341_GSE178341__C138_N_0_0_0_c1_v2_517068777b7d::0	60	0.014065105468034744	0.021312395483255368	0.23333333333333334	0		uncertain
GSE178341|GSE178341__C138_T_0_0_0_c1_v2	GSE178341_GSE178341__C138_T_0_0_0_c1_v2_458d80c3b91b	GSE178341	Colorectal cancer	epithelial_solid_default	GSE178341_GSE178341__C138_T_0_0_0_c1_v2_458d80c3b91b::0	109	0.013140540570020676	0.02595134850591422	0.08256880733944955	0		non_malignant
GSE178341|GSE178341__C139_N_1_1_0_c1_v2	GSE178341_GSE178341__C139_N_1_1_0_c1_v2_062b5ad609ef	GSE178341	Colorectal cancer	epithelial_solid_default	GSE178341_GSE178341__C139_N_1_1_0_c1_v2_062b5ad609ef::0	254	0.017508646473288536	0.019044838845729828	0.36220472440944884	246	0.23577235772357724	uncertain
GSE178341|GSE178341__C139_T_1_1_0_c1_v2	GSE178341_GSE178341__C139_T_1_1_0_c1_v2_93811895e0f3	GSE178341	Colorectal cancer	epithelial_solid_default	GSE178341_GSE178341__C139_T_1_1_0_c1_v2_93811895e0f3::0	707	0.0248275063931942	0.021646909303963163	0.5106082036775106	698	0.4197707736389685	uncertain
GSE178341|GSE178341__C139_T_1_1_0_c1_v2	GSE178341_GSE178341__C139_T_1_1_0_c1_v2_93811895e0f3	GSE178341	Colorectal cancer	epithelial_solid_default	GSE178341_GSE178341__C139_T_1_1_0_c1_v2_93811895e0f3::1	119	0.00022179879306349903	0.021646909303963163	0.0	47	0.0	non_malignant
GSE178341|GSE178341__C139_T_1_1_0_c2_v2	GSE178341_GSE178341__C139_T_1_1_0_c2_v2_ebce310d1b35	GSE178341	Colorectal cancer	epithelial_solid_default	GSE178341_GSE178341__C139_T_1_1_0_c2_v2_ebce310d1b35::0	748	0.024333298206329346	0.014937346661463357	0.6122994652406417	746	0.20509383378016086	malignant
GSE178341|GSE178341__C139_T_1_1_0_c2_v2	GSE178341_GSE178341__C139_T_1_1_0_c2_v2_ebce310d1b35	GSE178341	Colorectal cancer	epithelial_solid_default	GSE178341_GSE178341__C139_T_1_1_0_c2_v2_ebce310d1b35::1	60	0.00016838705050759017	0.014937346661463357	0.0	38	0.0	non_malignant
GSE178341|GSE178341__C139_T_1_1_1_c1_v2	GSE178341_GSE178341__C139_T_1_1_1_c1_v2_3e3df858f5aa	GSE178341	Colorectal cancer	epithelial_solid_default	GSE178341_GSE178341__C139_T_1_1_1_c1_v2_3e3df858f5aa::0	90	0.03368234634399414	0.040127306059002874	0.37777777777777777	0		uncertain
GSE178341|GSE178341__C140_N_1_1_0_c1_v2	GSE178341_GSE178341__C140_N_1_1_0_c1_v2_47ce08e2817c	GSE178341	Colorectal cancer	epithelial_solid_default	GSE178341_GSE178341__C140_N_1_1_0_c1_v2_47ce08e2817c::0	179	0.012484843842685223	0.013936769850552077	0.41899441340782123	0		uncertain
GSE178341|GSE178341__C140_T_1_1_0_c1_v2	GSE178341_GSE178341__C140_T_1_1_0_c1_v2_a8e7c0435767	GSE178341	Colorectal cancer	epithelial_solid_default	GSE178341_GSE178341__C140_T_1_1_0_c1_v2_a8e7c0435767::0	693	0.06222382187843323	0.010802803561091413	0.9942279942279942	692	0.8728323699421965	malignant
GSE178341|GSE178341__C140_T_1_1_0_c1_v2	GSE178341_GSE178341__C140_T_1_1_0_c1_v2_a8e7c0435767	GSE178341	Colorectal cancer	epithelial_solid_default	GSE178341_GSE178341__C140_T_1_1_0_c1_v2_a8e7c0435767::1	172	0.00424184650182724	0.010802803561091413	0.0755813953488372	122	0.01639344262295082	uncertain
GSE178341|GSE178341__C140_T_1_1_0_c1_v2	GSE178341_GSE178341__C140_T_1_1_0_c1_v2_a8e7c0435767	GSE178341	Colorectal cancer	epithelial_solid_default	GSE178341_GSE178341__C140_T_1_1_0_c1_v2_a8e7c0435767::2	160	1.7756095985532738e-05	0.010802803561091413	0.0	35	0.0	non_malignant
GSE178341|GSE178341__C140_T_1_1_1_c1_v2	GSE178341_GSE178341__C140_T_1_1_1_c1_v2_0546231e5ca8	GSE178341	Colorectal cancer	epithelial_solid_default	GSE178341_GSE178341__C140_T_1_1_1_c1_v2_0546231e5ca8::0	174	0.07762729376554489	0.021458623558282933	1.0	174	0.4942528735632184	malignant
GSE178341|GSE178341__C140_T_1_1_1_c1_v2	GSE178341_GSE178341__C140_T_1_1_1_c1_v2_0546231e5ca8	GSE178341	Colorectal cancer	epithelial_solid_default	GSE178341_GSE178341__C140_T_1_1_1_c1_v2_0546231e5ca8::1	39	0.005395508371293545	0.021458623558282933	0.02564102564102564	17	0.0	non_malignant
GSE178341|GSE178341__C140_T_1_1_1_c2_v2	GSE178341_GSE178341__C140_T_1_1_1_c2_v2_3e1b89f96eeb	GSE178341	Colorectal cancer	epithelial_solid_default	GSE178341_GSE178341__C140_T_1_1_1_c2_v2_3e1b89f96eeb::1	37	0.00477279257029295	0.02368500456213951	0.0	0		non_malignant
GSE178341|GSE178341__C140_T_1_1_1_c2_v2	GSE178341_GSE178341__C140_T_1_1_1_c2_v2_3e1b89f96eeb	GSE178341	Colorectal cancer	epithelial_solid_default	GSE178341_GSE178341__C140_T_1_1_1_c2_v2_3e1b89f96eeb::0	134	0.07365886121988297	0.02368500456213951	1.0	0		malignant
GSE178341|GSE178341__C142_N_1_1_0_c1_v2	GSE178341_GSE178341__C142_N_1_1_0_c1_v2_df4697047e65	GSE178341	Colorectal cancer	epithelial_solid_default	GSE178341_GSE178341__C142_N_1_1_0_c1_v2_df4697047e65::0	350	0.02481563575565815	0.017679069191217384	0.6057142857142858	346	0.5867052023121387	malignant
GSE178341|GSE178341__C142_N_1_1_0_c1_v2	GSE178341_GSE178341__C142_N_1_1_0_c1_v2_df4697047e65	GSE178341	Colorectal cancer	epithelial_solid_default	GSE178341_GSE178341__C142_N_1_1_0_c1_v2_df4697047e65::1	123	0.001911240629851818	0.017679069191217384	0.008130081300813009	64	0.015625	uncertain
GSE178341|GSE178341__C142_T_1_1_0_c1_v2	GSE178341_GSE178341__C142_T_1_1_0_c1_v2_37a1e99de773	GSE178341	Colorectal cancer	epithelial_solid_default	GSE178341_GSE178341__C142_T_1_1_0_c1_v2_37a1e99de773::0	112	0.03686022013425827	0.035878936350345614	0.49107142857142855	0		uncertain
GSE178341|GSE178341__C142_T_1_1_0_c1_v2	GSE178341_GSE178341__C142_T_1_1_0_c1_v2_37a1e99de773	GSE178341	Colorectal cancer	epithelial_solid_default	GSE178341_GSE178341__C142_T_1_1_0_c1_v2_37a1e99de773::1	62	0.004614862613379955	0.035878936350345614	0.0	0		non_malignant
GSE178341|GSE178341__C142_T_1_1_1_c1_v2	GSE178341_GSE178341__C142_T_1_1_1_c1_v2_944ecffe33df	GSE178341	Colorectal cancer	epithelial_solid_default	GSE178341_GSE178341__C142_T_1_1_1_c1_v2_944ecffe33df::0	128	0.03887549042701721	0.035610565841197914	0.546875	0		uncertain
GSE178341|GSE178341__C143_N_1_1_0_c1_v2	GSE178341_GSE178341__C143_N_1_1_0_c1_v2_b498c9cf5f02	GSE178341	Colorectal cancer	epithelial_solid_default	GSE178341_GSE178341__C143_N_1_1_0_c1_v2_b498c9cf5f02::0	880	0.01511535607278347	0.013205848103389147	0.4556818181818182	744	0.3736559139784946	uncertain
GSE178341|GSE178341__C143_T_1_1_0_c1_v2	GSE178341_GSE178341__C143_T_1_1_0_c1_v2_66cb6a0b0188	GSE178341	Colorectal cancer	epithelial_solid_default	GSE178341_GSE178341__C143_T_1_1_0_c1_v2_66cb6a0b0188::0	270	0.02248063124716282	0.032711169384419946	0.2962962962962963	228	0.11842105263157894	uncertain
GSE178341|GSE178341__C143_T_1_1_1_c1_v2	GSE178341_GSE178341__C143_T_1_1_1_c1_v2_c41a89962ca2	GSE178341	Colorectal cancer	epithelial_solid_default	GSE178341_GSE178341__C143_T_1_1_1_c1_v2_c41a89962ca2::0	89	0.035764873027801514	0.03672689605504277	0.550561797752809	0		uncertain
GSE178341|GSE178341__C144_T_1_1_0_c1_v2	GSE178341_GSE178341__C144_T_1_1_0_c1_v2_3044a04f5ccf	GSE178341	Colorectal cancer	epithelial_solid_default	GSE178341_GSE178341__C144_T_1_1_0_c1_v2_3044a04f5ccf::0	109	0.014119846746325493	0.024830585420131678	0.13761467889908258	0		non_malignant
GSE178341|GSE178341__C145_T_1_1_0_c1_v2	GSE178341_GSE178341__C145_T_1_1_0_c1_v2_5a3c25cdb143	GSE178341	Colorectal cancer	epithelial_solid_default	GSE178341_GSE178341__C145_T_1_1_0_c1_v2_5a3c25cdb143::0	877	0.018458427861332893	0.002151595400646327	0.9236031927023945	860	0.2058139534883721	malignant
GSE178341|GSE178341__C145_T_1_1_0_c1_v2	GSE178341_GSE178341__C145_T_1_1_0_c1_v2_5a3c25cdb143	GSE178341	Colorectal cancer	epithelial_solid_default	GSE178341_GSE178341__C145_T_1_1_0_c1_v2_5a3c25cdb143::2	154	0.0002884745190385729	0.002151595400646327	0.03896103896103896	107	0.0	non_malignant
GSE178341|GSE178341__C145_T_1_1_0_c1_v2	GSE178341_GSE178341__C145_T_1_1_0_c1_v2_5a3c25cdb143	GSE178341	Colorectal cancer	epithelial_solid_default	GSE178341_GSE178341__C145_T_1_1_0_c1_v2_5a3c25cdb143::1	272	0.09036681056022644	0.002151595400646327	1.0	272	0.9742647058823529	malignant
GSE178341|GSE178341__C145_T_1_1_1_c1_v2	GSE178341_GSE178341__C145_T_1_1_1_c1_v2_d7527f7d0b76	GSE178341	Colorectal cancer	epithelial_solid_default	GSE178341_GSE178341__C145_T_1_1_1_c1_v2_d7527f7d0b76::0	157	0.09978098422288895	0.01054250732064247	1.0	157	0.9808917197452229	malignant
GSE178341|GSE178341__C145_T_1_1_1_c1_v2	GSE178341_GSE178341__C145_T_1_1_1_c1_v2_d7527f7d0b76	GSE178341	Colorectal cancer	epithelial_solid_default	GSE178341_GSE178341__C145_T_1_1_1_c1_v2_d7527f7d0b76::1	139	0.02191941998898983	0.01054250732064247	0.60431654676259	113	0.34513274336283184	malignant
GSE178341|GSE178341__C146_T_1_1_0_c1_v2	GSE178341_GSE178341__C146_T_1_1_0_c1_v2_d6c5b6588a25	GSE178341	Colorectal cancer	epithelial_solid_default	GSE178341_GSE178341__C146_T_1_1_0_c1_v2_d6c5b6588a25::0	714	0.026428457349538803	0.029395181275904198	0.3753501400560224	711	0.36146272855133615	uncertain
GSE178341|GSE178341__C146_T_1_1_0_c1_v2	GSE178341_GSE178341__C146_T_1_1_0_c1_v2_d6c5b6588a25	GSE178341	Colorectal cancer	epithelial_solid_default	GSE178341_GSE178341__C146_T_1_1_0_c1_v2_d6c5b6588a25::1	95	0.0023037120699882507	0.029395181275904198	0.0	68	0.0	non_malignant
GSE178341|GSE178341__C146_T_1_1_1_c1_v2	GSE178341_GSE178341__C146_T_1_1_1_c1_v2_1fe70c424525	GSE178341	Colorectal cancer	epithelial_solid_default	GSE178341_GSE178341__C146_T_1_1_1_c1_v2_1fe70c424525::0	211	0.02539348229765892	0.038171347565949	0.22274881516587677	206	0.6407766990291263	malignant
GSE178341|GSE178341__C147_T_1_1_0_c1_v2	GSE178341_GSE178341__C147_T_1_1_0_c1_v2_65e0a6be13bd	GSE178341	Colorectal cancer	epithelial_solid_default	GSE178341_GSE178341__C147_T_1_1_0_c1_v2_65e0a6be13bd::0	459	0.03545428812503815	0.015317708821967129	0.934640522875817	456	0.42105263157894735	malignant
GSE178341|GSE178341__C147_T_1_1_0_c1_v2	GSE178341_GSE178341__C147_T_1_1_0_c1_v2_65e0a6be13bd	GSE178341	Colorectal cancer	epithelial_solid_default	GSE178341_GSE178341__C147_T_1_1_0_c1_v2_65e0a6be13bd::1	406	0.01773647591471672	0.015317708821967129	0.458128078817734	396	0.24242424242424243	uncertain
GSE178341|GSE178341__C147_T_1_1_0_c1_v2	GSE178341_GSE178341__C147_T_1_1_0_c1_v2_65e0a6be13bd	GSE178341	Colorectal cancer	epithelial_solid_default	GSE178341_GSE178341__C147_T_1_1_0_c1_v2_65e0a6be13bd::2	157	0.004106581676751375	0.015317708821967129	0.01910828025477707	102	0.0196078431372549	uncertain
GSE178341|GSE178341__C147_T_1_1_1_c1_v2	GSE178341_GSE178341__C147_T_1_1_1_c1_v2_4cb9722bd726	GSE178341	Colorectal cancer	epithelial_solid_default	GSE178341_GSE178341__C147_T_1_1_1_c1_v2_4cb9722bd726::0	298	0.04757082462310791	0.03548587542027235	0.6778523489932886	298	0.47315436241610737	malignant
GSE178341|GSE178341__C147_T_1_1_1_c1_v2	GSE178341_GSE178341__C147_T_1_1_1_c1_v2_4cb9722bd726	GSE178341	Colorectal cancer	epithelial_solid_default	GSE178341_GSE178341__C147_T_1_1_1_c1_v2_4cb9722bd726::1	30	0.009236309677362442	0.03548587542027235	0.06666666666666667	25	0.0	non_malignant
GSE178341|GSE178341__C149_T_1_1_0_c1_v2	GSE178341_GSE178341__C149_T_1_1_0_c1_v2_c98b9b4ffa6a	GSE178341	Colorectal cancer	epithelial_solid_default	GSE178341_GSE178341__C149_T_1_1_0_c1_v2_c98b9b4ffa6a::0	144	0.02152547612786293	0.04020724445581436	0.2013888888888889	0		uncertain
GSE178341|GSE178341__C149_T_1_1_1_c1_v2	GSE178341_GSE178341__C149_T_1_1_1_c1_v2_3be1b524b49d	GSE178341	Colorectal cancer	epithelial_solid_default	GSE178341_GSE178341__C149_T_1_1_1_c1_v2_3be1b524b49d::0	39	0.05798831209540367	0.04555297698825598	0.6410256410256411	0		malignant
GSE178341|GSE178341__C150_T_1_1_0_c1_v2	GSE178341_GSE178341__C150_T_1_1_0_c1_v2_0eddeb8c5716	GSE178341	Colorectal cancer	epithelial_solid_default	GSE178341_GSE178341__C150_T_1_1_0_c1_v2_0eddeb8c5716::0	841	0.037653449922800064	0.004178624600172043	0.9619500594530321	841	0.9702734839476813	malignant
GSE178341|GSE178341__C150_T_1_1_0_c1_v2	GSE178341_GSE178341__C150_T_1_1_0_c1_v2_0eddeb8c5716	GSE178341	Colorectal cancer	epithelial_solid_default	GSE178341_GSE178341__C150_T_1_1_0_c1_v2_0eddeb8c5716::2	51	0.0006589649128727615	0.004178624600172043	0.0	48	0.0	non_malignant
GSE178341|GSE178341__C150_T_1_1_0_c1_v2	GSE178341_GSE178341__C150_T_1_1_0_c1_v2_0eddeb8c5716	GSE178341	Colorectal cancer	epithelial_solid_default	GSE178341_GSE178341__C150_T_1_1_0_c1_v2_0eddeb8c5716::1	114	4.9484042392577976e-05	0.004178624600172043	0.008771929824561403	89	0.0	non_malignant
GSE178341|GSE178341__C150_T_1_1_1_c1_v2	GSE178341_GSE178341__C150_T_1_1_1_c1_v2_fa79ad1752a0	GSE178341	Colorectal cancer	epithelial_solid_default	GSE178341_GSE178341__C150_T_1_1_1_c1_v2_fa79ad1752a0::0	115	0.06738045811653137	0.027943949196487666	0.9739130434782609	0		malignant
GSE178341|GSE178341__C150_T_1_1_1_c1_v2	GSE178341_GSE178341__C150_T_1_1_1_c1_v2_fa79ad1752a0	GSE178341	Colorectal cancer	epithelial_solid_default	GSE178341_GSE178341__C150_T_1_1_1_c1_v2_fa79ad1752a0::1	43	0.0022545012179762125	0.027943949196487666	0.0	0		non_malignant
GSE178341|GSE178341__C151_N_0_0_0_c1_v2	GSE178341_GSE178341__C151_N_0_0_0_c1_v2_964d3a3d1084	GSE178341	Colorectal cancer	epithelial_solid_default	GSE178341_GSE178341__C151_N_0_0_0_c1_v2_964d3a3d1084::0	605	0.020527111366391182	0.013242360679432727	0.7024793388429752	598	0.205685618729097	malignant
GSE178341|GSE178341__C151_N_0_0_0_c1_v2	GSE178341_GSE178341__C151_N_0_0_0_c1_v2_964d3a3d1084	GSE178341	Colorectal cancer	epithelial_solid_default	GSE178341_GSE178341__C151_N_0_0_0_c1_v2_964d3a3d1084::1	535	0.00643179239705205	0.013242360679432727	0.06542056074766354	451	0.36363636363636365	uncertain
GSE178341|GSE178341__C151_T_0_0_0_c1_v2	GSE178341_GSE178341__C151_T_0_0_0_c1_v2_88a1bea7d833	GSE178341	Colorectal cancer	epithelial_solid_default	GSE178341_GSE178341__C151_T_0_0_0_c1_v2_88a1bea7d833::1	79	0.0028738188557326794	0.006909201070666294	0.13924050632911392	65	0.12307692307692308	uncertain
GSE178341|GSE178341__C151_T_0_0_0_c1_v2	GSE178341_GSE178341__C151_T_0_0_0_c1_v2_88a1bea7d833	GSE178341	Colorectal cancer	epithelial_solid_default	GSE178341_GSE178341__C151_T_0_0_0_c1_v2_88a1bea7d833::0	173	0.036538492888212204	0.006909201070666294	0.9653179190751445	173	0.9364161849710982	malignant
GSE178341|GSE178341__C152_N_0_0_0_c1_v2	GSE178341_GSE178341__C152_N_0_0_0_c1_v2_867620bf8361	GSE178341	Colorectal cancer	epithelial_solid_default	GSE178341_GSE178341__C152_N_0_0_0_c1_v2_867620bf8361::0	490	0.008772451430559158	0.011459251716732973	0.30612244897959184	301	0.3853820598006645	uncertain
GSE178341|GSE178341__C152_N_0_0_0_c1_v2	GSE178341_GSE178341__C152_N_0_0_0_c1_v2_867620bf8361	GSE178341	Colorectal cancer	epithelial_solid_default	GSE178341_GSE178341__C152_N_0_0_0_c1_v2_867620bf8361::1	123	0.004838775377720594	0.011459251716732973	0.016260162601626018	37	0.10810810810810811	uncertain
GSE178341|GSE178341__C152_T_0_0_0_c1_v2	GSE178341_GSE178341__C152_T_0_0_0_c1_v2_9ece5ac62468	GSE178341	Colorectal cancer	epithelial_solid_default	GSE178341_GSE178341__C152_T_0_0_0_c1_v2_9ece5ac62468::0	303	0.027690915390849113	0.034722429141402444	0.26732673267326734	302	0.5	malignant
GSE178341|GSE178341__C152_T_0_0_0_c1_v2	GSE178341_GSE178341__C152_T_0_0_0_c1_v2_9ece5ac62468	GSE178341	Colorectal cancer	epithelial_solid_default	GSE178341_GSE178341__C152_T_0_0_0_c1_v2_9ece5ac62468::1	238	0.006963703315705061	0.034722429141402444	0.0	221	0.01809954751131222	uncertain
GSE178341|GSE178341__C153_T_1_1_0_c1_v2	GSE178341_GSE178341__C153_T_1_1_0_c1_v2_5b3a0a651910	GSE178341	Colorectal cancer	epithelial_solid_default	GSE178341_GSE178341__C153_T_1_1_0_c1_v2_5b3a0a651910::0	1008	0.033484142273664474	0.004113604640588169	0.9265873015873016	990	0.692929292929293	malignant
GSE178341|GSE178341__C153_T_1_1_0_c1_v2	GSE178341_GSE178341__C153_T_1_1_0_c1_v2_5b3a0a651910	GSE178341	Colorectal cancer	epithelial_solid_default	GSE178341_GSE178341__C153_T_1_1_0_c1_v2_5b3a0a651910::2	96	0.00198466912843287	0.004113604640588169	0.020833333333333332	53	0.0	non_malignant
GSE178341|GSE178341__C153_T_1_1_0_c1_v2	GSE178341_GSE178341__C153_T_1_1_0_c1_v2_5b3a0a651910	GSE178341	Colorectal cancer	epithelial_solid_default	GSE178341_GSE178341__C153_T_1_1_0_c1_v2_5b3a0a651910::1	181	0.0007179407402873039	0.004113604640588169	0.049723756906077346	57	0.0	non_malignant
GSE178341|GSE178341__C153_T_1_1_1_c1_v2	GSE178341_GSE178341__C153_T_1_1_1_c1_v2_8eb3a0fe61bc	GSE178341	Colorectal cancer	epithelial_solid_default	GSE178341_GSE178341__C153_T_1_1_1_c1_v2_8eb3a0fe61bc::0	94	0.007928453385829926	0.04120984159410004	0.0	0		non_malignant
GSE178341|GSE178341__C153_T_1_1_1_c1_v2	GSE178341_GSE178341__C153_T_1_1_1_c1_v2_8eb3a0fe61bc	GSE178341	Colorectal cancer	epithelial_solid_default	GSE178341_GSE178341__C153_T_1_1_1_c1_v2_8eb3a0fe61bc::1	62	0.06026928871870041	0.04120984159410004	0.8064516129032258	0		malignant
GSE178341|GSE178341__C154_T_1_1_0_c1_v3	GSE178341_GSE178341__C154_T_1_1_0_c1_v3_9db1fa6e04f3	GSE178341	Colorectal cancer	epithelial_solid_default	GSE178341_GSE178341__C154_T_1_1_0_c1_v3_9db1fa6e04f3::1	269	0.00039550024666823447	0.041347631663084	0.0	203	0.0049261083743842365	uncertain
GSE178341|GSE178341__C154_T_1_1_0_c1_v3	GSE178341_GSE178341__C154_T_1_1_0_c1_v3_9db1fa6e04f3	GSE178341	Colorectal cancer	epithelial_solid_default	GSE178341_GSE178341__C154_T_1_1_0_c1_v3_9db1fa6e04f3::0	972	0.03713789954781532	0.041347631663084	0.3940329218106996	970	0.8061855670103093	malignant
GSE178341|GSE178341__C155_N_0_0_0_c1_v3	GSE178341_GSE178341__C155_N_0_0_0_c1_v3_eb770842cc64	GSE178341	Colorectal cancer	epithelial_solid_default	GSE178341_GSE178341__C155_N_0_0_0_c1_v3_eb770842cc64::0	97	0.015816599130630493	0.02322355030104514	0.27835051546391754	0		uncertain
GSE178341|GSE178341__C155_T_0_0_0_c1_v3	GSE178341_GSE178341__C155_T_0_0_0_c1_v3_f4070ab4379b	GSE178341	Colorectal cancer	epithelial_solid_default	GSE178341_GSE178341__C155_T_0_0_0_c1_v3_f4070ab4379b::0	176	0.004860223270952702	0.07214112162590022	0.0	66	0.0	non_malignant
GSE178341|GSE178341__C155_T_0_0_0_c1_v3	GSE178341_GSE178341__C155_T_0_0_0_c1_v3_f4070ab4379b	GSE178341	Colorectal cancer	epithelial_solid_default	GSE178341_GSE178341__C155_T_0_0_0_c1_v3_f4070ab4379b::2	84	0.009059201925992966	0.07214112162590022	0.0	24	0.0	non_malignant
GSE178341|GSE178341__C155_T_0_0_0_c1_v3	GSE178341_GSE178341__C155_T_0_0_0_c1_v3_f4070ab4379b	GSE178341	Colorectal cancer	epithelial_solid_default	GSE178341_GSE178341__C155_T_0_0_0_c1_v3_f4070ab4379b::3	17	0.05536676570773125	0.07214112162590022	0.058823529411764705	17	0.0	non_malignant
GSE178341|GSE178341__C155_T_0_0_0_c1_v3	GSE178341_GSE178341__C155_T_0_0_0_c1_v3_f4070ab4379b	GSE178341	Colorectal cancer	epithelial_solid_default	GSE178341_GSE178341__C155_T_0_0_0_c1_v3_f4070ab4379b::1	147	0.04782553389668465	0.07214112162590022	0.19727891156462585	144	0.16666666666666666	uncertain
GSE178341|GSE178341__C156_T_1_1_0_c1_v3	GSE178341_GSE178341__C156_T_1_1_0_c1_v3_beb7020997a2	GSE178341	Colorectal cancer	epithelial_solid_default	GSE178341_GSE178341__C156_T_1_1_0_c1_v3_beb7020997a2::0	122	0.018995655700564384	0.06190086640417578	0.05737704918032787	0		non_malignant
GSE178341|GSE178341__C157_N_0_0_0_c1_v3	GSE178341_GSE178341__C157_N_0_0_0_c1_v3_2badab8ba2af	GSE178341	Colorectal cancer	epithelial_solid_default	GSE178341_GSE178341__C157_N_0_0_0_c1_v3_2badab8ba2af::0	205	0.022887174040079117	0.039671862050890926	0.06341463414634146	201	0.582089552238806	malignant
GSE178341|GSE178341__C157_T_0_0_0_c1_v3	GSE178341_GSE178341__C157_T_0_0_0_c1_v3_46d26ae7d036	GSE178341	Colorectal cancer	epithelial_solid_default	GSE178341_GSE178341__C157_T_0_0_0_c1_v3_46d26ae7d036::1	57	0.10411611199378967	0.06943322196602822	0.7017543859649122	0		malignant
GSE178341|GSE178341__C157_T_0_0_0_c1_v3	GSE178341_GSE178341__C157_T_0_0_0_c1_v3_46d26ae7d036	GSE178341	Colorectal cancer	epithelial_solid_default	GSE178341_GSE178341__C157_T_0_0_0_c1_v3_46d26ae7d036::0	61	0.03160115331411362	0.06943322196602822	0.08196721311475409	0		non_malignant
GSE178341|GSE178341__C158_T_1_1_0_c1_v3	GSE178341_GSE178341__C158_T_1_1_0_c1_v3_735c96cdf792	GSE178341	Colorectal cancer	epithelial_solid_default	GSE178341_GSE178341__C158_T_1_1_0_c1_v3_735c96cdf792::2	72	0.013498997315764427	0.04531221710145474	0.0	71	0.36619718309859156	uncertain
GSE178341|GSE178341__C158_T_1_1_0_c1_v3	GSE178341_GSE178341__C158_T_1_1_0_c1_v3_735c96cdf792	GSE178341	Colorectal cancer	epithelial_solid_default	GSE178341_GSE178341__C158_T_1_1_0_c1_v3_735c96cdf792::0	173	0.06153896823525429	0.04531221710145474	0.815028901734104	173	0.9884393063583815	malignant
GSE178341|GSE178341__C158_T_1_1_0_c1_v3	GSE178341_GSE178341__C158_T_1_1_0_c1_v3_735c96cdf792	GSE178341	Colorectal cancer	epithelial_solid_default	GSE178341_GSE178341__C158_T_1_1_0_c1_v3_735c96cdf792::1	75	0.09271326661109924	0.04531221710145474	1.0	75	1.0	malignant
GSE178341|GSE178341__C158_T_1_1_1_c1_v3	GSE178341_GSE178341__C158_T_1_1_1_c1_v3_27b5df9fdef2	GSE178341	Colorectal cancer	epithelial_solid_default	GSE178341_GSE178341__C158_T_1_1_1_c1_v3_27b5df9fdef2::1	14	0.015470598824322224	0.06407169438898563	0.0	0		non_malignant
GSE178341|GSE178341__C158_T_1_1_1_c1_v3	GSE178341_GSE178341__C158_T_1_1_1_c1_v3_27b5df9fdef2	GSE178341	Colorectal cancer	epithelial_solid_default	GSE178341_GSE178341__C158_T_1_1_1_c1_v3_27b5df9fdef2::0	40	0.08212505280971527	0.06407169438898563	0.675	0		malignant
GSE178341|GSE178341__C159_T_1_1_0_c1_v3	GSE178341_GSE178341__C159_T_1_1_0_c1_v3_1d49029e52f5	GSE178341	Colorectal cancer	epithelial_solid_default	GSE178341_GSE178341__C159_T_1_1_0_c1_v3_1d49029e52f5::0	70	0.12173057347536087	0.038493314534425734	1.0	0		malignant
GSE178341|GSE178341__C159_T_1_1_0_c1_v3	GSE178341_GSE178341__C159_T_1_1_0_c1_v3_1d49029e52f5	GSE178341	Colorectal cancer	epithelial_solid_default	GSE178341_GSE178341__C159_T_1_1_0_c1_v3_1d49029e52f5::2	36	0.01495010033249855	0.038493314534425734	0.08333333333333333	0		non_malignant
GSE178341|GSE178341__C159_T_1_1_0_c1_v3	GSE178341_GSE178341__C159_T_1_1_0_c1_v3_1d49029e52f5	GSE178341	Colorectal cancer	epithelial_solid_default	GSE178341_GSE178341__C159_T_1_1_0_c1_v3_1d49029e52f5::1	57	0.0008997484110295773	0.038493314534425734	0.0	0		non_malignant
GSE178341|GSE178341__C160_T_1_1_0_c1_v3	GSE178341_GSE178341__C160_T_1_1_0_c1_v3_a4590e180913	GSE178341	Colorectal cancer	epithelial_solid_default	GSE178341_GSE178341__C160_T_1_1_0_c1_v3_a4590e180913::1	193	0.11466982960700989	0.013025882840156553	1.0	192	0.9947916666666666	malignant
GSE178341|GSE178341__C160_T_1_1_0_c1_v3	GSE178341_GSE178341__C160_T_1_1_0_c1_v3_a4590e180913	GSE178341	Colorectal cancer	epithelial_solid_default	GSE178341_GSE178341__C160_T_1_1_0_c1_v3_a4590e180913::0	740	0.07834132760763168	0.013025882840156553	0.9472972972972973	740	0.2648648648648649	malignant
GSE178341|GSE178341__C160_T_1_1_0_c1_v3	GSE178341_GSE178341__C160_T_1_1_0_c1_v3_a4590e180913	GSE178341	Colorectal cancer	epithelial_solid_default	GSE178341_GSE178341__C160_T_1_1_0_c1_v3_a4590e180913::2	188	0.0014098489191383123	0.013025882840156553	0.031914893617021274	129	0.015503875968992248	uncertain
GSE178341|GSE178341__C161_T_1_1_0_c1_v3	GSE178341_GSE178341__C161_T_1_1_0_c1_v3_8a05aa6d424d	GSE178341	Colorectal cancer	epithelial_solid_default	GSE178341_GSE178341__C161_T_1_1_0_c1_v3_8a05aa6d424d::0	416	0.03838764876127243	0.03733382597565639	0.4254807692307692	416	0.9855769230769231	malignant
GSE178341|GSE178341__C161_T_1_1_0_c1_v3	GSE178341_GSE178341__C161_T_1_1_0_c1_v3_8a05aa6d424d	GSE178341	Colorectal cancer	epithelial_solid_default	GSE178341_GSE178341__C161_T_1_1_0_c1_v3_8a05aa6d424d::1	382	0.06805524975061417	0.03733382597565639	0.981675392670157	382	1.0	malignant
GSE178341|GSE178341__C161_T_1_1_0_c1_v3	GSE178341_GSE178341__C161_T_1_1_0_c1_v3_8a05aa6d424d	GSE178341	Colorectal cancer	epithelial_solid_default	GSE178341_GSE178341__C161_T_1_1_0_c1_v3_8a05aa6d424d::2	79	0.0056099859066307545	0.03733382597565639	0.0	79	0.11392405063291139	uncertain
GSE178341|GSE178341__C162_T_0_0_0_c1_v3	GSE178341_GSE178341__C162_T_0_0_0_c1_v3_6f6ac25560fe	GSE178341	Colorectal cancer	epithelial_solid_default	GSE178341_GSE178341__C162_T_0_0_0_c1_v3_6f6ac25560fe::0	689	0.05592597648501396	0.0359906330704689	0.7764876632801161	686	0.9912536443148688	malignant
GSE178341|GSE178341__C162_T_0_0_0_c1_v3	GSE178341_GSE178341__C162_T_0_0_0_c1_v3_6f6ac25560fe	GSE178341	Colorectal cancer	epithelial_solid_default	GSE178341_GSE178341__C162_T_0_0_0_c1_v3_6f6ac25560fe::1	137	0.002772093750536442	0.0359906330704689	0.014598540145985401	106	0.03773584905660377	uncertain
GSE178341|GSE178341__C162_T_0_0_0_c2_v2	GSE178341_GSE178341__C162_T_0_0_0_c2_v2_efb4a8a07fa7	GSE178341	Colorectal cancer	epithelial_solid_default	GSE178341_GSE178341__C162_T_0_0_0_c2_v2_efb4a8a07fa7::1	385	0.007618919014930725	0.01918948313221334	0.046753246753246755	373	0.01876675603217158	uncertain
GSE178341|GSE178341__C162_T_0_0_0_c2_v2	GSE178341_GSE178341__C162_T_0_0_0_c2_v2_efb4a8a07fa7	GSE178341	Colorectal cancer	epithelial_solid_default	GSE178341_GSE178341__C162_T_0_0_0_c2_v2_efb4a8a07fa7::0	1002	0.03851349651813507	0.01918948313221334	0.8632734530938124	999	0.5915915915915916	malignant
GSE178341|GSE178341__C162_T_0_0_0_c2_v2	GSE178341_GSE178341__C162_T_0_0_0_c2_v2_efb4a8a07fa7	GSE178341	Colorectal cancer	epithelial_solid_default	GSE178341_GSE178341__C162_T_0_0_0_c2_v2_efb4a8a07fa7::2	118	0.00042137972195632756	0.01918948313221334	0.0	70	0.0	non_malignant
GSE178341|GSE178341__C162_T_0_0_1_c1_v3	GSE178341_GSE178341__C162_T_0_0_1_c1_v3_84b96089a4b1	GSE178341	Colorectal cancer	epithelial_solid_default	GSE178341_GSE178341__C162_T_0_0_1_c1_v3_84b96089a4b1::0	322	0.08239786326885223	0.037770607024431184	1.0	322	0.8664596273291926	malignant
GSE178341|GSE178341__C162_T_0_0_1_c1_v3	GSE178341_GSE178341__C162_T_0_0_1_c1_v3_84b96089a4b1	GSE178341	Colorectal cancer	epithelial_solid_default	GSE178341_GSE178341__C162_T_0_0_1_c1_v3_84b96089a4b1::1	133	0.029330048710107803	0.037770607024431184	0.2857142857142857	128	0.046875	uncertain
GSE178341|GSE178341__C162_T_0_0_1_c2_v2	GSE178341_GSE178341__C162_T_0_0_1_c2_v2_3739c93015d9	GSE178341	Colorectal cancer	epithelial_solid_default	GSE178341_GSE178341__C162_T_0_0_1_c2_v2_3739c93015d9::0	531	0.015654243528842926	0.017907479256391502	0.3879472693032015	528	0.3181818181818182	uncertain
GSE178341|GSE178341__C162_T_0_0_1_c2_v2	GSE178341_GSE178341__C162_T_0_0_1_c2_v2_3739c93015d9	GSE178341	Colorectal cancer	epithelial_solid_default	GSE178341_GSE178341__C162_T_0_0_1_c2_v2_3739c93015d9::2	89	0.0009792137425392866	0.017907479256391502	0.0	67	0.0	non_malignant
GSE178341|GSE178341__C162_T_0_0_1_c2_v2	GSE178341_GSE178341__C162_T_0_0_1_c2_v2_3739c93015d9	GSE178341	Colorectal cancer	epithelial_solid_default	GSE178341_GSE178341__C162_T_0_0_1_c2_v2_3739c93015d9::1	523	0.05334772542119026	0.017907479256391502	1.0	523	0.982791586998088	malignant
GSE178341|GSE178341__C163_T_1_1_0_c1_v3	GSE178341_GSE178341__C163_T_1_1_0_c1_v3_3b67b2dcbede	GSE178341	Colorectal cancer	epithelial_solid_default	GSE178341_GSE178341__C163_T_1_1_0_c1_v3_3b67b2dcbede::0	612	0.038962721824645996	0.04215194694697855	0.3627450980392157	612	0.9852941176470589	malignant
GSE178341|GSE178341__C163_T_1_1_0_c1_v3	GSE178341_GSE178341__C163_T_1_1_0_c1_v3_3b67b2dcbede	GSE178341	Colorectal cancer	epithelial_solid_default	GSE178341_GSE178341__C163_T_1_1_0_c1_v3_3b67b2dcbede::1	162	0.0032341957557946444	0.04215194694697855	0.0	88	0.11363636363636363	uncertain
GSE178341|GSE178341__C164_T_1_1_0_c1_v3	GSE178341_GSE178341__C164_T_1_1_0_c1_v3_bd94d5e9969c	GSE178341	Colorectal cancer	epithelial_solid_default	GSE178341_GSE178341__C164_T_1_1_0_c1_v3_bd94d5e9969c::0	325	0.015114679001271725	0.04562970429658889	0.07076923076923076	203	0.1625615763546798	uncertain
GSE178341|GSE178341__C165_N_0_0_0_c1_v3	GSE178341_GSE178341__C165_N_0_0_0_c1_v3_5a2da5d726f9	GSE178341	Colorectal cancer	epithelial_solid_default	GSE178341_GSE178341__C165_N_0_0_0_c1_v3_5a2da5d726f9::0	47	0.0077691408805549145	0.03938599035143853	0.0	0		non_malignant
GSE178341|GSE178341__C165_T_0_0_0_c1_v3	GSE178341_GSE178341__C165_T_0_0_0_c1_v3_1f8814b4b7de	GSE178341	Colorectal cancer	epithelial_solid_default	GSE178341_GSE178341__C165_T_0_0_0_c1_v3_1f8814b4b7de::0	241	0.05206076800823212	0.01874039471149444	1.0	240	0.004166666666666667	malignant
GSE178341|GSE178341__C165_T_0_0_0_c1_v3	GSE178341_GSE178341__C165_T_0_0_0_c1_v3_1f8814b4b7de	GSE178341	Colorectal cancer	epithelial_solid_default	GSE178341_GSE178341__C165_T_0_0_0_c1_v3_1f8814b4b7de::1	137	0.07200691103935242	0.01874039471149444	0.9927007299270073	137	0.5912408759124088	malignant
GSE178341|GSE178341__C165_T_0_0_0_c1_v3	GSE178341_GSE178341__C165_T_0_0_0_c1_v3_1f8814b4b7de	GSE178341	Colorectal cancer	epithelial_solid_default	GSE178341_GSE178341__C165_T_0_0_0_c1_v3_1f8814b4b7de::2	131	0.03054639883339405	0.01874039471149444	0.8244274809160306	131	0.022900763358778626	malignant
GSE178341|GSE178341__C165_T_0_0_1_c1_v3	GSE178341_GSE178341__C165_T_0_0_1_c1_v3_94f78aa5d267	GSE178341	Colorectal cancer	epithelial_solid_default	GSE178341_GSE178341__C165_T_0_0_1_c1_v3_94f78aa5d267::0	85	0.060201942920684814	0.048203566223382906	0.6823529411764706	0		malignant
GSE178341|GSE178341__C166_T_0_0_0_c1_v3	GSE178341_GSE178341__C166_T_0_0_0_c1_v3_aaf8e9f95a0c	GSE178341	Colorectal cancer	epithelial_solid_default	GSE178341_GSE178341__C166_T_0_0_0_c1_v3_aaf8e9f95a0c::1	596	0.012210088782012463	0.051600074619054664	0.016778523489932886	592	0.30236486486486486	uncertain
GSE178341|GSE178341__C166_T_0_0_0_c1_v3	GSE178341_GSE178341__C166_T_0_0_0_c1_v3_aaf8e9f95a0c	GSE178341	Colorectal cancer	epithelial_solid_default	GSE178341_GSE178341__C166_T_0_0_0_c1_v3_aaf8e9f95a0c::0	2653	0.05043080821633339	0.051600074619054664	0.4150018846588767	2644	0.5612708018154312	malignant
GSE178341|GSE178341__C166_T_0_0_0_c1_v3	GSE178341_GSE178341__C166_T_0_0_0_c1_v3_aaf8e9f95a0c	GSE178341	Colorectal cancer	epithelial_solid_default	GSE178341_GSE178341__C166_T_0_0_0_c1_v3_aaf8e9f95a0c::2	122	0.004439279902726412	0.051600074619054664	0.01639344262295082	121	0.10743801652892562	uncertain
GSE178341|GSE178341__C167_T_1_1_0_c1_v3	GSE178341_GSE178341__C167_T_1_1_0_c1_v3_3e9c9a63aeaa	GSE178341	Colorectal cancer	epithelial_solid_default	GSE178341_GSE178341__C167_T_1_1_0_c1_v3_3e9c9a63aeaa::0	45	0.018228648230433464	0.053375965990126194	0.13333333333333333	0		non_malignant
GSE178341|GSE178341__C168_T_1_1_0_c1_v3	GSE178341_GSE178341__C168_T_1_1_0_c1_v3_c3c2afdd3e1a	GSE178341	Colorectal cancer	epithelial_solid_default	GSE178341_GSE178341__C168_T_1_1_0_c1_v3_c3c2afdd3e1a::0	168	0.061913665384054184	0.05848833777010444	0.5535714285714286	168	0.9940476190476191	malignant
GSE178341|GSE178341__C168_T_1_1_0_c1_v3	GSE178341_GSE178341__C168_T_1_1_0_c1_v3_c3c2afdd3e1a	GSE178341	Colorectal cancer	epithelial_solid_default	GSE178341_GSE178341__C168_T_1_1_0_c1_v3_c3c2afdd3e1a::1	109	0.004702819511294365	0.05848833777010444	0.0	91	0.13186813186813187	uncertain
GSE178341|GSE178341__C169_T_1_1_0_c1_v3	GSE178341_GSE178341__C169_T_1_1_0_c1_v3_62f8fc87be6d	GSE178341	Colorectal cancer	epithelial_solid_default	GSE178341_GSE178341__C169_T_1_1_0_c1_v3_62f8fc87be6d::0	145	0.014480235986411572	0.059999935887753965	0.020689655172413793	0		non_malignant
GSE178341|GSE178341__C170_T_0_0_0_c1_v3	GSE178341_GSE178341__C170_T_0_0_0_c1_v3_6f10f7adc29a	GSE178341	Colorectal cancer	epithelial_solid_default	GSE178341_GSE178341__C170_T_0_0_0_c1_v3_6f10f7adc29a::0	947	0.03769665211439133	0.04834533035755149	0.34318901795142553	901	0.8668146503884573	malignant
GSE178341|GSE178341__C170_T_0_0_0_c1_v3	GSE178341_GSE178341__C170_T_0_0_0_c1_v3_6f10f7adc29a	GSE178341	Colorectal cancer	epithelial_solid_default	GSE178341_GSE178341__C170_T_0_0_0_c1_v3_6f10f7adc29a::2	51	0.0009066801285371184	0.04834533035755149	0.0	25	0.08	uncertain
GSE178341|GSE178341__C170_T_0_0_0_c1_v3	GSE178341_GSE178341__C170_T_0_0_0_c1_v3_6f10f7adc29a	GSE178341	Colorectal cancer	epithelial_solid_default	GSE178341_GSE178341__C170_T_0_0_0_c1_v3_6f10f7adc29a::1	129	9.367876191390678e-05	0.04834533035755149	0.0	47	0.1276595744680851	uncertain
GSE178341|GSE178341__C170_T_0_0_0_c1_v3	GSE178341_GSE178341__C170_T_0_0_0_c1_v3_6f10f7adc29a	GSE178341	Colorectal cancer	epithelial_solid_default	GSE178341_GSE178341__C170_T_0_0_0_c1_v3_6f10f7adc29a::3	16	0.0013540005311369896	0.04834533035755149	0.0	6	0.16666666666666666	uncertain
GSE178341|GSE178341__C170_T_0_0_1_c1_v3	GSE178341_GSE178341__C170_T_0_0_1_c1_v3_8edc872382ad	GSE178341	Colorectal cancer	epithelial_solid_default	GSE178341_GSE178341__C170_T_0_0_1_c1_v3_8edc872382ad::0	160	0.04585377499461174	0.0706335332989692	0.125	160	0.80625	malignant
GSE178341|GSE178341__C170_T_0_0_1_c1_v3	GSE178341_GSE178341__C170_T_0_0_1_c1_v3_8edc872382ad	GSE178341	Colorectal cancer	epithelial_solid_default	GSE178341_GSE178341__C170_T_0_0_1_c1_v3_8edc872382ad::1	94	0.009203112684190273	0.0706335332989692	0.0	62	0.08064516129032258	uncertain
GSE178341|GSE178341__C171_TA_1_1_0_c1_v3	GSE178341_GSE178341__C171_TA_1_1_0_c1_v3_7745e774047e	GSE178341	Colorectal cancer	epithelial_solid_default	GSE178341_GSE178341__C171_TA_1_1_0_c1_v3_7745e774047e::0	251	0.09414452314376831	0.04280256517231478	0.9681274900398407	251	1.0	malignant
GSE178341|GSE178341__C171_TA_1_1_0_c1_v3	GSE178341_GSE178341__C171_TA_1_1_0_c1_v3_7745e774047e	GSE178341	Colorectal cancer	epithelial_solid_default	GSE178341_GSE178341__C171_TA_1_1_0_c1_v3_7745e774047e::1	176	0.002809599507600069	0.04280256517231478	0.005681818181818182	106	0.04716981132075472	uncertain
GSE178341|GSE178341__C171_TB_1_1_0_c1_v3	GSE178341_GSE178341__C171_TB_1_1_0_c1_v3_3f18a87fe3a2	GSE178341	Colorectal cancer	epithelial_solid_default	GSE178341_GSE178341__C171_TB_1_1_0_c1_v3_3f18a87fe3a2::0	229	0.08165805786848068	0.03408824369311343	1.0	229	0.9956331877729258	malignant
GSE178341|GSE178341__C171_TB_1_1_0_c1_v3	GSE178341_GSE178341__C171_TB_1_1_0_c1_v3_3f18a87fe3a2	GSE178341	Colorectal cancer	epithelial_solid_default	GSE178341_GSE178341__C171_TB_1_1_0_c1_v3_3f18a87fe3a2::1	113	0.007482578977942467	0.03408824369311343	0.04424778761061947	92	0.06521739130434782	uncertain
GSE178341|GSE178341__C171_TB_1_1_1_c1_v3	GSE178341_GSE178341__C171_TB_1_1_1_c1_v3_66baf069d1a3	GSE178341	Colorectal cancer	epithelial_solid_default	GSE178341_GSE178341__C171_TB_1_1_1_c1_v3_66baf069d1a3::0	224	0.08211896568536758	0.04484689794480804	0.9508928571428571	223	0.9955156950672646	malignant
GSE178341|GSE178341__C171_TB_1_1_1_c1_v3	GSE178341_GSE178341__C171_TB_1_1_1_c1_v3_66baf069d1a3	GSE178341	Colorectal cancer	epithelial_solid_default	GSE178341_GSE178341__C171_TB_1_1_1_c1_v3_66baf069d1a3::2	43	0.009303078055381775	0.04484689794480804	0.023255813953488372	29	0.1724137931034483	uncertain
GSE178341|GSE178341__C171_TB_1_1_1_c1_v3	GSE178341_GSE178341__C171_TB_1_1_1_c1_v3_66baf069d1a3	GSE178341	Colorectal cancer	epithelial_solid_default	GSE178341_GSE178341__C171_TB_1_1_1_c1_v3_66baf069d1a3::1	45	0.007407264783978462	0.04484689794480804	0.044444444444444446	22	0.0	non_malignant
GSE178341|GSE178341__C172_T_0_0_0_c1_v3	GSE178341_GSE178341__C172_T_0_0_0_c1_v3_87637a655f6d	GSE178341	Colorectal cancer	epithelial_solid_default	GSE178341_GSE178341__C172_T_0_0_0_c1_v3_87637a655f6d::0	129	0.06054455786943436	0.04154609888792044	0.7751937984496124	0		malignant
GSE178341|GSE178341__C172_T_0_0_0_c1_v3	GSE178341_GSE178341__C172_T_0_0_0_c1_v3_87637a655f6d	GSE178341	Colorectal cancer	epithelial_solid_default	GSE178341_GSE178341__C172_T_0_0_0_c1_v3_87637a655f6d::1	30	0.016751747578382492	0.04154609888792044	0.03333333333333333	0		non_malignant
GSE178341|GSE178341__C173_T_0_0_0_c1_v3	GSE178341_GSE178341__C173_T_0_0_0_c1_v3_4f5b7614a24c	GSE178341	Colorectal cancer	epithelial_solid_default	GSE178341_GSE178341__C173_T_0_0_0_c1_v3_4f5b7614a24c::1	131	0.008032575249671936	0.046456489637494075	0.030534351145038167	83	0.07228915662650602	uncertain
GSE178341|GSE178341__C173_T_0_0_0_c1_v3	GSE178341_GSE178341__C173_T_0_0_0_c1_v3_4f5b7614a24c	GSE178341	Colorectal cancer	epithelial_solid_default	GSE178341_GSE178341__C173_T_0_0_0_c1_v3_4f5b7614a24c::0	140	0.0410589762032032	0.046456489637494075	0.35	140	0.8642857142857143	malignant
GSE273127|GSE273127__GSM8422221_EC01	GSE273127_GSE273127__GSM8422221_EC01_3e043bb170f6	GSE273127	Esophageal cancer	epithelial_solid_default	GSE273127_GSE273127__GSM8422221_EC01_3e043bb170f6::0	928	0.05800890177488327	0.02474667690694322	0.8857758620689655	925	0.9697297297297297	malignant
GSE273127|GSE273127__GSM8422221_EC01	GSE273127_GSE273127__GSM8422221_EC01_3e043bb170f6	GSE273127	Esophageal cancer	epithelial_solid_default	GSE273127_GSE273127__GSM8422221_EC01_3e043bb170f6::1	160	0.0008727701497264206	0.02474667690694322	0.00625	119	0.008403361344537815	uncertain
GSE273127|GSE273127__GSM8422222_EC02	GSE273127_GSE273127__GSM8422222_EC02_e6f367086be9	GSE273127	Esophageal cancer	epithelial_solid_default	GSE273127_GSE273127__GSM8422222_EC02_e6f367086be9::0	391	0.022505687549710274	0.0489635207131505	0.09462915601023018	226	0.2079646017699115	uncertain
GSE273127|GSE273127__GSM8422223_EC03	GSE273127_GSE273127__GSM8422223_EC03_afed2040c321	GSE273127	Esophageal cancer	epithelial_solid_default	GSE273127_GSE273127__GSM8422223_EC03_afed2040c321::0	225	0.007698363158851862	0.05208330176770686	0.0	94	0.02127659574468085	uncertain
GSE273127|GSE273127__GSM8422223_EC03	GSE273127_GSE273127__GSM8422223_EC03_afed2040c321	GSE273127	Esophageal cancer	epithelial_solid_default	GSE273127_GSE273127__GSM8422223_EC03_afed2040c321::1	172	0.06497541815042496	0.05208330176770686	0.563953488372093	169	0.005917159763313609	uncertain
GSE273127|GSE273127__GSM8422223_EC03	GSE273127_GSE273127__GSM8422223_EC03_afed2040c321	GSE273127	Esophageal cancer	epithelial_solid_default	GSE273127_GSE273127__GSM8422223_EC03_afed2040c321::2	57	0.06284601986408234	0.05208330176770686	0.6491228070175439	57	1.0	malignant
GSE273127|GSE273127__GSM8422224_EC04	GSE273127_GSE273127__GSM8422224_EC04_124474aabbdc	GSE273127	Esophageal cancer	epithelial_solid_default	GSE273127_GSE273127__GSM8422224_EC04_124474aabbdc::0	147	0.11993099749088287	0.04007834643125524	1.0	147	1.0	malignant
GSE273127|GSE273127__GSM8422224_EC04	GSE273127_GSE273127__GSM8422224_EC04_124474aabbdc	GSE273127	Esophageal cancer	epithelial_solid_default	GSE273127_GSE273127__GSM8422224_EC04_124474aabbdc::1	118	0.025136280804872513	0.04007834643125524	0.2288135593220339	112	0.026785714285714284	uncertain
GSE273127|GSE273127__GSM8422224_EC04	GSE273127_GSE273127__GSM8422224_EC04_124474aabbdc	GSE273127	Esophageal cancer	epithelial_solid_default	GSE273127_GSE273127__GSM8422224_EC04_124474aabbdc::2	74	0.005637370515614748	0.04007834643125524	0.0	53	0.0	non_malignant
GSE273127|GSE273127__GSM8422225_EC05	GSE273127_GSE273127__GSM8422225_EC05_cc50f26ffc25	GSE273127	Esophageal cancer	epithelial_solid_default	GSE273127_GSE273127__GSM8422225_EC05_cc50f26ffc25::0	1332	0.04887564107775688	0.0047407567827030695	0.9324324324324325	1326	0.8883861236802413	malignant
GSE273127|GSE273127__GSM8422225_EC05	GSE273127_GSE273127__GSM8422225_EC05_cc50f26ffc25	GSE273127	Esophageal cancer	epithelial_solid_default	GSE273127_GSE273127__GSM8422225_EC05_cc50f26ffc25::1	820	0.0484447218477726	0.0047407567827030695	0.9890243902439024	816	0.0012254901960784314	malignant
GSE273127|GSE273127__GSM8422225_EC05	GSE273127_GSE273127__GSM8422225_EC05_cc50f26ffc25	GSE273127	Esophageal cancer	epithelial_solid_default	GSE273127_GSE273127__GSM8422225_EC05_cc50f26ffc25::2	102	7.840598118491471e-05	0.0047407567827030695	0.0	90	0.022222222222222223	uncertain
GSE273127|GSE273127__GSM8422226_EC06	GSE273127_GSE273127__GSM8422226_EC06_92b9de0c47dd	GSE273127	Esophageal cancer	epithelial_solid_default	GSE273127_GSE273127__GSM8422226_EC06_92b9de0c47dd::0	1216	0.063042551279068	0.021128128059208405	0.9070723684210527	1215	0.8526748971193415	malignant
GSE273127|GSE273127__GSM8422226_EC06	GSE273127_GSE273127__GSM8422226_EC06_92b9de0c47dd	GSE273127	Esophageal cancer	epithelial_solid_default	GSE273127_GSE273127__GSM8422226_EC06_92b9de0c47dd::1	164	0.00046988867688924074	0.021128128059208405	0.0	100	0.0	non_malignant
GSE273127|GSE273127__GSM8422227_EC07	GSE273127_GSE273127__GSM8422227_EC07_2c79db4920a3	GSE273127	Esophageal cancer	epithelial_solid_default	GSE273127_GSE273127__GSM8422227_EC07_2c79db4920a3::0	281	0.017722925171256065	0.03938297171145682	0.0071174377224199285	197	0.025380710659898477	uncertain
GSE273127|GSE273127__GSM8422227_EC07	GSE273127_GSE273127__GSM8422227_EC07_2c79db4920a3	GSE273127	Esophageal cancer	epithelial_solid_default	GSE273127_GSE273127__GSM8422227_EC07_2c79db4920a3::1	167	0.05724542587995529	0.03938297171145682	0.8143712574850299	167	0.5269461077844312	malignant
GSE273127|GSE273127__GSM8422228_EC08	GSE273127_GSE273127__GSM8422228_EC08_d5868506de46	GSE273127	Esophageal cancer	epithelial_solid_default	GSE273127_GSE273127__GSM8422228_EC08_d5868506de46::0	3051	0.05707841366529465	0.00802122205495835	0.9026548672566371	3032	0.8367414248021108	malignant
GSE273127|GSE273127__GSM8422228_EC08	GSE273127_GSE273127__GSM8422228_EC08_d5868506de46	GSE273127	Esophageal cancer	epithelial_solid_default	GSE273127_GSE273127__GSM8422228_EC08_d5868506de46::2	1144	0.06383250653743744	0.00802122205495835	1.0	1144	0.9991258741258742	malignant
GSE273127|GSE273127__GSM8422228_EC08	GSE273127_GSE273127__GSM8422228_EC08_d5868506de46	GSE273127	Esophageal cancer	epithelial_solid_default	GSE273127_GSE273127__GSM8422228_EC08_d5868506de46::1	1298	0.04530966281890869	0.00802122205495835	0.9090909090909091	1293	0.030162412993039442	malignant
GSE273127|GSE273127__GSM8422228_EC08	GSE273127_GSE273127__GSM8422228_EC08_d5868506de46	GSE273127	Esophageal cancer	epithelial_solid_default	GSE273127_GSE273127__GSM8422228_EC08_d5868506de46::3	960	0.0003009935317095369	0.00802122205495835	0.011458333333333333	758	0.005277044854881266	uncertain
GSE273127|GSE273127__GSM8422229_EC09	GSE273127_GSE273127__GSM8422229_EC09_2fe1057291dc	GSE273127	Esophageal cancer	epithelial_solid_default	GSE273127_GSE273127__GSM8422229_EC09_2fe1057291dc::0	4036	0.05061495304107666	0.009011798361316355	0.9997522299306244	4032	0.7289186507936508	malignant
GSE273127|GSE273127__GSM8422229_EC09	GSE273127_GSE273127__GSM8422229_EC09_2fe1057291dc	GSE273127	Esophageal cancer	epithelial_solid_default	GSE273127_GSE273127__GSM8422229_EC09_2fe1057291dc::3	103	0.08121100068092346	0.009011798361316355	1.0	102	0.9803921568627451	malignant
GSE273127|GSE273127__GSM8422229_EC09	GSE273127_GSE273127__GSM8422229_EC09_2fe1057291dc	GSE273127	Esophageal cancer	epithelial_solid_default	GSE273127_GSE273127__GSM8422229_EC09_2fe1057291dc::2	354	0.0002460553660057485	0.009011798361316355	0.0	280	0.0	non_malignant
GSE273127|GSE273127__GSM8422229_EC09	GSE273127_GSE273127__GSM8422229_EC09_2fe1057291dc	GSE273127	Esophageal cancer	epithelial_solid_default	GSE273127_GSE273127__GSM8422229_EC09_2fe1057291dc::1	1339	0.007831702008843422	0.009011798361316355	0.3368185212845407	1331	0.032306536438767845	uncertain
GSE273127|GSE273127__GSM8422229_EC09	GSE273127_GSE273127__GSM8422229_EC09_2fe1057291dc	GSE273127	Esophageal cancer	epithelial_solid_default	GSE273127_GSE273127__GSM8422229_EC09_2fe1057291dc::4	26	0.0008004669798538089	0.009011798361316355	0.0	23	0.0	non_malignant
GSE273127|GSE273127__GSM8422230_EC11	GSE273127_GSE273127__GSM8422230_EC11_ce216857836c	GSE273127	Esophageal cancer	epithelial_solid_default	GSE273127_GSE273127__GSM8422230_EC11_ce216857836c::0	410	0.021938463672995567	0.04270182851701976	0.12682926829268293	254	0.24015748031496062	uncertain
GSE273127|GSE273127__GSM8422231_EC12	GSE273127_GSE273127__GSM8422231_EC12_c7ec698c2493	GSE273127	Esophageal cancer	epithelial_solid_default	GSE273127_GSE273127__GSM8422231_EC12_c7ec698c2493::0	2696	0.05159103497862816	0.020810694471001787	0.8460682492581603	2685	0.2756052141527002	malignant
GSE273127|GSE273127__GSM8422231_EC12	GSE273127_GSE273127__GSM8422231_EC12_c7ec698c2493	GSE273127	Esophageal cancer	epithelial_solid_default	GSE273127_GSE273127__GSM8422231_EC12_c7ec698c2493::1	419	0.00015495589468628168	0.020810694471001787	0.0	224	0.0	non_malignant
GSE273127|GSE273127__GSM8422231_EC12	GSE273127_GSE273127__GSM8422231_EC12_c7ec698c2493	GSE273127	Esophageal cancer	epithelial_solid_default	GSE273127_GSE273127__GSM8422231_EC12_c7ec698c2493::2	392	0.014960593543946743	0.020810694471001787	0.18622448979591838	351	0.005698005698005698	uncertain
GSE163558|GSM5004180_PT1	GSE163558_GSM5004180_PT1_76ceb686cba7	GSE163558	Gastric cancer	epithelial_solid_default	GSE163558_GSM5004180_PT1_76ceb686cba7::1	96	0.1243419423699379	0.04670654825866222	1.0	96	1.0	malignant
GSE163558|GSM5004180_PT1	GSE163558_GSM5004180_PT1_76ceb686cba7	GSE163558	Gastric cancer	epithelial_solid_default	GSE163558_GSM5004180_PT1_76ceb686cba7::0	115	0.014720785431563854	0.04670654825866222	0.043478260869565216	98	0.04081632653061224	uncertain
GSE163558|GSM5004181_PT2	GSE163558_GSM5004181_PT2_cf5c6de339fb	GSE163558	Gastric cancer	epithelial_solid_default	GSE163558_GSM5004181_PT2_cf5c6de339fb::1	873	0.051632918417453766	0.04687067084014416	0.5223367697594502	873	0.5578465063001146	malignant
GSE163558|GSM5004181_PT2	GSE163558_GSM5004181_PT2_cf5c6de339fb	GSE163558	Gastric cancer	epithelial_solid_default	GSE163558_GSM5004181_PT2_cf5c6de339fb::2	89	0.0002422762190690264	0.04687067084014416	0.0	73	0.0	non_malignant
GSE163558|GSM5004181_PT2	GSE163558_GSM5004181_PT2_cf5c6de339fb	GSE163558	Gastric cancer	epithelial_solid_default	GSE163558_GSM5004181_PT2_cf5c6de339fb::0	1013	0.012605162337422371	0.04687067084014416	0.0029615004935834156	1001	0.2857142857142857	uncertain
GSE163558|GSM5004182_PT3	GSE163558_GSM5004182_PT3_c50a37f3e052	GSE163558	Gastric cancer	epithelial_solid_default	GSE163558_GSM5004182_PT3_c50a37f3e052::0	46	0.06000157445669174	0.0354890629649164	0.5652173913043478	0		uncertain
GSE163558|GSM5004183_NT1	GSE163558_GSM5004183_NT1_4b0fd21f404d	GSE163558	Gastric cancer	epithelial_solid_default	GSE163558_GSM5004183_NT1_4b0fd21f404d::0	69	0.03689498454332352	0.04752419684082267	0.3188405797101449	0		uncertain
GSE163558|GSM5004186_O1	GSE163558_GSM5004186_O1_f75711116c37	GSE163558	Gastric cancer	epithelial_solid_default	GSE163558_GSM5004186_O1_f75711116c37::0	218	0.10684739798307419	0.050222950801253316	0.9357798165137615	217	0.9953917050691244	malignant
GSE163558|GSM5004186_O1	GSE163558_GSM5004186_O1_f75711116c37	GSE163558	Gastric cancer	epithelial_solid_default	GSE163558_GSM5004186_O1_f75711116c37::2	87	0.010281131602823734	0.050222950801253316	0.034482758620689655	69	0.08695652173913043	uncertain
GSE163558|GSM5004186_O1	GSE163558_GSM5004186_O1_f75711116c37	GSE163558	Gastric cancer	epithelial_solid_default	GSE163558_GSM5004186_O1_f75711116c37::1	127	0.0003098321030847728	0.050222950801253316	0.0	64	0.0	non_malignant
GSE163558|GSM5004187_P1	GSE163558_GSM5004187_P1_d6d66e9b95dd	GSE163558	Gastric cancer	epithelial_solid_default	GSE163558_GSM5004187_P1_d6d66e9b95dd::0	96	0.11541219800710678	0.05908678896725154	1.0	0		malignant
GSE163558|GSM5004187_P1	GSE163558_GSM5004187_P1_d6d66e9b95dd	GSE163558	Gastric cancer	epithelial_solid_default	GSE163558_GSM5004187_P1_d6d66e9b95dd::1	47	0.017422351986169815	0.05908678896725154	0.02127659574468085	0		non_malignant
GSE183904|GSE183904__GSM5573466_sample1	GSE183904_GSE183904__GSM5573466_sample1_b792fbeb732e	GSE183904	Gastric cancer	epithelial_solid_default	GSE183904_GSE183904__GSM5573466_sample1_b792fbeb732e::0	475	0.015316448174417019	0.028152929153293343	0.13052631578947368	311	0.2508038585209003	uncertain
GSE183904|GSE183904__GSM5573467_sample2	GSE183904_GSE183904__GSM5573467_sample2_5d4b99692696	GSE183904	Gastric cancer	epithelial_solid_default	GSE183904_GSE183904__GSM5573467_sample2_5d4b99692696::1	30	0.04820910468697548	0.044645884074270725	0.4666666666666667	0		uncertain
GSE183904|GSE183904__GSM5573467_sample2	GSE183904_GSE183904__GSM5573467_sample2_5d4b99692696	GSE183904	Gastric cancer	epithelial_solid_default	GSE183904_GSE183904__GSM5573467_sample2_5d4b99692696::0	92	0.013510753400623798	0.044645884074270725	0.0	0		non_malignant
GSE183904|GSE183904__GSM5573468_sample3	GSE183904_GSE183904__GSM5573468_sample3_3fec41da5626	GSE183904	Gastric cancer	epithelial_solid_default	GSE183904_GSE183904__GSM5573468_sample3_3fec41da5626::0	117	0.0262917447835207	0.05317161988466981	0.15384615384615385	0		non_malignant
GSE183904|GSE183904__GSM5573468_sample3	GSE183904_GSE183904__GSM5573468_sample3_3fec41da5626	GSE183904	Gastric cancer	epithelial_solid_default	GSE183904_GSE183904__GSM5573468_sample3_3fec41da5626::1	53	0.01124252937734127	0.05317161988466981	0.0	0		non_malignant
GSE183904|GSE183904__GSM5573469_sample4	GSE183904_GSE183904__GSM5573469_sample4_fe95e603d603	GSE183904	Gastric cancer	epithelial_solid_default	GSE183904_GSE183904__GSM5573469_sample4_fe95e603d603::0	439	0.01845266856253147	0.04544227074831717	0.07972665148063782	333	0.43843843843843844	uncertain
GSE183904|GSE183904__GSM5573470_sample5	GSE183904_GSE183904__GSM5573470_sample5_a5ff775c9c1b	GSE183904	Gastric cancer	epithelial_solid_default	GSE183904_GSE183904__GSM5573470_sample5_a5ff775c9c1b::0	338	0.021575169637799263	0.04898024365305901	0.023668639053254437	290	0.6275862068965518	malignant
GSE183904|GSE183904__GSM5573471_sample6	GSE183904_GSE183904__GSM5573471_sample6_843214a70d4a	GSE183904	Gastric cancer	epithelial_solid_default	GSE183904_GSE183904__GSM5573471_sample6_843214a70d4a::0	187	0.020343681797385216	0.04555983431637287	0.0855614973262032	0		non_malignant
GSE183904|GSE183904__GSM5573472_sample7	GSE183904_GSE183904__GSM5573472_sample7_f72f949cfd8b	GSE183904	Gastric cancer	epithelial_solid_default	GSE183904_GSE183904__GSM5573472_sample7_f72f949cfd8b::0	335	0.014380443841218948	0.04064863756299019	0.056716417910447764	226	0.0	non_malignant
GSE183904|GSE183904__GSM5573472_sample7	GSE183904_GSE183904__GSM5573472_sample7_f72f949cfd8b	GSE183904	Gastric cancer	epithelial_solid_default	GSE183904_GSE183904__GSM5573472_sample7_f72f949cfd8b::1	67	0.056558411568403244	0.04064863756299019	0.4626865671641791	58	0.43103448275862066	uncertain
GSE183904|GSE183904__GSM5573473_sample8	GSE183904_GSE183904__GSM5573473_sample8_87435bf70f1b	GSE183904	Gastric cancer	epithelial_solid_default	GSE183904_GSE183904__GSM5573473_sample8_87435bf70f1b::0	163	0.015253228135406971	0.02819341227412224	0.10429447852760736	0		non_malignant
GSE183904|GSE183904__GSM5573474_sample9	GSE183904_GSE183904__GSM5573474_sample9_2e5bf0177de6	GSE183904	Gastric cancer	epithelial_solid_default	GSE183904_GSE183904__GSM5573474_sample9_2e5bf0177de6::0	691	0.01341099850833416	0.03366565451025962	0.0361794500723589	516	0.22868217054263565	uncertain
GSE183904|GSE183904__GSM5573475_sample10	GSE183904_GSE183904__GSM5573475_sample10_df2420637cb1	GSE183904	Gastric cancer	epithelial_solid_default	GSE183904_GSE183904__GSM5573475_sample10_df2420637cb1::0	140	0.01747765950858593	0.03084993168711663	0.12857142857142856	0		non_malignant
GSE183904|GSE183904__GSM5573475_sample10	GSE183904_GSE183904__GSM5573475_sample10_df2420637cb1	GSE183904	Gastric cancer	epithelial_solid_default	GSE183904_GSE183904__GSM5573475_sample10_df2420637cb1::1	14	0.07189296931028366	0.03084993168711663	1.0	0		uncertain
GSE183904|GSE183904__GSM5573478_sample13	GSE183904_GSE183904__GSM5573478_sample13_3b8f7614f1d5	GSE183904	Gastric cancer	epithelial_solid_default	GSE183904_GSE183904__GSM5573478_sample13_3b8f7614f1d5::0	114	0.010216454043984413	0.01601281173527241	0.08771929824561403	0		non_malignant
GSE183904|GSE183904__GSM5573479_sample14	GSE183904_GSE183904__GSM5573479_sample14_42f1b89fe3af	GSE183904	Gastric cancer	epithelial_solid_default	GSE183904_GSE183904__GSM5573479_sample14_42f1b89fe3af::0	551	0.014432249590754509	0.02565452348440874	0.12341197822141561	299	0.42474916387959866	uncertain
GSE183904|GSE183904__GSM5573480_sample15	GSE183904_GSE183904__GSM5573480_sample15_6c74c9b0fc79	GSE183904	Gastric cancer	epithelial_solid_default	GSE183904_GSE183904__GSM5573480_sample15_6c74c9b0fc79::1	193	0.042686935514211655	0.039993609413504605	0.5440414507772021	191	0.9581151832460733	malignant
GSE183904|GSE183904__GSM5573480_sample15	GSE183904_GSE183904__GSM5573480_sample15_6c74c9b0fc79	GSE183904	Gastric cancer	epithelial_solid_default	GSE183904_GSE183904__GSM5573480_sample15_6c74c9b0fc79::0	217	0.009335024282336235	0.039993609413504605	0.004608294930875576	153	0.0784313725490196	uncertain
GSE183904|GSE183904__GSM5573481_sample16	GSE183904_GSE183904__GSM5573481_sample16_e7e548cb114d	GSE183904	Gastric cancer	epithelial_solid_default	GSE183904_GSE183904__GSM5573481_sample16_e7e548cb114d::0	116	0.04175819084048271	0.04582351073622704	0.3275862068965517	0		uncertain
GSE183904|GSE183904__GSM5573481_sample16	GSE183904_GSE183904__GSM5573481_sample16_e7e548cb114d	GSE183904	Gastric cancer	epithelial_solid_default	GSE183904_GSE183904__GSM5573481_sample16_e7e548cb114d::1	66	0.009151923470199108	0.04582351073622704	0.015151515151515152	0		non_malignant
GSE183904|GSE183904__GSM5573482_sample17	GSE183904_GSE183904__GSM5573482_sample17_2c52434a666e	GSE183904	Gastric cancer	epithelial_solid_default	GSE183904_GSE183904__GSM5573482_sample17_2c52434a666e::2	85	0.019147634506225586	0.03595385856926434	0.2235294117647059	57	0.0	uncertain
GSE183904|GSE183904__GSM5573482_sample17	GSE183904_GSE183904__GSM5573482_sample17_2c52434a666e	GSE183904	Gastric cancer	epithelial_solid_default	GSE183904_GSE183904__GSM5573482_sample17_2c52434a666e::1	133	0.030239492654800415	0.03595385856926434	0.40601503759398494	124	0.016129032258064516	uncertain
GSE183904|GSE183904__GSM5573482_sample17	GSE183904_GSE183904__GSM5573482_sample17_2c52434a666e	GSE183904	Gastric cancer	epithelial_solid_default	GSE183904_GSE183904__GSM5573482_sample17_2c52434a666e::0	201	0.08736041933298111	0.03595385856926434	1.0	201	0.7611940298507462	malignant
GSE183904|GSE183904__GSM5573483_sample18	GSE183904_GSE183904__GSM5573483_sample18_035e5409fac2	GSE183904	Gastric cancer	epithelial_solid_default	GSE183904_GSE183904__GSM5573483_sample18_035e5409fac2::0	612	0.01105404831469059	0.025019875206053265	0.06699346405228758	202	0.0297029702970297	uncertain
GSE183904|GSE183904__GSM5573485_sample20	GSE183904_GSE183904__GSM5573485_sample20_aeddab6d2cb2	GSE183904	Gastric cancer	epithelial_solid_default	GSE183904_GSE183904__GSM5573485_sample20_aeddab6d2cb2::0	30	0.031438812613487244	0.03662250339984893	0.26666666666666666	0		uncertain
GSE183904|GSE183904__GSM5573486_sample21	GSE183904_GSE183904__GSM5573486_sample21_cd5e17ce42ba	GSE183904	Gastric cancer	epithelial_solid_default	GSE183904_GSE183904__GSM5573486_sample21_cd5e17ce42ba::0	484	0.021309571340680122	0.03755479998886587	0.128099173553719	432	0.5625	malignant
GSE183904|GSE183904__GSM5573488_sample23	GSE183904_GSE183904__GSM5573488_sample23_009c71feb79b	GSE183904	Gastric cancer	epithelial_solid_default	GSE183904_GSE183904__GSM5573488_sample23_009c71feb79b::0	362	0.02104431763291359	0.036764591149985745	0.07734806629834254	355	0.36338028169014086	uncertain
GSE183904|GSE183904__GSM5573488_sample23	GSE183904_GSE183904__GSM5573488_sample23_009c71feb79b	GSE183904	Gastric cancer	epithelial_solid_default	GSE183904_GSE183904__GSM5573488_sample23_009c71feb79b::1	191	0.005925609264522791	0.036764591149985745	0.0	99	0.020202020202020204	uncertain
GSE183904|GSE183904__GSM5573489_sample24	GSE183904_GSE183904__GSM5573489_sample24_fd5f255136eb	GSE183904	Gastric cancer	epithelial_solid_default	GSE183904_GSE183904__GSM5573489_sample24_fd5f255136eb::0	276	0.011510487645864487	0.038684477210044844	0.007246376811594203	155	0.5225806451612903	malignant
GSE183904|GSE183904__GSM5573490_sample25	GSE183904_GSE183904__GSM5573490_sample25_e939c7809197	GSE183904	Gastric cancer	epithelial_solid_default	GSE183904_GSE183904__GSM5573490_sample25_e939c7809197::0	616	0.020928725600242615	0.024014493469148867	0.387987012987013	536	0.35074626865671643	uncertain
GSE183904|GSE183904__GSM5573491_sample26	GSE183904_GSE183904__GSM5573491_sample26_b5a896da1f42	GSE183904	Gastric cancer	epithelial_solid_default	GSE183904_GSE183904__GSM5573491_sample26_b5a896da1f42::0	154	0.022155435755848885	0.03380254030227659	0.18181818181818182	0		non_malignant
GSE183904|GSE183904__GSM5573492_sample27	GSE183904_GSE183904__GSM5573492_sample27_b959f7bba763	GSE183904	Gastric cancer	epithelial_solid_default	GSE183904_GSE183904__GSM5573492_sample27_b959f7bba763::0	43	0.023548323661088943	0.03010061226785184	0.37209302325581395	0		uncertain
GSE183904|GSE183904__GSM5573493_sample28	GSE183904_GSE183904__GSM5573493_sample28_1159b47c1340	GSE183904	Gastric cancer	epithelial_solid_default	GSE183904_GSE183904__GSM5573493_sample28_1159b47c1340::0	317	0.02001737430691719	0.037144346721470385	0.0694006309148265	285	0.3508771929824561	uncertain
GSE183904|GSE183904__GSM5573494_sample29	GSE183904_GSE183904__GSM5573494_sample29_87946d274f88	GSE183904	Gastric cancer	epithelial_solid_default	GSE183904_GSE183904__GSM5573494_sample29_87946d274f88::0	639	0.04713579639792442	0.016846507042646387	0.9921752738654147	639	0.9968701095461658	malignant
GSE183904|GSE183904__GSM5573494_sample29	GSE183904_GSE183904__GSM5573494_sample29_87946d274f88	GSE183904	Gastric cancer	epithelial_solid_default	GSE183904_GSE183904__GSM5573494_sample29_87946d274f88::1	359	0.022313041612505913	0.016846507042646387	0.37604456824512533	332	0.1746987951807229	uncertain
GSE183904|GSE183904__GSM5573494_sample29	GSE183904_GSE183904__GSM5573494_sample29_87946d274f88	GSE183904	Gastric cancer	epithelial_solid_default	GSE183904_GSE183904__GSM5573494_sample29_87946d274f88::2	148	0.0002458615927025676	0.016846507042646387	0.0	56	0.0	non_malignant
GSE183904|GSE183904__GSM5573495_sample30	GSE183904_GSE183904__GSM5573495_sample30_d4363717ee11	GSE183904	Gastric cancer	epithelial_solid_default	GSE183904_GSE183904__GSM5573495_sample30_d4363717ee11::0	114	0.017833299934864044	0.024486669227480818	0.23684210526315788	0		uncertain
GSE183904|GSE183904__GSM5573496_sample31	GSE183904_GSE183904__GSM5573496_sample31_768552721644	GSE183904	Gastric cancer	epithelial_solid_default	GSE183904_GSE183904__GSM5573496_sample31_768552721644::1	136	0.02250570058822632	0.03331009313464172	0.18382352941176472	134	0.007462686567164179	uncertain
GSE183904|GSE183904__GSM5573496_sample31	GSE183904_GSE183904__GSM5573496_sample31_768552721644	GSE183904	Gastric cancer	epithelial_solid_default	GSE183904_GSE183904__GSM5573496_sample31_768552721644::0	268	0.010084034875035286	0.03331009313464172	0.03731343283582089	131	0.16030534351145037	uncertain
GSE183904|GSE183904__GSM5573497_sample32	GSE183904_GSE183904__GSM5573497_sample32_67a6744e2818	GSE183904	Gastric cancer	epithelial_solid_default	GSE183904_GSE183904__GSM5573497_sample32_67a6744e2818::0	383	0.01289323065429926	0.040129563659429546	0.03655352480417755	258	0.7093023255813954	malignant
GSE183904|GSE183904__GSM5573497_sample32	GSE183904_GSE183904__GSM5573497_sample32_67a6744e2818	GSE183904	Gastric cancer	epithelial_solid_default	GSE183904_GSE183904__GSM5573497_sample32_67a6744e2818::1	57	0.009516281075775623	0.040129563659429546	0.0	27	0.1111111111111111	uncertain
GSE183904|GSE183904__GSM5573498_sample33	GSE183904_GSE183904__GSM5573498_sample33_06113989303d	GSE183904	Gastric cancer	epithelial_solid_default	GSE183904_GSE183904__GSM5573498_sample33_06113989303d::0	621	0.024864140897989273	0.030527432672679256	0.31239935587761675	454	0.2533039647577093	uncertain
GSE183904|GSE183904__GSM5573498_sample33	GSE183904_GSE183904__GSM5573498_sample33_06113989303d	GSE183904	Gastric cancer	epithelial_solid_default	GSE183904_GSE183904__GSM5573498_sample33_06113989303d::1	301	0.007538508158177137	0.030527432672679256	0.03322259136212625	147	0.8707482993197279	malignant
GSE183904|GSE183904__GSM5573499_sample34	GSE183904_GSE183904__GSM5573499_sample34_e6a85392e43d	GSE183904	Gastric cancer	epithelial_solid_default	GSE183904_GSE183904__GSM5573499_sample34_e6a85392e43d::2	103	0.058063410222530365	0.03644597578793765	0.8058252427184466	100	0.0	malignant
GSE183904|GSE183904__GSM5573499_sample34	GSE183904_GSE183904__GSM5573499_sample34_e6a85392e43d	GSE183904	Gastric cancer	epithelial_solid_default	GSE183904_GSE183904__GSM5573499_sample34_e6a85392e43d::0	353	0.01448900904506445	0.03644597578793765	0.05099150141643059	234	0.03418803418803419	uncertain
GSE183904|GSE183904__GSM5573499_sample34	GSE183904_GSE183904__GSM5573499_sample34_e6a85392e43d	GSE183904	Gastric cancer	epithelial_solid_default	GSE183904_GSE183904__GSM5573499_sample34_e6a85392e43d::1	205	0.06952884048223495	0.03644597578793765	0.9853658536585366	205	0.7804878048780488	malignant
GSE183904|GSE183904__GSM5573500_sample35	GSE183904_GSE183904__GSM5573500_sample35_b7d08f90cd27	GSE183904	Gastric cancer	epithelial_solid_default	GSE183904_GSE183904__GSM5573500_sample35_b7d08f90cd27::0	527	0.009812163189053535	0.02041379107162357	0.04933586337760911	283	0.3392226148409894	uncertain
GSE183904|GSE183904__GSM5573501_sample36	GSE183904_GSE183904__GSM5573501_sample36_20623e76d19d	GSE183904	Gastric cancer	epithelial_solid_default	GSE183904_GSE183904__GSM5573501_sample36_20623e76d19d::0	173	0.01434236578643322	0.036724790334701565	0.017341040462427744	0		non_malignant
GSE183904|GSE183904__GSM5573503_sample38	GSE183904_GSE183904__GSM5573503_sample38_61456d3a2218	GSE183904	Gastric cancer	epithelial_solid_default	GSE183904_GSE183904__GSM5573503_sample38_61456d3a2218::0	170	0.016437487676739693	0.056182429008185916	0.01764705882352941	0		non_malignant
GSE183904|GSE183904__GSM5573504_sample39	GSE183904_GSE183904__GSM5573504_sample39_ad582fdae862	GSE183904	Gastric cancer	epithelial_solid_default	GSE183904_GSE183904__GSM5573504_sample39_ad582fdae862::0	234	0.009435323998332024	0.0363206773996352	0.008547008547008548	122	0.040983606557377046	uncertain
GSE183904|GSE183904__GSM5573504_sample39	GSE183904_GSE183904__GSM5573504_sample39_ad582fdae862	GSE183904	Gastric cancer	epithelial_solid_default	GSE183904_GSE183904__GSM5573504_sample39_ad582fdae862::1	58	0.03890462964773178	0.0363206773996352	0.4482758620689655	53	0.9811320754716981	malignant
GSE183904|GSE183904__GSM5573505_sample40	GSE183904_GSE183904__GSM5573505_sample40_4d634c4fdebe	GSE183904	Gastric cancer	epithelial_solid_default	GSE183904_GSE183904__GSM5573505_sample40_4d634c4fdebe::0	54	0.023497367277741432	0.044428837299346935	0.2037037037037037	0		uncertain
GSE201347| G43N	GSE201347_G43N_2afc7cd3a388	GSE201347	Gastric cancer	epithelial_solid_default	GSE201347_G43N_2afc7cd3a388::0	149	0.03157611936330795	0.04120846588164572	0.30201342281879195	0		uncertain
GSE201347| G43T	GSE201347_G43T_152c2b7740ff	GSE201347	Gastric cancer	epithelial_solid_default	GSE201347_G43T_152c2b7740ff::0	35	0.016621094197034836	0.04497139304876366	0.08571428571428572	0		non_malignant
GSE201347| G43T	GSE201347_G43T_152c2b7740ff	GSE201347	Gastric cancer	epithelial_solid_default	GSE201347_G43T_152c2b7740ff::1	29	0.08394327014684677	0.04497139304876366	1.0	0		uncertain
GSE201347| G44T	GSE201347_G44T_7f963ee061f8	GSE201347	Gastric cancer	epithelial_solid_default	GSE201347_G44T_7f963ee061f8::0	161	0.0125162024050951	0.05778301373124131	0.0	137	0.014598540145985401	uncertain
GSE201347| G44T	GSE201347_G44T_7f963ee061f8	GSE201347	Gastric cancer	epithelial_solid_default	GSE201347_G44T_7f963ee061f8::1	63	0.05181541666388512	0.05778301373124131	0.2698412698412698	63	0.6825396825396826	malignant
GSE201347| G45T	GSE201347_G45T_22406706bd8a	GSE201347	Gastric cancer	epithelial_solid_default	GSE201347_G45T_22406706bd8a::0	113	0.01689099706709385	0.05678295262157912	0.05309734513274336	0		non_malignant
GSE201347| G47T	GSE201347_G47T_d6438bcb9382	GSE201347	Gastric cancer	epithelial_solid_default	GSE201347_G47T_d6438bcb9382::0	109	0.022582553327083588	0.05751817602664232	0.09174311926605505	0		non_malignant
GSE201347| G47T	GSE201347_G47T_d6438bcb9382	GSE201347	Gastric cancer	epithelial_solid_default	GSE201347_G47T_d6438bcb9382::1	55	0.05268416926264763	0.05751817602664232	0.32727272727272727	0		uncertain
GSE201347| G49N	GSE201347_G49N_cfd3d22f7855	GSE201347	Gastric cancer	epithelial_solid_default	GSE201347_G49N_cfd3d22f7855::0	69	0.024622714146971703	0.04529398672282696	0.17391304347826086	0		non_malignant
GSE201347| G49T	GSE201347_G49T_93a4f9ca451f	GSE201347	Gastric cancer	epithelial_solid_default	GSE201347_G49T_93a4f9ca451f::1	196	0.005932931322604418	0.04945373348891735	0.00510204081632653	114	0.017543859649122806	uncertain
GSE201347| G49T	GSE201347_G49T_93a4f9ca451f	GSE201347	Gastric cancer	epithelial_solid_default	GSE201347_G49T_93a4f9ca451f::0	239	0.03625982627272606	0.04945373348891735	0.27615062761506276	210	0.7285714285714285	malignant
GSE201347| G50N	GSE201347_G50N_60a46187826f	GSE201347	Gastric cancer	epithelial_solid_default	GSE201347_G50N_60a46187826f::0	186	0.029066983610391617	0.04552065320312971	0.14516129032258066	0		non_malignant
GSE201347| G50T	GSE201347_G50T_c9ff1fd98113	GSE201347	Gastric cancer	epithelial_solid_default	GSE201347_G50T_c9ff1fd98113::0	207	0.011463315226137638	0.03513342566788205	0.0821256038647343	128	0.03125	uncertain
GSE201347| G50T	GSE201347_G50T_c9ff1fd98113	GSE201347	Gastric cancer	epithelial_solid_default	GSE201347_G50T_c9ff1fd98113::1	175	0.081479512155056	0.03513342566788205	1.0	174	0.9942528735632183	malignant
GSE201347| G51N	GSE201347_G51N_5ee0f1734396	GSE201347	Gastric cancer	epithelial_solid_default	GSE201347_G51N_5ee0f1734396::1	144	0.009202356450259686	0.03834067024290565	0.0	101	0.24752475247524752	uncertain
GSE201347| G51N	GSE201347_G51N_5ee0f1734396	GSE201347	Gastric cancer	epithelial_solid_default	GSE201347_G51N_5ee0f1734396::0	161	0.03859942778944969	0.03834067024290565	0.4409937888198758	161	0.9937888198757764	malignant
GSE201347| G51T	GSE201347_G51T_02302c46da9f	GSE201347	Gastric cancer	epithelial_solid_default	GSE201347_G51T_02302c46da9f::0	55	0.017154635861516	0.05667044438421727	0.07272727272727272	0		non_malignant
GSE201347| G52N	GSE201347_G52N_97d841a43c27	GSE201347	Gastric cancer	epithelial_solid_default	GSE201347_G52N_97d841a43c27::0	100	0.031067753210663795	0.038895368613302735	0.29	0		uncertain
GSE201347| G52T	GSE201347_G52T_667429e46fe1	GSE201347	Gastric cancer	epithelial_solid_default	GSE201347_G52T_667429e46fe1::0	154	0.019595595076680183	0.05232567463070162	0.07142857142857142	114	0.0	non_malignant
GSE201347| G52T	GSE201347_G52T_667429e46fe1	GSE201347	Gastric cancer	epithelial_solid_default	GSE201347_G52T_667429e46fe1::1	74	0.07481707632541656	0.05232567463070162	0.8513513513513513	73	0.8356164383561644	malignant
GSE201347| G54N	GSE201347_G54N_b89df59a386e	GSE201347	Gastric cancer	epithelial_solid_default	GSE201347_G54N_b89df59a386e::1	157	0.03916434943675995	0.05128838654607539	0.16560509554140126	157	0.7579617834394905	malignant
GSE201347| G54N	GSE201347_G54N_b89df59a386e	GSE201347	Gastric cancer	epithelial_solid_default	GSE201347_G54N_b89df59a386e::0	172	0.01354983076453209	0.05128838654607539	0.005813953488372093	135	0.1111111111111111	uncertain
GSE201347| G55N	GSE201347_G55N_b38c5dffccf9	GSE201347	Gastric cancer	epithelial_solid_default	GSE201347_G55N_b38c5dffccf9::1	414	0.014982064254581928	0.03778852745890617	0.01932367149758454	381	0.6771653543307087	malignant
GSE201347| G55N	GSE201347_G55N_b38c5dffccf9	GSE201347	Gastric cancer	epithelial_solid_default	GSE201347_G55N_b38c5dffccf9::0	417	0.0439993254840374	0.03778852745890617	0.60431654676259	417	0.9976019184652278	malignant
GSE201347|G40T	GSE201347_G40T_eb566a7772a7	GSE201347	Gastric cancer	epithelial_solid_default	GSE201347_G40T_eb566a7772a7::0	51	0.057779934257268906	0.047735616229474635	0.6470588235294118	0		malignant
GSE201347|G41N	GSE201347_G41N_27f9560e857e	GSE201347	Gastric cancer	epithelial_solid_default	GSE201347_G41N_27f9560e857e::0	297	0.013703458942472935	0.03670201525092119	0.06060606060606061	198	0.2828282828282828	uncertain
GSE201347|G41T	GSE201347_G41T_25ab5456fed2	GSE201347	Gastric cancer	epithelial_solid_default	GSE201347_G41T_25ab5456fed2::0	193	0.016474196687340736	0.02688280962407588	0.16580310880829016	0		non_malignant
GSE201347|G42N	GSE201347_G42N_6eebb8d691fa	GSE201347	Gastric cancer	epithelial_solid_default	GSE201347_G42N_6eebb8d691fa::0	571	0.02720603160560131	0.03645056147128343	0.2574430823117338	555	0.24324324324324326	uncertain
GSE201347|G42N	GSE201347_G42N_6eebb8d691fa	GSE201347	Gastric cancer	epithelial_solid_default	GSE201347_G42N_6eebb8d691fa::1	308	0.0026101754046976566	0.03645056147128343	0.0	65	0.015384615384615385	uncertain
GSE201347|G42N	GSE201347_G42N_6eebb8d691fa	GSE201347	Gastric cancer	epithelial_solid_default	GSE201347_G42N_6eebb8d691fa::2	169	0.0013492993311956525	0.03645056147128343	0.0	53	0.05660377358490566	uncertain
GSE201347|G42T	GSE201347_G42T_23035982c617	GSE201347	Gastric cancer	epithelial_solid_default	GSE201347_G42T_23035982c617::0	44	0.04379695653915405	0.0461135949194431	0.4318181818181818	0		uncertain
GSE201347|G55T	GSE201347_G55T_ceeea4dd21e3	GSE201347	Gastric cancer	epithelial_solid_default	GSE201347_G55T_ceeea4dd21e3::0	437	0.020278943702578545	0.05237054053694017	0.06407322654462243	369	0.0	non_malignant
GSE201347|G55T	GSE201347_G55T_ceeea4dd21e3	GSE201347	Gastric cancer	epithelial_solid_default	GSE201347_G55T_ceeea4dd21e3::1	72	0.06309298425912857	0.05237054053694017	0.7083333333333334	72	0.0	malignant
GSE201347|G55T	GSE201347_G55T_ceeea4dd21e3	GSE201347	Gastric cancer	epithelial_solid_default	GSE201347_G55T_ceeea4dd21e3::2	20	0.11265083402395248	0.05237054053694017	1.0	20	0.9	uncertain
GSE270680|GSM8349949_D01T	GSE270680_GSM8349949_D01T_85cc6146d16f	GSE270680	Gastric cancer	epithelial_solid_default	GSE270680_GSM8349949_D01T_85cc6146d16f::0	497	0.009506605565547943	0.04148837905377148	0.002012072434607646	260	0.4423076923076923	uncertain
GSE270680|GSM8349951_D02T	GSE270680_GSM8349951_D02T_61cb78302b70	GSE270680	Gastric cancer	epithelial_solid_default	GSE270680_GSM8349951_D02T_61cb78302b70::0	56	0.013897687196731567	0.04183123834431172	0.07142857142857142	0		non_malignant
GSE270680|GSM8349955_D03T	GSE270680_GSM8349955_D03T_5eb4925c05d1	GSE270680	Gastric cancer	epithelial_solid_default	GSE270680_GSM8349955_D03T_5eb4925c05d1::0	92	0.013654734939336777	0.03977441180497409	0.09782608695652174	0		non_malignant
GSE270680|GSM8349955_D03T	GSE270680_GSM8349955_D03T_5eb4925c05d1	GSE270680	Gastric cancer	epithelial_solid_default	GSE270680_GSM8349955_D03T_5eb4925c05d1::1	84	0.1251811385154724	0.03977441180497409	1.0	0		malignant
GSE270680|GSM8349956_D03N	GSE270680_GSM8349956_D03N_d27ad630dba6	GSE270680	Gastric cancer	epithelial_solid_default	GSE270680_GSM8349956_D03N_d27ad630dba6::0	382	0.009724975563585758	0.03536779887974258	0.013089005235602094	197	0.6142131979695431	malignant
GSE270680|GSM8349958_D04T	GSE270680_GSM8349958_D04T_d228ac8a83e0	GSE270680	Gastric cancer	epithelial_solid_default	GSE270680_GSM8349958_D04T_d228ac8a83e0::0	38	0.035614822059869766	0.044419294521212564	0.3157894736842105	0		uncertain
GSE270680|GSM8349966_D06T	GSE270680_GSM8349966_D06T_f9832d933050	GSE270680	Gastric cancer	epithelial_solid_default	GSE270680_GSM8349966_D06T_f9832d933050::0	75	0.007854624651372433	0.036620816960930856	0.0	0		non_malignant
GSE270680|GSM8349966_D06T	GSE270680_GSM8349966_D06T_f9832d933050	GSE270680	Gastric cancer	epithelial_solid_default	GSE270680_GSM8349966_D06T_f9832d933050::1	41	0.04886980354785919	0.036620816960930856	0.8292682926829268	0		malignant
GSE270680|GSM8349970_D07T	GSE270680_GSM8349970_D07T_0a4c3ff6d790	GSE270680	Gastric cancer	epithelial_solid_default	GSE270680_GSM8349970_D07T_0a4c3ff6d790::0	50	0.0685402899980545	0.03189180195331573	0.88	0		malignant
GSE270680|GSM8349971_D07N	GSE270680_GSM8349971_D07N_1e1244357668	GSE270680	Gastric cancer	epithelial_solid_default	GSE270680_GSM8349971_D07N_1e1244357668::0	93	0.012538319453597069	0.03154627025127412	0.010752688172043012	0		non_malignant
GSE270680|GSM8349979_D09N	GSE270680_GSM8349979_D09N_85f0902dbed1	GSE270680	Gastric cancer	epithelial_solid_default	GSE270680_GSM8349979_D09N_85f0902dbed1::0	48	0.014263625256717205	0.03998766675591469	0.0	0		non_malignant
GSE270680|GSM8349982_D10T	GSE270680_GSM8349982_D10T_3148107d2198	GSE270680	Gastric cancer	epithelial_solid_default	GSE270680_GSM8349982_D10T_3148107d2198::0	52	0.027228999882936478	0.037166840843856346	0.23076923076923078	0		uncertain
GSE270680|GSM8349986_D11T	GSE270680_GSM8349986_D11T_3655de7ac9f7	GSE270680	Gastric cancer	epithelial_solid_default	GSE270680_GSM8349986_D11T_3655de7ac9f7::1	65	0.008889044634997845	0.03534616343677044	0.046153846153846156	37	0.05405405405405406	uncertain
GSE270680|GSM8349986_D11T	GSE270680_GSM8349986_D11T_3655de7ac9f7	GSE270680	Gastric cancer	epithelial_solid_default	GSE270680_GSM8349986_D11T_3655de7ac9f7::0	254	0.10310345888137817	0.03534616343677044	0.9960629921259843	254	0.5511811023622047	malignant
GSE270680|GSM8349989_D12T	GSE270680_GSM8349989_D12T_fdaae7ea2619	GSE270680	Gastric cancer	epithelial_solid_default	GSE270680_GSM8349989_D12T_fdaae7ea2619::0	93	0.025545353069901466	0.042359101027250295	0.21505376344086022	0		uncertain
GSE270680|GSM8349990_D12N	GSE270680_GSM8349990_D12N_98f76d32c5ef	GSE270680	Gastric cancer	epithelial_solid_default	GSE270680_GSM8349990_D12N_98f76d32c5ef::0	488	0.016084035858511925	0.03367776155471802	0.12704918032786885	395	0.19746835443037974	uncertain
GSE270680|GSM8349990_D12N	GSE270680_GSM8349990_D12N_98f76d32c5ef	GSE270680	Gastric cancer	epithelial_solid_default	GSE270680_GSM8349990_D12N_98f76d32c5ef::1	261	0.00881604477763176	0.03367776155471802	0.0	130	0.1	uncertain
GSE270680|GSM8349997_D17N	GSE270680_GSM8349997_D17N_4a47fabe34eb	GSE270680	Gastric cancer	epithelial_solid_default	GSE270680_GSM8349997_D17N_4a47fabe34eb::0	36	0.02788272127509117	0.044743038862943715	0.1388888888888889	0		non_malignant
GSE270680|GSM8349998_D18T	GSE270680_GSM8349998_D18T_3ab778eac2d6	GSE270680	Gastric cancer	epithelial_solid_default	GSE270680_GSM8349998_D18T_3ab778eac2d6::0	74	0.03117435984313488	0.02601753633469369	0.6081081081081081	0		malignant
GSE270680|GSM8350002_D19N	GSE270680_GSM8350002_D19N_55892f2c78c8	GSE270680	Gastric cancer	epithelial_solid_default	GSE270680_GSM8350002_D19N_55892f2c78c8::0	37	0.027130192145705223	0.03252806231379516	0.3783783783783784	0		uncertain
GSE270680|GSM8350005_D20T	GSE270680_GSM8350005_D20T_a51ce5f01c78	GSE270680	Gastric cancer	epithelial_solid_default	GSE270680_GSM8350005_D20T_a51ce5f01c78::0	73	0.032931242138147354	0.05225371781736614	0.2328767123287671	0		uncertain
GSE270680|GSM8350006_D20N	GSE270680_GSM8350006_D20N_2626c6405392	GSE270680	Gastric cancer	epithelial_solid_default	GSE270680_GSM8350006_D20N_2626c6405392::0	48	0.023530254140496254	0.02902976058423524	0.375	0		uncertain
GSE270680|GSM8350007_D21T	GSE270680_GSM8350007_D21T_f56e08876daa	GSE270680	Gastric cancer	epithelial_solid_default	GSE270680_GSM8350007_D21T_f56e08876daa::0	131	0.08686969429254532	0.042725299373269104	0.8854961832061069	0		malignant
GSE270680|GSM8350008_D22T	GSE270680_GSM8350008_D22T_6dc8cd17ff8d	GSE270680	Gastric cancer	epithelial_solid_default	GSE270680_GSM8350008_D22T_6dc8cd17ff8d::0	68	0.03679191693663597	0.06356563560664655	0.10294117647058823	0		non_malignant
GSE270680|GSM8350010_D23T	GSE270680_GSM8350010_D23T_224493f2d1b7	GSE270680	Gastric cancer	epithelial_solid_default	GSE270680_GSM8350010_D23T_224493f2d1b7::0	111	0.034979525953531265	0.04685141596943142	0.21621621621621623	0		uncertain
GSE270680|GSM8350012_D24T	GSE270680_GSM8350012_D24T_f31f6006fde8	GSE270680	Gastric cancer	epithelial_solid_default	GSE270680_GSM8350012_D24T_f31f6006fde8::1	117	0.01627020165324211	0.03321042209863663	0.15384615384615385	70	0.0	non_malignant
GSE270680|GSM8350012_D24T	GSE270680_GSM8350012_D24T_f31f6006fde8	GSE270680	Gastric cancer	epithelial_solid_default	GSE270680_GSM8350012_D24T_f31f6006fde8::0	163	0.05513253062963486	0.03321042209863663	0.7423312883435583	158	0.6518987341772152	malignant
GSE270680|GSM8350013_D24N	GSE270680_GSM8350013_D24N_efdf732b8c2a	GSE270680	Gastric cancer	epithelial_solid_default	GSE270680_GSM8350013_D24N_efdf732b8c2a::0	91	0.020573172718286514	0.03106592543423179	0.23076923076923078	0		uncertain
GSE270680|GSM8350017_D25N	GSE270680_GSM8350017_D25N_9035c4e1e125	GSE270680	Gastric cancer	epithelial_solid_default	GSE270680_GSM8350017_D25N_9035c4e1e125::0	117	0.020808199420571327	0.04827486611902714	0.03418803418803419	0		non_malignant
GSE270680|GSM8350019_D27T	GSE270680_GSM8350019_D27T_eb8579faf487	GSE270680	Gastric cancer	epithelial_solid_default	GSE270680_GSM8350019_D27T_eb8579faf487::1	102	0.008121528662741184	0.04202536456286913	0.0392156862745098	52	0.0	non_malignant
GSE270680|GSM8350019_D27T	GSE270680_GSM8350019_D27T_eb8579faf487	GSE270680	Gastric cancer	epithelial_solid_default	GSE270680_GSM8350019_D27T_eb8579faf487::0	134	0.07701503485441208	0.04202536456286913	0.7611940298507462	129	0.5968992248062015	malignant
GSE270680|GSM8350020_D27N	GSE270680_GSM8350020_D27N_d93661611a96	GSE270680	Gastric cancer	epithelial_solid_default	GSE270680_GSM8350020_D27N_d93661611a96::0	183	0.023482853546738625	0.03620488394051791	0.09836065573770492	178	0.9775280898876404	malignant
GSE270680|GSM8350020_D27N	GSE270680_GSM8350020_D27N_d93661611a96	GSE270680	Gastric cancer	epithelial_solid_default	GSE270680_GSM8350020_D27N_d93661611a96::1	102	0.023851340636610985	0.03620488394051791	0.23529411764705882	90	0.2	uncertain
GSE270680|GSM8350022_D28T	GSE270680_GSM8350022_D28T_2e9ae0aa845e	GSE270680	Gastric cancer	epithelial_solid_default	GSE270680_GSM8350022_D28T_2e9ae0aa845e::0	35	0.04916933551430702	0.049897545352578204	0.34285714285714286	0		uncertain
GSE270680|GSM8350025_D30N	GSE270680_GSM8350025_D30N_844b26fd8166	GSE270680	Gastric cancer	epithelial_solid_default	GSE270680_GSM8350025_D30N_844b26fd8166::0	38	0.019036157056689262	0.043716453239321745	0.15789473684210525	0		non_malignant
GSE290925|GSM8825750_CJ1	GSE290925_GSM8825750_CJ1_c69e1e728ce9	GSE290925	HCC	epithelial_solid_default	GSE290925_GSM8825750_CJ1_c69e1e728ce9::1	71	0.019850917160511017	0.11531941264867855	0.0	60	0.0	non_malignant
GSE290925|GSM8825750_CJ1	GSE290925_GSM8825750_CJ1_c69e1e728ce9	GSE290925	HCC	epithelial_solid_default	GSE290925_GSM8825750_CJ1_c69e1e728ce9::0	226	0.08583219349384308	0.11531941264867855	0.2079646017699115	226	0.7920353982300885	malignant
GSE290925|GSM8825751_DYMO	GSE290925_GSM8825751_DYMO_b565a36dafe1	GSE290925	HCC	epithelial_solid_default	GSE290925_GSM8825751_DYMO_b565a36dafe1::1	174	0.02717847377061844	0.08428914867341526	0.0	152	0.09868421052631579	uncertain
GSE290925|GSM8825751_DYMO	GSE290925_GSM8825751_DYMO_b565a36dafe1	GSE290925	HCC	epithelial_solid_default	GSE290925_GSM8825751_DYMO_b565a36dafe1::0	209	0.12097761034965515	0.08428914867341526	0.8899521531100478	208	0.9903846153846154	malignant
GSE290925|GSM8825752_HR0	GSE290925_GSM8825752_HR0_75db110712f0	GSE290925	HCC	epithelial_solid_default	GSE290925_GSM8825752_HR0_75db110712f0::2	99	0.046736475080251694	0.07123161554336564	0.16161616161616163	97	0.12371134020618557	uncertain
GSE290925|GSM8825752_HR0	GSE290925_GSM8825752_HR0_75db110712f0	GSE290925	HCC	epithelial_solid_default	GSE290925_GSM8825752_HR0_75db110712f0::0	139	0.023777306079864502	0.07123161554336564	0.07194244604316546	99	0.0	non_malignant
GSE290925|GSM8825752_HR0	GSE290925_GSM8825752_HR0_75db110712f0	GSE290925	HCC	epithelial_solid_default	GSE290925_GSM8825752_HR0_75db110712f0::1	103	0.1566629260778427	0.07123161554336564	1.0	103	0.9902912621359223	malignant
GSE290925|GSM8825753_LLG	GSE290925_GSM8825753_LLG_3814a7939b9b	GSE290925	HCC	epithelial_solid_default	GSE290925_GSM8825753_LLG_3814a7939b9b::0	1106	0.008112715557217598	0.067855081036687	0.0	860	0.06511627906976744	uncertain
GSE290925|GSM8825753_LLG	GSE290925_GSM8825753_LLG_3814a7939b9b	GSE290925	HCC	epithelial_solid_default	GSE290925_GSM8825753_LLG_3814a7939b9b::1	691	0.026157185435295105	0.067855081036687	0.11432706222865413	670	0.5985074626865672	malignant
GSE290925|GSM8825754_LZH0	GSE290925_GSM8825754_LZH0_42fc26bddb1d	GSE290925	HCC	epithelial_solid_default	GSE290925_GSM8825754_LZH0_42fc26bddb1d::0	355	0.021459054201841354	0.09394475519657124	0.0	352	0.9261363636363636	malignant
GSE290925|GSM8825754_LZH0	GSE290925_GSM8825754_LZH0_42fc26bddb1d	GSE290925	HCC	epithelial_solid_default	GSE290925_GSM8825754_LZH0_42fc26bddb1d::2	133	0.032022617757320404	0.09394475519657124	0.03007518796992481	101	0.13861386138613863	uncertain
GSE290925|GSM8825754_LZH0	GSE290925_GSM8825754_LZH0_42fc26bddb1d	GSE290925	HCC	epithelial_solid_default	GSE290925_GSM8825754_LZH0_42fc26bddb1d::1	219	0.07458799332380295	0.09394475519657124	0.273972602739726	219	1.0	malignant
GSE290925|GSM8825754_LZH0	GSE290925_GSM8825754_LZH0_42fc26bddb1d	GSE290925	HCC	epithelial_solid_default	GSE290925_GSM8825754_LZH0_42fc26bddb1d::3	105	0.09606894850730896	0.09394475519657124	0.49523809523809526	105	0.009523809523809525	uncertain
GSE290925|GSM8825755_NSS0	GSE290925_GSM8825755_NSS0_7af3bd2710ee	GSE290925	HCC	epithelial_solid_default	GSE290925_GSM8825755_NSS0_7af3bd2710ee::1	205	0.11418186128139496	0.08141123503446579	0.8975609756097561	205	0.9658536585365853	malignant
GSE290925|GSM8825755_NSS0	GSE290925_GSM8825755_NSS0_7af3bd2710ee	GSE290925	HCC	epithelial_solid_default	GSE290925_GSM8825755_NSS0_7af3bd2710ee::0	376	0.046165913343429565	0.08141123503446579	0.13297872340425532	317	0.07255520504731862	uncertain
GSE290925|GSM8825755_NSS0	GSE290925_GSM8825755_NSS0_7af3bd2710ee	GSE290925	HCC	epithelial_solid_default	GSE290925_GSM8825755_NSS0_7af3bd2710ee::2	133	0.13693559169769287	0.08141123503446579	0.924812030075188	133	0.9398496240601504	malignant
GSE290925|GSM8825757_WYB	GSE290925_GSM8825757_WYB_a2fcabe23a7b	GSE290925	HCC	epithelial_solid_default	GSE290925_GSM8825757_WYB_a2fcabe23a7b::0	122	0.061809785664081573	0.062125448063015974	0.4180327868852459	0		uncertain
GSE290925|GSM8825757_WYB	GSE290925_GSM8825757_WYB_a2fcabe23a7b	GSE290925	HCC	epithelial_solid_default	GSE290925_GSM8825757_WYB_a2fcabe23a7b::1	47	0.027198925614356995	0.062125448063015974	0.0	0		non_malignant
GSE290925|GSM8825758_WZR	GSE290925_GSM8825758_WZR_16a66d6e6d3f	GSE290925	HCC	epithelial_solid_default	GSE290925_GSM8825758_WZR_16a66d6e6d3f::0	437	0.06910619139671326	0.10831204392015938	0.07780320366132723	436	0.9426605504587156	malignant
GSE290925|GSM8825758_WZR	GSE290925_GSM8825758_WZR_16a66d6e6d3f	GSE290925	HCC	epithelial_solid_default	GSE290925_GSM8825758_WZR_16a66d6e6d3f::1	87	0.011005399748682976	0.10831204392015938	0.011494252873563218	83	0.03614457831325301	uncertain
GSE290925|GSM8825759_YSQ	GSE290925_GSM8825759_YSQ_e2397cb05c59	GSE290925	HCC	epithelial_solid_default	GSE290925_GSM8825759_YSQ_e2397cb05c59::2	218	0.15033318102359772	0.08076052099466358	0.9908256880733946	218	0.9724770642201835	malignant
GSE290925|GSM8825759_YSQ	GSE290925_GSM8825759_YSQ_e2397cb05c59	GSE290925	HCC	epithelial_solid_default	GSE290925_GSM8825759_YSQ_e2397cb05c59::0	453	0.02070903778076172	0.08076052099466358	0.033112582781456956	411	0.012165450121654502	uncertain
GSE290925|GSM8825759_YSQ	GSE290925_GSM8825759_YSQ_e2397cb05c59	GSE290925	HCC	epithelial_solid_default	GSE290925_GSM8825759_YSQ_e2397cb05c59::1	236	9.00964078027755e-05	0.08076052099466358	0.0	120	0.0	non_malignant
GSE290925|GSM8825760_YHL0	GSE290925_GSM8825760_YHL0_a708e12c1377	GSE290925	HCC	epithelial_solid_default	GSE290925_GSM8825760_YHL0_a708e12c1377::0	181	0.021528080105781555	0.12316192179918198	0.0	139	0.007194244604316547	uncertain
GSE290925|GSM8825760_YHL0	GSE290925_GSM8825760_YHL0_a708e12c1377	GSE290925	HCC	epithelial_solid_default	GSE290925_GSM8825760_YHL0_a708e12c1377::1	64	0.08403311669826508	0.12316192179918198	0.078125	63	0.015873015873015872	uncertain
GSE290925|GSM8825760_YHL0	GSE290925_GSM8825760_YHL0_a708e12c1377	GSE290925	HCC	epithelial_solid_default	GSE290925_GSM8825760_YHL0_a708e12c1377::2	43	0.13720163702964783	0.12316192179918198	0.6976744186046512	43	0.9767441860465116	malignant
GSE290925|GSM8825761_ZHLSH0	GSE290925_GSM8825761_ZHLSH0_0f9d9603afc6	GSE290925	HCC	epithelial_solid_default	GSE290925_GSM8825761_ZHLSH0_0f9d9603afc6::0	66	0.0817141979932785	0.0816227067261935	0.4393939393939394	0		uncertain
GSE290925|GSM8825761_ZHLSH0	GSE290925_GSM8825761_ZHLSH0_0f9d9603afc6	GSE290925	HCC	epithelial_solid_default	GSE290925_GSM8825761_ZHLSH0_0f9d9603afc6::1	41	0.025392688810825348	0.0816227067261935	0.0	0		non_malignant
GSE299340|GSE299340__GSM9037558_293	GSE299340_GSE299340__GSM9037558_293_15df049447f9	GSE299340	HCC	epithelial_solid_default	GSE299340_GSE299340__GSM9037558_293_15df049447f9::1	247	0.04042058810591698	0.04333952665328979	0.3562753036437247	237	0.16455696202531644	uncertain
GSE299340|GSE299340__GSM9037558_293	GSE299340_GSE299340__GSM9037558_293_15df049447f9	GSE299340	HCC	epithelial_solid_default	GSE299340_GSE299340__GSM9037558_293_15df049447f9::0	529	0.16855551302433014	0.04333952665328979	1.0	529	0.9848771266540642	malignant
GSE299340|GSE299340__GSM9037560_295	GSE299340_GSE299340__GSM9037560_295_1b821559e0a6	GSE299340	HCC	epithelial_solid_default	GSE299340_GSE299340__GSM9037560_295_1b821559e0a6::0	55	0.06549830734729767	0.09807541072368622	0.14545454545454545	0		non_malignant
GSE299340|GSE299340__GSM9037562_297	GSE299340_GSE299340__GSM9037562_297_39bf8e79f758	GSE299340	HCC	epithelial_solid_default	GSE299340_GSE299340__GSM9037562_297_39bf8e79f758::1	93	0.013224983587861061	0.12980765208601966	0.0	77	0.2077922077922078	uncertain
GSE299340|GSE299340__GSM9037562_297	GSE299340_GSE299340__GSM9037562_297_39bf8e79f758	GSE299340	HCC	epithelial_solid_default	GSE299340_GSE299340__GSM9037562_297_39bf8e79f758::0	150	0.07386861741542816	0.12980765208601966	0.14	148	0.5202702702702703	malignant
GSE188737|10	GSE188737_10_523a79066bcc	GSE188737	Head and neck squamous cell carcinoma	epithelial_solid_default	GSE188737_10_523a79066bcc::0	1222	0.029147358611226082	0.03123952262103555	0.4492635024549918	1199	0.8882402001668057	malignant
GSE188737|10	GSE188737_10_523a79066bcc	GSE188737	Head and neck squamous cell carcinoma	epithelial_solid_default	GSE188737_10_523a79066bcc::1	944	0.002185169840231538	0.03123952262103555	0.0	261	0.21455938697318008	uncertain
GSE188737|10	GSE188737_10_523a79066bcc	GSE188737	Head and neck squamous cell carcinoma	epithelial_solid_default	GSE188737_10_523a79066bcc::2	900	0.0036727089900523424	0.03123952262103555	0.0	253	0.08300395256916997	uncertain
GSE188737|10	GSE188737_10_523a79066bcc	GSE188737	Head and neck squamous cell carcinoma	epithelial_solid_default	GSE188737_10_523a79066bcc::3	320	0.0007825644570402801	0.03123952262103555	0.0	65	0.23076923076923078	uncertain
GSE188737|10	GSE188737_10_523a79066bcc	GSE188737	Head and neck squamous cell carcinoma	epithelial_solid_default	GSE188737_10_523a79066bcc::4	251	0.001759858219884336	0.03123952262103555	0.0	66	0.30303030303030304	uncertain
GSE188737|11	GSE188737_11_45d108234d1b	GSE188737	Head and neck squamous cell carcinoma	epithelial_solid_default	GSE188737_11_45d108234d1b::0	442	0.013620199635624886	0.00721335667651147	0.6334841628959276	308	0.4025974025974026	malignant
GSE188737|12	GSE188737_12_c9a68952edbe	GSE188737	Head and neck squamous cell carcinoma	epithelial_solid_default	GSE188737_12_c9a68952edbe::0	340	0.04688335582613945	0.01663510145619509	0.9441176470588235	340	0.5058823529411764	malignant
GSE188737|12	GSE188737_12_c9a68952edbe	GSE188737	Head and neck squamous cell carcinoma	epithelial_solid_default	GSE188737_12_c9a68952edbe::1	47	0.005310572683811188	0.01663510145619509	0.0425531914893617	25	0.0	non_malignant
GSE188737|13	GSE188737_13_a3d109cc3809	GSE188737	Head and neck squamous cell carcinoma	epithelial_solid_default	GSE188737_13_a3d109cc3809::0	635	0.04489652439951897	0.005623678704723709	1.0	630	0.9698412698412698	malignant
GSE188737|13	GSE188737_13_a3d109cc3809	GSE188737	Head and neck squamous cell carcinoma	epithelial_solid_default	GSE188737_13_a3d109cc3809::1	157	0.00942277256399393	0.005623678704723709	0.6114649681528662	153	0.21568627450980393	malignant
GSE188737|13	GSE188737_13_a3d109cc3809	GSE188737	Head and neck squamous cell carcinoma	epithelial_solid_default	GSE188737_13_a3d109cc3809::2	74	6.55897383694537e-05	0.005623678704723709	0.0	34	0.0	non_malignant
GSE188737|14	GSE188737_14_028f873a7feb	GSE188737	Head and neck squamous cell carcinoma	epithelial_solid_default	GSE188737_14_028f873a7feb::0	430	0.06914256513118744	0.018120419271290236	1.0	430	0.9883720930232558	malignant
GSE188737|14	GSE188737_14_028f873a7feb	GSE188737	Head and neck squamous cell carcinoma	epithelial_solid_default	GSE188737_14_028f873a7feb::1	62	0.0075416103936731815	0.018120419271290236	0.14516129032258066	43	0.11627906976744186	uncertain
GSE188737|3	GSE188737_3_751031024a4f	GSE188737	Head and neck squamous cell carcinoma	epithelial_solid_default	GSE188737_3_751031024a4f::0	86	0.02247527800500393	0.014029121957719326	0.6627906976744186	0		malignant
GSE188737|4	GSE188737_4_a6a1e8ae077f	GSE188737	Head and neck squamous cell carcinoma	epithelial_solid_default	GSE188737_4_a6a1e8ae077f::1	31	0.009234289638698101	0.028597248792648314	0.0	0		non_malignant
GSE188737|4	GSE188737_4_a6a1e8ae077f	GSE188737	Head and neck squamous cell carcinoma	epithelial_solid_default	GSE188737_4_a6a1e8ae077f::0	64	0.07212358713150024	0.028597248792648314	1.0	0		malignant
GSE188737|5	GSE188737_5_1d0863ce550a	GSE188737	Head and neck squamous cell carcinoma	epithelial_solid_default	GSE188737_5_1d0863ce550a::0	168	0.024615749716758728	0.02660781517624855	0.3273809523809524	0		uncertain
GSE188737|7	GSE188737_7_228e303f4c98	GSE188737	Head and neck squamous cell carcinoma	epithelial_solid_default	GSE188737_7_228e303f4c98::1	71	0.008958036080002785	0.020485980510711658	0.04225352112676056	0		non_malignant
GSE188737|7	GSE188737_7_228e303f4c98	GSE188737	Head and neck squamous cell carcinoma	epithelial_solid_default	GSE188737_7_228e303f4c98::0	92	0.0599045604467392	0.020485980510711658	0.9891304347826086	0		malignant
GSE188737|8	GSE188737_8_ba2631db997c	GSE188737	Head and neck squamous cell carcinoma	epithelial_solid_default	GSE188737_8_ba2631db997c::0	153	0.02126762829720974	0.04527329348027706	0.10457516339869281	0		non_malignant
GSE188737|9	GSE188737_9_33f2cb0ca594	GSE188737	Head and neck squamous cell carcinoma	epithelial_solid_default	GSE188737_9_33f2cb0ca594::0	434	0.02264249138534069	0.016949538029730368	0.5875576036866359	422	0.6018957345971564	malignant
GSE184880|GSE184880__GSM5599222_Norm3	GSE184880_GSE184880__GSM5599222_Norm3_b1e7313c667f	GSE184880	High-grade serous ovarian cancer	epithelial_solid_default	GSE184880_GSE184880__GSM5599222_Norm3_b1e7313c667f::0	74	0.06215130165219307	0.038689181543886675	0.8648648648648649	0		malignant
GSE184880|GSE184880__GSM5599222_Norm3	GSE184880_GSE184880__GSM5599222_Norm3_b1e7313c667f	GSE184880	High-grade serous ovarian cancer	epithelial_solid_default	GSE184880_GSE184880__GSM5599222_Norm3_b1e7313c667f::1	57	0.017995942384004593	0.038689181543886675	0.08771929824561403	0		non_malignant
GSE184880|GSE184880__GSM5599222_Norm3	GSE184880_GSE184880__GSM5599222_Norm3_b1e7313c667f	GSE184880	High-grade serous ovarian cancer	epithelial_solid_default	GSE184880_GSE184880__GSM5599222_Norm3_b1e7313c667f::2	32	0.15379250049591064	0.038689181543886675	1.0	0		malignant
GSE184880|GSE184880__GSM5599224_Norm5	GSE184880_GSE184880__GSM5599224_Norm5_f36d6f14ff74	GSE184880	High-grade serous ovarian cancer	epithelial_solid_default	GSE184880_GSE184880__GSM5599224_Norm5_f36d6f14ff74::0	39	0.02615770325064659	0.08364808052778246	0.02564102564102564	0		non_malignant
GSE184880|GSE184880__GSM5599225_Cancer1	GSE184880_GSE184880__GSM5599225_Cancer1_cf69d63b4190	GSE184880	High-grade serous ovarian cancer	epithelial_solid_default	GSE184880_GSE184880__GSM5599225_Cancer1_cf69d63b4190::2	193	0.11768556386232376	0.04309226572513582	0.9585492227979274	191	0.837696335078534	malignant
GSE184880|GSE184880__GSM5599225_Cancer1	GSE184880_GSE184880__GSM5599225_Cancer1_cf69d63b4190	GSE184880	High-grade serous ovarian cancer	epithelial_solid_default	GSE184880_GSE184880__GSM5599225_Cancer1_cf69d63b4190::0	306	0.010234923101961613	0.04309226572513582	0.006535947712418301	240	0.008333333333333333	uncertain
GSE184880|GSE184880__GSM5599225_Cancer1	GSE184880_GSE184880__GSM5599225_Cancer1_cf69d63b4190	GSE184880	High-grade serous ovarian cancer	epithelial_solid_default	GSE184880_GSE184880__GSM5599225_Cancer1_cf69d63b4190::1	195	0.07229111343622208	0.04309226572513582	0.8051282051282052	195	0.005128205128205128	malignant
GSE184880|GSE184880__GSM5599226_Cancer2	GSE184880_GSE184880__GSM5599226_Cancer2_3d66e715ad22	GSE184880	High-grade serous ovarian cancer	epithelial_solid_default	GSE184880_GSE184880__GSM5599226_Cancer2_3d66e715ad22::0	772	0.12423291802406311	0.00695924477651713	1.0	772	1.0	malignant
GSE184880|GSE184880__GSM5599226_Cancer2	GSE184880_GSE184880__GSM5599226_Cancer2_3d66e715ad22	GSE184880	High-grade serous ovarian cancer	epithelial_solid_default	GSE184880_GSE184880__GSM5599226_Cancer2_3d66e715ad22::2	167	0.0163947232067585	0.00695924477651713	0.7425149700598802	167	0.3652694610778443	malignant
GSE184880|GSE184880__GSM5599226_Cancer2	GSE184880_GSE184880__GSM5599226_Cancer2_3d66e715ad22	GSE184880	High-grade serous ovarian cancer	epithelial_solid_default	GSE184880_GSE184880__GSM5599226_Cancer2_3d66e715ad22::1	221	0.0001269482308998704	0.00695924477651713	0.004524886877828055	190	0.005263157894736842	uncertain
GSE184880|GSE184880__GSM5599227_Cancer3	GSE184880_GSE184880__GSM5599227_Cancer3_3fb60f84e147	GSE184880	High-grade serous ovarian cancer	epithelial_solid_default	GSE184880_GSE184880__GSM5599227_Cancer3_3fb60f84e147::1	93	0.010844284668564796	0.06098130356520416	0.0	0		non_malignant
GSE184880|GSE184880__GSM5599227_Cancer3	GSE184880_GSE184880__GSM5599227_Cancer3_3fb60f84e147	GSE184880	High-grade serous ovarian cancer	epithelial_solid_default	GSE184880_GSE184880__GSM5599227_Cancer3_3fb60f84e147::0	100	0.08350154012441635	0.06098130356520416	0.58	0		uncertain
GSE184880|GSE184880__GSM5599228_Cancer4	GSE184880_GSE184880__GSM5599228_Cancer4_74e75c38881b	GSE184880	High-grade serous ovarian cancer	epithelial_solid_default	GSE184880_GSE184880__GSM5599228_Cancer4_74e75c38881b::0	436	0.08448898047208786	0.011212707730010152	0.9587155963302753	436	0.6032110091743119	malignant
GSE184880|GSE184880__GSM5599228_Cancer4	GSE184880_GSE184880__GSM5599228_Cancer4_74e75c38881b	GSE184880	High-grade serous ovarian cancer	epithelial_solid_default	GSE184880_GSE184880__GSM5599228_Cancer4_74e75c38881b::1	107	0.0009917636634781957	0.011212707730010152	0.028037383177570093	74	0.0	non_malignant
GSE184880|GSE184880__GSM5599229_Cancer5	GSE184880_GSE184880__GSM5599229_Cancer5_18dba4219cfc	GSE184880	High-grade serous ovarian cancer	epithelial_solid_default	GSE184880_GSE184880__GSM5599229_Cancer5_18dba4219cfc::0	46	0.08867562562227249	0.057594509422778925	0.6521739130434783	0		malignant
GSE184880|GSE184880__GSM5599229_Cancer5	GSE184880_GSE184880__GSM5599229_Cancer5_18dba4219cfc	GSE184880	High-grade serous ovarian cancer	epithelial_solid_default	GSE184880_GSE184880__GSM5599229_Cancer5_18dba4219cfc::1	45	0.012050820514559746	0.057594509422778925	0.0	0		non_malignant
GSE184880|GSE184880__GSM5599230_Cancer6	GSE184880_GSE184880__GSM5599230_Cancer6_99e5ed242cfc	GSE184880	High-grade serous ovarian cancer	epithelial_solid_default	GSE184880_GSE184880__GSM5599230_Cancer6_99e5ed242cfc::0	906	0.0771961435675621	0.011716619823127968	0.9580573951434879	905	0.8651933701657458	malignant
GSE184880|GSE184880__GSM5599230_Cancer6	GSE184880_GSE184880__GSM5599230_Cancer6_99e5ed242cfc	GSE184880	High-grade serous ovarian cancer	epithelial_solid_default	GSE184880_GSE184880__GSM5599230_Cancer6_99e5ed242cfc::1	212	0.0027019018307328224	0.011716619823127968	0.08962264150943396	168	0.06547619047619048	uncertain
GSE184880|GSE184880__GSM5599231_Cancer7	GSE184880_GSE184880__GSM5599231_Cancer7_044ed8596e95	GSE184880	High-grade serous ovarian cancer	epithelial_solid_default	GSE184880_GSE184880__GSM5599231_Cancer7_044ed8596e95::0	94	0.012275968678295612	0.04585949763655662	0.0425531914893617	0		non_malignant
GSE184880|GSE184880__GSM5599231_Cancer7	GSE184880_GSE184880__GSM5599231_Cancer7_044ed8596e95	GSE184880	High-grade serous ovarian cancer	epithelial_solid_default	GSE184880_GSE184880__GSM5599231_Cancer7_044ed8596e95::1	72	0.10310307890176773	0.04585949763655662	1.0	0		malignant
GSE253013|MRC002_NAT_1	GSE253013_MRC002_NAT_1_7a21cd2a26ae	GSE253013	INVASIVE ADENOCARCINOMA	epithelial_solid_default	GSE253013_MRC002_NAT_1_7a21cd2a26ae::0	245	0.012665324844419956	0.01581166811287403	0.2	238	0.12605042016806722	uncertain
GSE253013|MRC002_NAT_1	GSE253013_MRC002_NAT_1_7a21cd2a26ae	GSE253013	INVASIVE ADENOCARCINOMA	epithelial_solid_default	GSE253013_MRC002_NAT_1_7a21cd2a26ae::1	159	0.021575111895799637	0.01581166811287403	0.8805031446540881	159	0.8176100628930818	malignant
GSE253013|MRC002_NAT_2	GSE253013_MRC002_NAT_2_50c226abfe05	GSE253013	INVASIVE ADENOCARCINOMA	epithelial_solid_default	GSE253013_MRC002_NAT_2_50c226abfe05::0	391	0.016009582206606865	0.01506382137537005	0.5063938618925832	375	0.4826666666666667	uncertain
GSE253013|MRC002_NAT_3	GSE253013_MRC002_NAT_3_73f80ddeaf1b	GSE253013	INVASIVE ADENOCARCINOMA	epithelial_solid_default	GSE253013_MRC002_NAT_3_73f80ddeaf1b::0	392	0.016353726387023926	0.015782103389501537	0.4846938775510204	380	0.5157894736842106	malignant
GSE253013|MRC002_NAT_4	GSE253013_MRC002_NAT_4_306c4b395124	GSE253013	INVASIVE ADENOCARCINOMA	epithelial_solid_default	GSE253013_MRC002_NAT_4_306c4b395124::0	412	0.015857571735978127	0.01595734663307667	0.4320388349514563	396	0.5580808080808081	malignant
GSE253013|MRC002_NSCLC_1	GSE253013_MRC002_NSCLC_1_801988585fcf	GSE253013	INVASIVE ADENOCARCINOMA	epithelial_solid_default	GSE253013_MRC002_NSCLC_1_801988585fcf::1	53	0.03979357331991196	0.01735343078151345	0.9811320754716981	0		malignant
GSE253013|MRC002_NSCLC_1	GSE253013_MRC002_NSCLC_1_801988585fcf	GSE253013	INVASIVE ADENOCARCINOMA	epithelial_solid_default	GSE253013_MRC002_NSCLC_1_801988585fcf::0	88	0.016670996323227882	0.01735343078151345	0.3977272727272727	0		uncertain
GSE253013|MRC002_NSCLC_2	GSE253013_MRC002_NSCLC_2_fb2fa2c512f2	GSE253013	INVASIVE ADENOCARCINOMA	epithelial_solid_default	GSE253013_MRC002_NSCLC_2_fb2fa2c512f2::0	97	0.016845986247062683	0.017907657083123914	0.44329896907216493	0		uncertain
GSE253013|MRC002_NSCLC_2	GSE253013_MRC002_NSCLC_2_fb2fa2c512f2	GSE253013	INVASIVE ADENOCARCINOMA	epithelial_solid_default	GSE253013_MRC002_NSCLC_2_fb2fa2c512f2::1	43	0.04343421384692192	0.017907657083123914	1.0	0		malignant
GSE253013|MRC002_NSCLC_3	GSE253013_MRC002_NSCLC_3_c473a33a8313	GSE253013	INVASIVE ADENOCARCINOMA	epithelial_solid_default	GSE253013_MRC002_NSCLC_3_c473a33a8313::0	82	0.015913521870970726	0.017200856078416114	0.36585365853658536	0		uncertain
GSE253013|MRC002_NSCLC_3	GSE253013_MRC002_NSCLC_3_c473a33a8313	GSE253013	INVASIVE ADENOCARCINOMA	epithelial_solid_default	GSE253013_MRC002_NSCLC_3_c473a33a8313::1	47	0.040115367621183395	0.017200856078416114	1.0	0		malignant
GSE253013|US-10029427-1	GSE253013_US-10029427-1_6389e25852c4	GSE253013	INVASIVE ADENOCARCINOMA	epithelial_solid_default	GSE253013_US-10029427-1_6389e25852c4::0	101	0.013576257042586803	0.021364896148443224	0.0891089108910891	0		non_malignant
GSE253013|US-10029427-1	GSE253013_US-10029427-1_6389e25852c4	GSE253013	INVASIVE ADENOCARCINOMA	epithelial_solid_default	GSE253013_US-10029427-1_6389e25852c4::1	36	0.031018294394016266	0.021364896148443224	0.9444444444444444	0		malignant
GSE253013|US-10029427-2	GSE253013_US-10029427-2_0a9c5d65856a	GSE253013	INVASIVE ADENOCARCINOMA	epithelial_solid_default	GSE253013_US-10029427-2_0a9c5d65856a::0	111	0.016331268474459648	0.022944309730082747	0.16216216216216217	0		non_malignant
GSE253013|US-10029427-3	GSE253013_US-10029427-3_e1bd3c181594	GSE253013	INVASIVE ADENOCARCINOMA	epithelial_solid_default	GSE253013_US-10029427-3_e1bd3c181594::0	125	0.017624223604798317	0.023006301280111077	0.264	0		uncertain
GSE253013|US-10029427-4	GSE253013_US-10029427-4_bdb3d84a3abf	GSE253013	INVASIVE ADENOCARCINOMA	epithelial_solid_default	GSE253013_US-10029427-4_bdb3d84a3abf::0	721	0.011353331618010998	0.0208726942539215	0.0319001386962552	647	0.49304482225656876	uncertain
GSE253013|US-10029427-5	GSE253013_US-10029427-5_8bddbbf7413b	GSE253013	INVASIVE ADENOCARCINOMA	epithelial_solid_default	GSE253013_US-10029427-5_8bddbbf7413b::0	677	0.011073536239564419	0.019501486085355277	0.0413589364844904	592	0.5692567567567568	malignant
GSE253013|US-10029427-6	GSE253013_US-10029427-6_b9ad43ac6a35	GSE253013	INVASIVE ADENOCARCINOMA	epithelial_solid_default	GSE253013_US-10029427-6_b9ad43ac6a35::0	802	0.011386479251086712	0.018112597167491917	0.07481296758104738	741	0.46288798920377866	uncertain
GSE253013|US-10029428-4	GSE253013_US-10029428-4_85c44d4f63f0	GSE253013	INVASIVE ADENOCARCINOMA	epithelial_solid_default	GSE253013_US-10029428-4_85c44d4f63f0::1	99	0.015666114166378975	0.018922163546085377	0.40404040404040403	77	0.012987012987012988	uncertain
GSE253013|US-10029428-4	GSE253013_US-10029428-4_85c44d4f63f0	GSE253013	INVASIVE ADENOCARCINOMA	epithelial_solid_default	GSE253013_US-10029428-4_85c44d4f63f0::0	320	0.01732807047665119	0.018922163546085377	0.359375	261	0.9923371647509579	malignant
GSE253013|US-10029428-5	GSE253013_US-10029428-5_9ef836b845b0	GSE253013	INVASIVE ADENOCARCINOMA	epithelial_solid_default	GSE253013_US-10029428-5_9ef836b845b0::0	242	0.017033953219652176	0.02121470946818589	0.2892561983471074	187	0.9037433155080213	malignant
GSE253013|US-10029428-5	GSE253013_US-10029428-5_9ef836b845b0	GSE253013	INVASIVE ADENOCARCINOMA	epithelial_solid_default	GSE253013_US-10029428-5_9ef836b845b0::1	36	0.022161750122904778	0.02121470946818589	0.5833333333333334	36	0.0	uncertain
GSE253013|US-10029428-6	GSE253013_US-10029428-6_5889419a73f5	GSE253013	INVASIVE ADENOCARCINOMA	epithelial_solid_default	GSE253013_US-10029428-6_5889419a73f5::0	318	0.01594613678753376	0.0192495939694345	0.29245283018867924	246	0.8577235772357723	malignant
GSE253013|US-10029428-6	GSE253013_US-10029428-6_5889419a73f5	GSE253013	INVASIVE ADENOCARCINOMA	epithelial_solid_default	GSE253013_US-10029428-6_5889419a73f5::1	35	0.023030636832118034	0.0192495939694345	0.7714285714285715	35	0.0	malignant
GSE253013|US-10029428-7	GSE253013_US-10029428-7_8ccc98788200	GSE253013	INVASIVE ADENOCARCINOMA	epithelial_solid_default	GSE253013_US-10029428-7_8ccc98788200::0	257	0.017197107896208763	0.021068349704146356	0.2801556420233463	190	0.9789473684210527	malignant
GSE253013|US-10029428-7	GSE253013_US-10029428-7_8ccc98788200	GSE253013	INVASIVE ADENOCARCINOMA	epithelial_solid_default	GSE253013_US-10029428-7_8ccc98788200::1	83	0.015109109692275524	0.021068349704146356	0.3253012048192771	68	0.07352941176470588	uncertain
GSE253013|US-10029428-8	GSE253013_US-10029428-8_b893529a9814	GSE253013	INVASIVE ADENOCARCINOMA	epithelial_solid_default	GSE253013_US-10029428-8_b893529a9814::0	349	0.015531527809798717	0.019892117902636522	0.24355300859598855	273	0.8937728937728938	malignant
GSE253013|US-10029428-8	GSE253013_US-10029428-8_b893529a9814	GSE253013	INVASIVE ADENOCARCINOMA	epithelial_solid_default	GSE253013_US-10029428-8_b893529a9814::1	54	0.021196546033024788	0.019892117902636522	0.5925925925925926	54	0.0	uncertain
GSE253013|US-10029429-1	GSE253013_US-10029429-1_f036417d3a89	GSE253013	INVASIVE ADENOCARCINOMA	epithelial_solid_default	GSE253013_US-10029429-1_f036417d3a89::0	92	0.017507372424006462	0.0197600445523858	0.31521739130434784	0		uncertain
GSE253013|US-10029429-2	GSE253013_US-10029429-2_1ad1ddb1d093	GSE253013	INVASIVE ADENOCARCINOMA	epithelial_solid_default	GSE253013_US-10029429-2_1ad1ddb1d093::0	83	0.018205951899290085	0.019751939494162787	0.3855421686746988	0		uncertain
GSE253013|US-10029429-3	GSE253013_US-10029429-3_debd8a154cc0	GSE253013	INVASIVE ADENOCARCINOMA	epithelial_solid_default	GSE253013_US-10029429-3_debd8a154cc0::0	63	0.01728014647960663	0.020963737145066254	0.2698412698412698	0		uncertain
GSE253013|US-10029429-4	GSE253013_US-10029429-4_ab8dd6570120	GSE253013	INVASIVE ADENOCARCINOMA	epithelial_solid_default	GSE253013_US-10029429-4_ab8dd6570120::0	100	0.01774516887962818	0.02047347916290164	0.31	0		uncertain
GSE253013|US-10029430-1	GSE253013_US-10029430-1_005aa94b2f04	GSE253013	INVASIVE ADENOCARCINOMA	epithelial_solid_default	GSE253013_US-10029430-1_005aa94b2f04::0	259	0.028577711433172226	0.02014882788062093	0.8957528957528957	255	0.984313725490196	malignant
GSE253013|US-10029430-1	GSE253013_US-10029430-1_005aa94b2f04	GSE253013	INVASIVE ADENOCARCINOMA	epithelial_solid_default	GSE253013_US-10029430-1_005aa94b2f04::1	28	0.013160078786313534	0.02014882788062093	0.21428571428571427	21	0.23809523809523808	uncertain
GSE253013|US-10029430-2	GSE253013_US-10029430-2_f314bc5a039a	GSE253013	INVASIVE ADENOCARCINOMA	epithelial_solid_default	GSE253013_US-10029430-2_f314bc5a039a::0	277	0.02711794525384903	0.020354148950427736	0.8303249097472925	271	0.933579335793358	malignant
GSE253013|US-10029430-3	GSE253013_US-10029430-3_b421f19f75cf	GSE253013	INVASIVE ADENOCARCINOMA	epithelial_solid_default	GSE253013_US-10029430-3_b421f19f75cf::0	624	0.016720646992325783	0.010195335075259208	0.8285256410256411	614	0.998371335504886	malignant
GSE253013|US-10029430-3	GSE253013_US-10029430-3_b421f19f75cf	GSE253013	INVASIVE ADENOCARCINOMA	epithelial_solid_default	GSE253013_US-10029430-3_b421f19f75cf::1	116	0.006422222126275301	0.010195335075259208	0.1724137931034483	99	0.050505050505050504	uncertain
GSE253013|US-10029430-4	GSE253013_US-10029430-4_a624eff6ae2b	GSE253013	INVASIVE ADENOCARCINOMA	epithelial_solid_default	GSE253013_US-10029430-4_a624eff6ae2b::0	526	0.016619890928268433	0.013516988418996337	0.6577946768060836	518	0.9942084942084942	malignant
GSE253013|US-10029430-4	GSE253013_US-10029430-4_a624eff6ae2b	GSE253013	INVASIVE ADENOCARCINOMA	epithelial_solid_default	GSE253013_US-10029430-4_a624eff6ae2b::1	108	0.006568040233105421	0.013516988418996337	0.037037037037037035	98	0.07142857142857142	uncertain
GSE253013|US-10029430-5	GSE253013_US-10029430-5_32059ff71bc7	GSE253013	INVASIVE ADENOCARCINOMA	epithelial_solid_default	GSE253013_US-10029430-5_32059ff71bc7::1	123	0.0060259392485022545	0.012068550214171421	0.12195121951219512	106	0.07547169811320754	uncertain
GSE253013|US-10029430-5	GSE253013_US-10029430-5_32059ff71bc7	GSE253013	INVASIVE ADENOCARCINOMA	epithelial_solid_default	GSE253013_US-10029430-5_32059ff71bc7::0	579	0.01679231785237789	0.012068550214171421	0.7322970639032815	569	0.9964850615114236	malignant
GSE253013|US-10029430-6	GSE253013_US-10029430-6_331df0c94497	GSE253013	INVASIVE ADENOCARCINOMA	epithelial_solid_default	GSE253013_US-10029430-6_331df0c94497::0	609	0.017017170786857605	0.016074429787695403	0.5155993431855501	599	0.996661101836394	malignant
GSE253013|US-10029430-6	GSE253013_US-10029430-6_331df0c94497	GSE253013	INVASIVE ADENOCARCINOMA	epithelial_solid_default	GSE253013_US-10029430-6_331df0c94497::1	149	0.00655533978715539	0.016074429787695403	0.026845637583892617	133	0.05263157894736842	uncertain
GSE253013|US-10029430-7	GSE253013_US-10029430-7_36bfbd71cd78	GSE253013	INVASIVE ADENOCARCINOMA	epithelial_solid_default	GSE253013_US-10029430-7_36bfbd71cd78::0	682	0.016856033354997635	0.012507296837866312	0.6862170087976539	672	0.9955357142857143	malignant
GSE253013|US-10029430-7	GSE253013_US-10029430-7_36bfbd71cd78	GSE253013	INVASIVE ADENOCARCINOMA	epithelial_solid_default	GSE253013_US-10029430-7_36bfbd71cd78::1	154	0.005907122045755386	0.012507296837866312	0.07792207792207792	137	0.12408759124087591	uncertain
GSE253013|US-10029433-4	GSE253013_US-10029433-4_6ce27f20e059	GSE253013	INVASIVE ADENOCARCINOMA	epithelial_solid_default	GSE253013_US-10029433-4_6ce27f20e059::0	713	0.012247077189385891	0.01623080052435396	0.15427769985974754	613	0.19738988580750408	uncertain
GSE253013|US-10029433-5	GSE253013_US-10029433-5_9b5fedbb1558	GSE253013	INVASIVE ADENOCARCINOMA	epithelial_solid_default	GSE253013_US-10029433-5_9b5fedbb1558::0	707	0.01243164949119091	0.018289823364466423	0.07072135785007072	621	0.6634460547504025	malignant
GSE253013|US-10029433-6	GSE253013_US-10029433-6_75026629ae21	GSE253013	INVASIVE ADENOCARCINOMA	epithelial_solid_default	GSE253013_US-10029433-6_75026629ae21::0	802	0.012163490056991577	0.01714791977778077	0.09351620947630923	691	0.5065123010130246	malignant
GSE253013|US-10029433-7	GSE253013_US-10029433-7_659d790ee0ef	GSE253013	INVASIVE ADENOCARCINOMA	epithelial_solid_default	GSE253013_US-10029433-7_659d790ee0ef::0	871	0.0119644058868289	0.01476547727361322	0.19862227324913892	743	0.297442799461642	uncertain
GSE253013|US-10029433-8	GSE253013_US-10029433-8_68f14bbfe0a2	GSE253013	INVASIVE ADENOCARCINOMA	epithelial_solid_default	GSE253013_US-10029433-8_68f14bbfe0a2::0	1005	0.012352479621767998	0.017224297858774662	0.12139303482587065	882	0.5045351473922902	malignant
GSE253013|US-10029434-5	GSE253013_US-10029434-5_9affa653fd56	GSE253013	INVASIVE ADENOCARCINOMA	epithelial_solid_default	GSE253013_US-10029434-5_9affa653fd56::0	179	0.01015128567814827	0.015571708166971792	0.07262569832402235	150	0.02666666666666667	uncertain
GSE253013|US-10029434-5	GSE253013_US-10029434-5_9affa653fd56	GSE253013	INVASIVE ADENOCARCINOMA	epithelial_solid_default	GSE253013_US-10029434-5_9affa653fd56::1	120	0.023764904588460922	0.015571708166971792	0.95	119	0.0	malignant
GSE253013|US-10029434-5	GSE253013_US-10029434-5_9affa653fd56	GSE253013	INVASIVE ADENOCARCINOMA	epithelial_solid_default	GSE253013_US-10029434-5_9affa653fd56::2	58	0.02590697631239891	0.015571708166971792	1.0	35	1.0	malignant
GSE253013|US-10029434-6	GSE253013_US-10029434-6_a494e9bb6ecf	GSE253013	INVASIVE ADENOCARCINOMA	epithelial_solid_default	GSE253013_US-10029434-6_a494e9bb6ecf::0	330	0.015552971512079239	0.013890149425715209	0.5303030303030303	311	0.0	uncertain
GSE253013|US-10029434-6	GSE253013_US-10029434-6_a494e9bb6ecf	GSE253013	INVASIVE ADENOCARCINOMA	epithelial_solid_default	GSE253013_US-10029434-6_a494e9bb6ecf::1	101	0.025058800354599953	0.013890149425715209	0.9405940594059405	57	0.9649122807017544	malignant
GSE253013|US-10029434-7	GSE253013_US-10029434-7_5546151ab9df	GSE253013	INVASIVE ADENOCARCINOMA	epithelial_solid_default	GSE253013_US-10029434-7_5546151ab9df::0	335	0.014872747473418713	0.016538862455636284	0.37910447761194027	298	0.003355704697986577	uncertain
GSE253013|US-10029434-7	GSE253013_US-10029434-7_5546151ab9df	GSE253013	INVASIVE ADENOCARCINOMA	epithelial_solid_default	GSE253013_US-10029434-7_5546151ab9df::1	97	0.024241602048277855	0.016538862455636284	0.9175257731958762	59	0.9661016949152542	malignant
GSE253013|MRC003_ADENO_1	GSE253013_MRC003_ADENO_1_3ef0d44c8781	GSE253013	INVASIVE MUCINOUS ADENOCARCINOMA	epithelial_solid_default	GSE253013_MRC003_ADENO_1_3ef0d44c8781::0	549	0.01800953596830368	0.015144006032496708	0.7085610200364298	546	1.0	malignant
GSE253013|MRC003_ADENO_1	GSE253013_MRC003_ADENO_1_3ef0d44c8781	GSE253013	INVASIVE MUCINOUS ADENOCARCINOMA	epithelial_solid_default	GSE253013_MRC003_ADENO_1_3ef0d44c8781::1	154	0.007311823312193155	0.015144006032496708	0.03896103896103896	145	0.15172413793103448	uncertain
GSE253013|MRC003_ADENO_2	GSE253013_MRC003_ADENO_2_a831c574bb29	GSE253013	INVASIVE MUCINOUS ADENOCARCINOMA	epithelial_solid_default	GSE253013_MRC003_ADENO_2_a831c574bb29::0	527	0.017726581543684006	0.015005444735288623	0.6944971537001897	524	0.9980916030534351	malignant
GSE253013|MRC003_ADENO_2	GSE253013_MRC003_ADENO_2_a831c574bb29	GSE253013	INVASIVE MUCINOUS ADENOCARCINOMA	epithelial_solid_default	GSE253013_MRC003_ADENO_2_a831c574bb29::1	132	0.008147059008479118	0.015005444735288623	0.05303030303030303	126	0.05555555555555555	uncertain
GSE253013|MRC003_ADENO_3	GSE253013_MRC003_ADENO_3_a947622552f8	GSE253013	INVASIVE MUCINOUS ADENOCARCINOMA	epithelial_solid_default	GSE253013_MRC003_ADENO_3_a947622552f8::0	567	0.018365858122706413	0.014758904166519655	0.7601410934744268	565	0.9982300884955753	malignant
GSE253013|MRC003_ADENO_3	GSE253013_MRC003_ADENO_3_a947622552f8	GSE253013	INVASIVE MUCINOUS ADENOCARCINOMA	epithelial_solid_default	GSE253013_MRC003_ADENO_3_a947622552f8::1	131	0.007566634565591812	0.014758904166519655	0.022900763358778626	126	0.06349206349206349	uncertain
GSE253013|MRC003_ADENO_4	GSE253013_MRC003_ADENO_4_d8069f0f13b5	GSE253013	INVASIVE MUCINOUS ADENOCARCINOMA	epithelial_solid_default	GSE253013_MRC003_ADENO_4_d8069f0f13b5::0	553	0.019482877105474472	0.017467798758298167	0.6455696202531646	552	0.9981884057971014	malignant
GSE253013|MRC003_ADENO_4	GSE253013_MRC003_ADENO_4_d8069f0f13b5	GSE253013	INVASIVE MUCINOUS ADENOCARCINOMA	epithelial_solid_default	GSE253013_MRC003_ADENO_4_d8069f0f13b5::1	155	0.008158416487276554	0.017467798758298167	0.01935483870967742	152	0.20394736842105263	uncertain
GSE253013|MRC001_NAT_1	GSE253013_MRC001_NAT_1_faa2d57002fd	GSE253013	INVASIVE MUCINOUS CARCINOMA	epithelial_solid_default	GSE253013_MRC001_NAT_1_faa2d57002fd::0	198	0.016501732170581818	0.017906062304973592	0.36363636363636365	0		uncertain
GSE253013|MRC001_NAT_2	GSE253013_MRC001_NAT_2_d6cff5fc5427	GSE253013	INVASIVE MUCINOUS CARCINOMA	epithelial_solid_default	GSE253013_MRC001_NAT_2_d6cff5fc5427::0	214	0.01604117639362812	0.01843200938776135	0.2897196261682243	198	0.3282828282828283	uncertain
GSE253013|MRC001_NAT_3	GSE253013_MRC001_NAT_3_1e72eed0309c	GSE253013	INVASIVE MUCINOUS CARCINOMA	epithelial_solid_default	GSE253013_MRC001_NAT_3_1e72eed0309c::0	192	0.016139879822731018	0.018711214959621424	0.2864583333333333	0		uncertain
GSE253013|MRC001_NSCLC_1	GSE253013_MRC001_NSCLC_1_a77fcebd8766	GSE253013	INVASIVE MUCINOUS CARCINOMA	epithelial_solid_default	GSE253013_MRC001_NSCLC_1_a77fcebd8766::1	25	0.019061990082263947	0.02045496422797442	0.32	0		uncertain
GSE253013|MRC001_NSCLC_1	GSE253013_MRC001_NSCLC_1_a77fcebd8766	GSE253013	INVASIVE MUCINOUS CARCINOMA	epithelial_solid_default	GSE253013_MRC001_NSCLC_1_a77fcebd8766::0	128	0.012963864952325821	0.02045496422797442	0.0546875	0		non_malignant
GSE253013|MRC001_NSCLC_2	GSE253013_MRC001_NSCLC_2_ad9d5ff68457	GSE253013	INVASIVE MUCINOUS CARCINOMA	epithelial_solid_default	GSE253013_MRC001_NSCLC_2_ad9d5ff68457::0	158	0.013675258494913578	0.01825895011425018	0.15822784810126583	0		non_malignant
GSE253013|MRC001_NSCLC_3	GSE253013_MRC001_NSCLC_3_039ec0c259e0	GSE253013	INVASIVE MUCINOUS CARCINOMA	epithelial_solid_default	GSE253013_MRC001_NSCLC_3_039ec0c259e0::0	153	0.013452349230647087	0.02024827867746354	0.1111111111111111	0		non_malignant
GSE253013|MRC001_NSCLC_4	GSE253013_MRC001_NSCLC_4_c25b67292115	GSE253013	INVASIVE MUCINOUS CARCINOMA	epithelial_solid_default	GSE253013_MRC001_NSCLC_4_c25b67292115::0	156	0.013994195498526096	0.020246858056634707	0.11538461538461539	0		non_malignant
GSE138709|GSE138709__ICC_18_Tumor	GSE138709_GSE138709__ICC_18_Tumor_95a7f84102bd	GSE138709	Intrahepatic cholangiocarcinoma	epithelial_solid_default	GSE138709_GSE138709__ICC_18_Tumor_95a7f84102bd::0	3008	0.0347665436565876	0.011715237153694002	0.9358377659574468	3005	0.8618968386023295	malignant
GSE138709|GSE138709__ICC_18_Tumor	GSE138709_GSE138709__ICC_18_Tumor_95a7f84102bd	GSE138709	Intrahepatic cholangiocarcinoma	epithelial_solid_default	GSE138709_GSE138709__ICC_18_Tumor_95a7f84102bd::1	848	0.007365258876234293	0.011715237153694002	0.18160377358490565	848	0.25825471698113206	uncertain
GSE138709|GSE138709__ICC_20_Tumor	GSE138709_GSE138709__ICC_20_Tumor_90b93e54ebc5	GSE138709	Intrahepatic cholangiocarcinoma	epithelial_solid_default	GSE138709_GSE138709__ICC_20_Tumor_90b93e54ebc5::4	169	0.004447517450898886	0.00600845504086464	0.10650887573964497	149	0.03355704697986577	uncertain
GSE138709|GSE138709__ICC_20_Tumor	GSE138709_GSE138709__ICC_20_Tumor_90b93e54ebc5	GSE138709	Intrahepatic cholangiocarcinoma	epithelial_solid_default	GSE138709_GSE138709__ICC_20_Tumor_90b93e54ebc5::0	632	0.024543214589357376	0.00600845504086464	1.0	632	0.9794303797468354	malignant
GSE138709|GSE138709__ICC_20_Tumor	GSE138709_GSE138709__ICC_20_Tumor_90b93e54ebc5	GSE138709	Intrahepatic cholangiocarcinoma	epithelial_solid_default	GSE138709_GSE138709__ICC_20_Tumor_90b93e54ebc5::2	486	0.03062913566827774	0.00600845504086464	1.0	485	0.9175257731958762	malignant
GSE138709|GSE138709__ICC_20_Tumor	GSE138709_GSE138709__ICC_20_Tumor_90b93e54ebc5	GSE138709	Intrahepatic cholangiocarcinoma	epithelial_solid_default	GSE138709_GSE138709__ICC_20_Tumor_90b93e54ebc5::1	510	0.009865147061645985	0.00600845504086464	0.8901960784313725	495	0.4767676767676768	malignant
GSE138709|GSE138709__ICC_20_Tumor	GSE138709_GSE138709__ICC_20_Tumor_90b93e54ebc5	GSE138709	Intrahepatic cholangiocarcinoma	epithelial_solid_default	GSE138709_GSE138709__ICC_20_Tumor_90b93e54ebc5::3	255	0.007919070310890675	0.00600845504086464	0.6980392156862745	246	0.4349593495934959	malignant
GSE138709|GSE138709__ICC_23_Tumor	GSE138709_GSE138709__ICC_23_Tumor_4c0f69a84de9	GSE138709	Intrahepatic cholangiocarcinoma	epithelial_solid_default	GSE138709_GSE138709__ICC_23_Tumor_4c0f69a84de9::0	1038	0.04314121976494789	0.018101110681891405	0.9046242774566474	1037	0.9296046287367405	malignant
GSE138709|GSE138709__ICC_23_Tumor	GSE138709_GSE138709__ICC_23_Tumor_4c0f69a84de9	GSE138709	Intrahepatic cholangiocarcinoma	epithelial_solid_default	GSE138709_GSE138709__ICC_23_Tumor_4c0f69a84de9::1	364	0.012254985049366951	0.018101110681891405	0.15384615384615385	363	0.4214876033057851	uncertain
GSE138709|GSE138709__ICC_23_Tumor	GSE138709_GSE138709__ICC_23_Tumor_4c0f69a84de9	GSE138709	Intrahepatic cholangiocarcinoma	epithelial_solid_default	GSE138709_GSE138709__ICC_23_Tumor_4c0f69a84de9::2	261	0.006956520490348339	0.018101110681891405	0.03065134099616858	261	0.2260536398467433	uncertain
GSE138709|GSE138709__ICC_23_Tumor	GSE138709_GSE138709__ICC_23_Tumor_4c0f69a84de9	GSE138709	Intrahepatic cholangiocarcinoma	epithelial_solid_default	GSE138709_GSE138709__ICC_23_Tumor_4c0f69a84de9::3	32	0.0017332633724436164	0.018101110681891405	0.0	32	0.03125	uncertain
GSE138709|GSE138709__ICC_24_Tumor1	GSE138709_GSE138709__ICC_24_Tumor1_8722e8547f27	GSE138709	Intrahepatic cholangiocarcinoma	epithelial_solid_default	GSE138709_GSE138709__ICC_24_Tumor1_8722e8547f27::0	1801	0.03450913354754448	0.02107097879052165	0.5524708495280399	1782	0.3445566778900112	uncertain
GSE138709|GSE138709__ICC_24_Tumor1	GSE138709_GSE138709__ICC_24_Tumor1_8722e8547f27	GSE138709	Intrahepatic cholangiocarcinoma	epithelial_solid_default	GSE138709_GSE138709__ICC_24_Tumor1_8722e8547f27::1	204	0.0013344029430299997	0.02107097879052165	0.0	202	0.0	non_malignant
GSE138709|GSE138709__ICC_24_Tumor2	GSE138709_GSE138709__ICC_24_Tumor2_59d85d49ca0a	GSE138709	Intrahepatic cholangiocarcinoma	epithelial_solid_default	GSE138709_GSE138709__ICC_24_Tumor2_59d85d49ca0a::0	66	0.045033060014247894	0.03872912392020231	0.5303030303030303	0		uncertain
GSE138709|GSE138709__ICC_25_Adjacent	GSE138709_GSE138709__ICC_25_Adjacent_5a5a55cf5d68	GSE138709	Intrahepatic cholangiocarcinoma	epithelial_solid_default	GSE138709_GSE138709__ICC_25_Adjacent_5a5a55cf5d68::0	376	0.013920783065259457	0.025579799003899107	0.09042553191489362	336	0.0	non_malignant
GSE138709|GSE138709__ICC_25_Adjacent	GSE138709_GSE138709__ICC_25_Adjacent_5a5a55cf5d68	GSE138709	Intrahepatic cholangiocarcinoma	epithelial_solid_default	GSE138709_GSE138709__ICC_25_Adjacent_5a5a55cf5d68::1	73	0.007657958194613457	0.025579799003899107	0.0136986301369863	41	0.8780487804878049	malignant
GSE188711|GSM5688706__WGC	GSE188711_GSM5688706__WGC_3d9d2db59172	GSE188711	Left/right CRC	epithelial_solid_default	GSE188711_GSM5688706__WGC_3d9d2db59172::0	166	0.009542752988636494	0.04311748221516599	0.024096385542168676	91	0.01098901098901099	uncertain
GSE188711|GSM5688706__WGC	GSE188711_GSM5688706__WGC_3d9d2db59172	GSE188711	Left/right CRC	epithelial_solid_default	GSE188711_GSM5688706__WGC_3d9d2db59172::1	123	0.07976483553647995	0.04311748221516599	0.8617886178861789	123	0.967479674796748	malignant
GSE188711|GSM5688707__JCA	GSE188711_GSM5688707__JCA_1df86cfe936d	GSE188711	Left/right CRC	epithelial_solid_default	GSE188711_GSM5688707__JCA_1df86cfe936d::0	327	0.07841335982084274	0.02793029453605414	0.9480122324159022	326	0.9601226993865031	malignant
GSE188711|GSM5688707__JCA	GSE188711_GSM5688707__JCA_1df86cfe936d	GSE188711	Left/right CRC	epithelial_solid_default	GSE188711_GSM5688707__JCA_1df86cfe936d::1	225	0.015114021487534046	0.02793029453605414	0.19555555555555557	169	0.01775147928994083	uncertain
GSE188711|GSM5688708__LS-CRC3	GSE188711_GSM5688708__LS-CRC3_479b63b17c36	GSE188711	Left/right CRC	epithelial_solid_default	GSE188711_GSM5688708__LS-CRC3_479b63b17c36::0	88	0.04136248677968979	0.051164594963192915	0.36363636363636365	0		uncertain
GSE188711|GSM5688709__RS-CRC1	GSE188711_GSM5688709__RS-CRC1_3a25ea4ebb26	GSE188711	Left/right CRC	epithelial_solid_default	GSE188711_GSM5688709__RS-CRC1_3a25ea4ebb26::0	77	0.015372496098279953	0.04888411443680524	0.06493506493506493	0		non_malignant
GSE188711|GSM5688709__RS-CRC1	GSE188711_GSM5688709__RS-CRC1_3a25ea4ebb26	GSE188711	Left/right CRC	epithelial_solid_default	GSE188711_GSM5688709__RS-CRC1_3a25ea4ebb26::1	18	0.12163746356964111	0.04888411443680524	1.0	0		uncertain
GSE188711|GSM5688710__R_CRC3	GSE188711_GSM5688710__R_CRC3_92f66eb7d1ca	GSE188711	Left/right CRC	epithelial_solid_default	GSE188711_GSM5688710__R_CRC3_92f66eb7d1ca::0	90	0.03644213825464249	0.03562210053205486	0.43333333333333335	0		uncertain
GSE188711|GSM5688711__R_CRC4	GSE188711_GSM5688711__R_CRC4_a1abb7232cb9	GSE188711	Left/right CRC	epithelial_solid_default	GSE188711_GSM5688711__R_CRC4_a1abb7232cb9::1	248	0.05096649006009102	0.04434339936822654	0.5443548387096774	246	0.6097560975609756	malignant
GSE188711|GSM5688711__R_CRC4	GSE188711_GSM5688711__R_CRC4_a1abb7232cb9	GSE188711	Left/right CRC	epithelial_solid_default	GSE188711_GSM5688711__R_CRC4_a1abb7232cb9::0	268	0.0061748577281832695	0.04434339936822654	0.0037313432835820895	156	0.04487179487179487	uncertain
GSE131907|BRONCHO_11	GSE131907_BRONCHO_11_666ffb76e2f2	GSE131907	Lung cancer	epithelial_solid_default	GSE131907_BRONCHO_11_666ffb76e2f2::0	120	0.08676202595233917	0.03673823822289701	1.0	0		malignant
GSE131907|BRONCHO_11	GSE131907_BRONCHO_11_666ffb76e2f2	GSE131907	Lung cancer	epithelial_solid_default	GSE131907_BRONCHO_11_666ffb76e2f2::1	61	0.014228143729269505	0.03673823822289701	0.13114754098360656	0		non_malignant
GSE131907|BRONCHO_58	GSE131907_BRONCHO_58_303770bbd74e	GSE131907	Lung cancer	epithelial_solid_default	GSE131907_BRONCHO_58_303770bbd74e::0	305	0.06963537633419037	0.03638025708496569	0.9147540983606557	305	0.9639344262295082	malignant
GSE131907|BRONCHO_58	GSE131907_BRONCHO_58_303770bbd74e	GSE131907	Lung cancer	epithelial_solid_default	GSE131907_BRONCHO_58_303770bbd74e::1	135	0.006004913244396448	0.03638025708496569	0.014814814814814815	59	0.0	non_malignant
GSE131907|EBUS_06	GSE131907_EBUS_06_4075518547cd	GSE131907	Lung cancer	epithelial_solid_default	GSE131907_EBUS_06_4075518547cd::0	935	0.047195978462696075	0.004839741038158533	0.825668449197861	840	0.6285714285714286	malignant
GSE131907|EBUS_06	GSE131907_EBUS_06_4075518547cd	GSE131907	Lung cancer	epithelial_solid_default	GSE131907_EBUS_06_4075518547cd::1	196	2.2758367776987143e-05	0.004839741038158533	0.0	31	0.0	non_malignant
GSE131907|EBUS_10	GSE131907_EBUS_10_9d1207b13c71	GSE131907	Lung cancer	epithelial_solid_default	GSE131907_EBUS_10_9d1207b13c71::0	267	0.09523347020149231	0.048871440514921996	0.9325842696629213	265	0.8113207547169812	malignant
GSE131907|EBUS_10	GSE131907_EBUS_10_9d1207b13c71	GSE131907	Lung cancer	epithelial_solid_default	GSE131907_EBUS_10_9d1207b13c71::1	108	0.01297514233738184	0.048871440514921996	0.046296296296296294	55	0.0	non_malignant
GSE131907|EBUS_12	GSE131907_EBUS_12_b7afabee78e6	GSE131907	Lung cancer	epithelial_solid_default	GSE131907_EBUS_12_b7afabee78e6::0	150	0.1190621554851532	0.03388734832406051	1.0	150	1.0	malignant
GSE131907|EBUS_12	GSE131907_EBUS_12_b7afabee78e6	GSE131907	Lung cancer	epithelial_solid_default	GSE131907_EBUS_12_b7afabee78e6::2	34	0.01092168316245079	0.03388734832406051	0.058823529411764705	26	0.0	non_malignant
GSE131907|EBUS_12	GSE131907_EBUS_12_b7afabee78e6	GSE131907	Lung cancer	epithelial_solid_default	GSE131907_EBUS_12_b7afabee78e6::1	43	0.11592923849821091	0.03388734832406051	1.0	43	0.0	malignant
GSE131907|EBUS_13	GSE131907_EBUS_13_2f668e79d65d	GSE131907	Lung cancer	epithelial_solid_default	GSE131907_EBUS_13_2f668e79d65d::0	77	0.11645850539207458	0.048995720297098165	1.0	0		malignant
GSE131907|EBUS_13	GSE131907_EBUS_13_2f668e79d65d	GSE131907	Lung cancer	epithelial_solid_default	GSE131907_EBUS_13_2f668e79d65d::1	40	0.008165823295712471	0.048995720297098165	0.0	0		non_malignant
GSE131907|EBUS_15	GSE131907_EBUS_15_8df236902bbb	GSE131907	Lung cancer	epithelial_solid_default	GSE131907_EBUS_15_8df236902bbb::0	96	0.002589458366855979	0.04463920943439014	0.0	31	0.0	non_malignant
GSE131907|EBUS_15	GSE131907_EBUS_15_8df236902bbb	GSE131907	Lung cancer	epithelial_solid_default	GSE131907_EBUS_15_8df236902bbb::1	72	0.02281765453517437	0.04463920943439014	0.18055555555555555	65	0.0	non_malignant
GSE131907|EBUS_15	GSE131907_EBUS_15_8df236902bbb	GSE131907	Lung cancer	epithelial_solid_default	GSE131907_EBUS_15_8df236902bbb::2	60	0.11716503649950027	0.04463920943439014	1.0	60	0.9166666666666666	malignant
GSE131907|EBUS_19	GSE131907_EBUS_19_628dbe17f6ea	GSE131907	Lung cancer	epithelial_solid_default	GSE131907_EBUS_19_628dbe17f6ea::0	104	0.08299985527992249	0.041481168344616945	0.9423076923076923	0		malignant
GSE131907|EBUS_19	GSE131907_EBUS_19_628dbe17f6ea	GSE131907	Lung cancer	epithelial_solid_default	GSE131907_EBUS_19_628dbe17f6ea::2	19	0.0074635837227106094	0.041481168344616945	0.0	0		non_malignant
GSE131907|EBUS_19	GSE131907_EBUS_19_628dbe17f6ea	GSE131907	Lung cancer	epithelial_solid_default	GSE131907_EBUS_19_628dbe17f6ea::1	48	0.1193133294582367	0.041481168344616945	1.0	0		malignant
GSE131907|EBUS_28	GSE131907_EBUS_28_ed51b838ef30	GSE131907	Lung cancer	epithelial_solid_default	GSE131907_EBUS_28_ed51b838ef30::0	3074	0.040869951248168945	0.0025972819770686173	1.0	3073	0.46827204685974616	malignant
GSE131907|EBUS_28	GSE131907_EBUS_28_ed51b838ef30	GSE131907	Lung cancer	epithelial_solid_default	GSE131907_EBUS_28_ed51b838ef30::2	724	0.003913125488907099	0.0025972819770686173	0.6325966850828729	717	0.0	malignant
GSE131907|EBUS_28	GSE131907_EBUS_28_ed51b838ef30	GSE131907	Lung cancer	epithelial_solid_default	GSE131907_EBUS_28_ed51b838ef30::1	793	1.7556865714141168e-05	0.0025972819770686173	0.0012610340479192938	598	0.0	non_malignant
GSE131907|EBUS_49	GSE131907_EBUS_49_18ab3f00e9c2	GSE131907	Lung cancer	epithelial_solid_default	GSE131907_EBUS_49_18ab3f00e9c2::0	50	0.10209290683269501	0.040103054270148146	0.88	0		malignant
GSE131907|EBUS_49	GSE131907_EBUS_49_18ab3f00e9c2	GSE131907	Lung cancer	epithelial_solid_default	GSE131907_EBUS_49_18ab3f00e9c2::1	32	0.011151107959449291	0.040103054270148146	0.03125	0		non_malignant
GSE131907|EBUS_51	GSE131907_EBUS_51_25d013bd00c0	GSE131907	Lung cancer	epithelial_solid_default	GSE131907_EBUS_51_25d013bd00c0::1	188	0.0027882184367626905	0.0174831871315837	0.026595744680851064	111	0.009009009009009009	uncertain
GSE131907|EBUS_51	GSE131907_EBUS_51_25d013bd00c0	GSE131907	Lung cancer	epithelial_solid_default	GSE131907_EBUS_51_25d013bd00c0::0	1063	0.05573265627026558	0.0174831871315837	0.980244590780809	1063	0.5446848541862653	malignant
GSE131907|EFFUSION_06	GSE131907_EFFUSION_06_6d7d62acd135	GSE131907	Lung cancer	epithelial_solid_default	GSE131907_EFFUSION_06_6d7d62acd135::0	105	0.015041832812130451	0.03868120536208148	0.08571428571428572	47	0.02127659574468085	uncertain
GSE131907|EFFUSION_06	GSE131907_EFFUSION_06_6d7d62acd135	GSE131907	Lung cancer	epithelial_solid_default	GSE131907_EFFUSION_06_6d7d62acd135::1	84	0.12853489816188812	0.03868120536208148	1.0	84	0.9761904761904762	malignant
GSE131907|EFFUSION_06	GSE131907_EFFUSION_06_6d7d62acd135	GSE131907	Lung cancer	epithelial_solid_default	GSE131907_EFFUSION_06_6d7d62acd135::2	20	0.051101166754961014	0.03868120536208148	0.95	20	0.0	uncertain
GSE131907|EFFUSION_11	GSE131907_EFFUSION_11_ea7ec814e302	GSE131907	Lung cancer	epithelial_solid_default	GSE131907_EFFUSION_11_ea7ec814e302::0	65	0.08554618805646896	0.04044558528810736	0.8615384615384616	0		malignant
GSE131907|EFFUSION_13	GSE131907_EFFUSION_13_b2e7c6b04064	GSE131907	Lung cancer	epithelial_solid_default	GSE131907_EFFUSION_13_b2e7c6b04064::0	38	0.06238467991352081	0.027664756011217897	0.9736842105263158	0		malignant
GSE131907|LUNG_N01	GSE131907_LUNG_N01_7026914ddb60	GSE131907	Lung cancer	epithelial_solid_default	GSE131907_LUNG_N01_7026914ddb60::0	128	0.027540966868400574	0.05348286107182505	0.0703125	0		non_malignant
GSE131907|LUNG_N06	GSE131907_LUNG_N06_25569179c09f	GSE131907	Lung cancer	epithelial_solid_default	GSE131907_LUNG_N06_25569179c09f::0	86	0.02100362256169319	0.047838296666741366	0.10465116279069768	0		non_malignant
GSE131907|LUNG_N08	GSE131907_LUNG_N08_f77217fcd57f	GSE131907	Lung cancer	epithelial_solid_default	GSE131907_LUNG_N08_f77217fcd57f::0	181	0.020457586273550987	0.04592231679707766	0.04419889502762431	0		non_malignant
GSE131907|LUNG_N09	GSE131907_LUNG_N09_1c379b5b2cbe	GSE131907	Lung cancer	epithelial_solid_default	GSE131907_LUNG_N09_1c379b5b2cbe::0	293	0.023418918251991272	0.045291402861475934	0.05802047781569966	285	0.38596491228070173	uncertain
GSE131907|LUNG_N18	GSE131907_LUNG_N18_cd8c192729a2	GSE131907	Lung cancer	epithelial_solid_default	GSE131907_LUNG_N18_cd8c192729a2::0	337	0.020138485357165337	0.04699919659644364	0.03560830860534125	298	0.39932885906040266	uncertain
GSE131907|LUNG_N19	GSE131907_LUNG_N19_fa7c8d424f2f	GSE131907	Lung cancer	epithelial_solid_default	GSE131907_LUNG_N19_fa7c8d424f2f::0	82	0.02203076146543026	0.04873518645763396	0.012195121951219513	0		non_malignant
GSE131907|LUNG_N20	GSE131907_LUNG_N20_78fc8ac6a848	GSE131907	Lung cancer	epithelial_solid_default	GSE131907_LUNG_N20_78fc8ac6a848::0	182	0.016626795753836632	0.0386934764683247	0.03296703296703297	0		non_malignant
GSE131907|LUNG_N28	GSE131907_LUNG_N28_2a23b5b1203c	GSE131907	Lung cancer	epithelial_solid_default	GSE131907_LUNG_N28_2a23b5b1203c::0	153	0.021097181364893913	0.048243752866983396	0.032679738562091505	0		non_malignant
GSE131907|LUNG_N30	GSE131907_LUNG_N30_943e53fe8caf	GSE131907	Lung cancer	epithelial_solid_default	GSE131907_LUNG_N30_943e53fe8caf::0	268	0.018672311678528786	0.04828791551291945	0.018656716417910446	236	0.6779661016949152	malignant
GSE131907|LUNG_N31	GSE131907_LUNG_N31_137a6e6a2490	GSE131907	Lung cancer	epithelial_solid_default	GSE131907_LUNG_N31_137a6e6a2490::0	434	0.016547027975320816	0.04489048387855297	0.013824884792626729	393	0.19083969465648856	uncertain
GSE131907|LUNG_N34	GSE131907_LUNG_N34_c7f6dd07b8e3	GSE131907	Lung cancer	epithelial_solid_default	GSE131907_LUNG_N34_c7f6dd07b8e3::0	469	0.015328025445342064	0.0504862955585122	0.014925373134328358	407	0.5798525798525799	malignant
GSE131907|LUNG_T06	GSE131907_LUNG_T06_8e9802bb49a6	GSE131907	Lung cancer	epithelial_solid_default	GSE131907_LUNG_T06_8e9802bb49a6::0	57	0.056802354753017426	0.04273145683109763	0.6140350877192983	0		malignant
GSE131907|LUNG_T06	GSE131907_LUNG_T06_8e9802bb49a6	GSE131907	Lung cancer	epithelial_solid_default	GSE131907_LUNG_T06_8e9802bb49a6::1	55	0.02467474713921547	0.04273145683109763	0.12727272727272726	0		non_malignant
GSE131907|LUNG_T09	GSE131907_LUNG_T09_4fd0b5ecf753	GSE131907	Lung cancer	epithelial_solid_default	GSE131907_LUNG_T09_4fd0b5ecf753::0	87	0.03414474055171013	0.05405938941985371	0.1724137931034483	0		non_malignant
GSE131907|LUNG_T18	GSE131907_LUNG_T18_eb0976e5b53e	GSE131907	Lung cancer	epithelial_solid_default	GSE131907_LUNG_T18_eb0976e5b53e::2	168	0.007796740159392357	0.023217121697962282	0.017857142857142856	118	0.00847457627118644	uncertain
GSE131907|LUNG_T18	GSE131907_LUNG_T18_eb0976e5b53e	GSE131907	Lung cancer	epithelial_solid_default	GSE131907_LUNG_T18_eb0976e5b53e::1	240	0.051806773990392685	0.023217121697962282	0.9458333333333333	240	0.016666666666666666	malignant
GSE131907|LUNG_T18	GSE131907_LUNG_T18_eb0976e5b53e	GSE131907	Lung cancer	epithelial_solid_default	GSE131907_LUNG_T18_eb0976e5b53e::0	341	0.07806740701198578	0.023217121697962282	0.9882697947214076	341	0.782991202346041	malignant
GSE131907|LUNG_T19	GSE131907_LUNG_T19_b9c7f54288fa	GSE131907	Lung cancer	epithelial_solid_default	GSE131907_LUNG_T19_b9c7f54288fa::0	133	0.07659656554460526	0.04738984666764749	0.7368421052631579	133	1.0	malignant
GSE131907|LUNG_T19	GSE131907_LUNG_T19_b9c7f54288fa	GSE131907	Lung cancer	epithelial_solid_default	GSE131907_LUNG_T19_b9c7f54288fa::1	100	0.01907031238079071	0.04738984666764749	0.03	89	0.1348314606741573	uncertain
GSE131907|LUNG_T20	GSE131907_LUNG_T20_102e159fbcf8	GSE131907	Lung cancer	epithelial_solid_default	GSE131907_LUNG_T20_102e159fbcf8::1	188	0.009742962196469307	0.035624923557043046	0.02127659574468085	138	0.10869565217391304	uncertain
GSE131907|LUNG_T20	GSE131907_LUNG_T20_102e159fbcf8	GSE131907	Lung cancer	epithelial_solid_default	GSE131907_LUNG_T20_102e159fbcf8::0	311	0.0878428965806961	0.035624923557043046	0.9485530546623794	311	0.9935691318327974	malignant
GSE131907|LUNG_T25	GSE131907_LUNG_T25_1939b1cc5d47	GSE131907	Lung cancer	epithelial_solid_default	GSE131907_LUNG_T25_1939b1cc5d47::0	121	0.039427295327186584	0.04731467738747594	0.3140495867768595	0		uncertain
GSE131907|LUNG_T25	GSE131907_LUNG_T25_1939b1cc5d47	GSE131907	Lung cancer	epithelial_solid_default	GSE131907_LUNG_T25_1939b1cc5d47::1	65	0.011868812143802643	0.04731467738747594	0.0	0		non_malignant
GSE131907|LUNG_T28	GSE131907_LUNG_T28_c305646862f4	GSE131907	Lung cancer	epithelial_solid_default	GSE131907_LUNG_T28_c305646862f4::3	77	0.001390224788337946	0.021746205203235176	0.0	50	0.0	non_malignant
GSE131907|LUNG_T28	GSE131907_LUNG_T28_c305646862f4	GSE131907	Lung cancer	epithelial_solid_default	GSE131907_LUNG_T28_c305646862f4::0	525	0.08224672079086304	0.021746205203235176	0.96	525	0.9466666666666667	malignant
GSE131907|LUNG_T28	GSE131907_LUNG_T28_c305646862f4	GSE131907	Lung cancer	epithelial_solid_default	GSE131907_LUNG_T28_c305646862f4::2	245	0.01096052210777998	0.021746205203235176	0.11836734693877551	242	0.008264462809917356	uncertain
GSE131907|LUNG_T28	GSE131907_LUNG_T28_c305646862f4	GSE131907	Lung cancer	epithelial_solid_default	GSE131907_LUNG_T28_c305646862f4::1	261	0.055308032780885696	0.021746205203235176	0.9080459770114943	261	0.007662835249042145	malignant
GSE131907|LUNG_T30	GSE131907_LUNG_T30_185b58193b30	GSE131907	Lung cancer	epithelial_solid_default	GSE131907_LUNG_T30_185b58193b30::0	347	0.011742657981812954	0.043796715885400773	0.011527377521613832	301	0.0664451827242525	uncertain
GSE131907|LUNG_T30	GSE131907_LUNG_T30_185b58193b30	GSE131907	Lung cancer	epithelial_solid_default	GSE131907_LUNG_T30_185b58193b30::1	344	0.025460071861743927	0.043796715885400773	0.0872093023255814	334	0.47604790419161674	uncertain
GSE131907|LUNG_T31	GSE131907_LUNG_T31_13fb7e00c3d4	GSE131907	Lung cancer	epithelial_solid_default	GSE131907_LUNG_T31_13fb7e00c3d4::0	135	0.013286187313497066	0.039053068161010764	0.05185185185185185	95	0.05263157894736842	uncertain
GSE131907|LUNG_T31	GSE131907_LUNG_T31_13fb7e00c3d4	GSE131907	Lung cancer	epithelial_solid_default	GSE131907_LUNG_T31_13fb7e00c3d4::1	101	0.10824556648731232	0.039053068161010764	0.9801980198019802	101	1.0	malignant
GSE131907|LUNG_T34	GSE131907_LUNG_T34_dce3e6e7631d	GSE131907	Lung cancer	epithelial_solid_default	GSE131907_LUNG_T34_dce3e6e7631d::0	1023	0.026146234944462776	0.02748706482350823	0.3831867057673509	1015	0.9596059113300492	malignant
GSE131907|LUNG_T34	GSE131907_LUNG_T34_dce3e6e7631d	GSE131907	Lung cancer	epithelial_solid_default	GSE131907_LUNG_T34_dce3e6e7631d::1	908	0.01103594247251749	0.02748706482350823	0.07929515418502203	817	0.9461444308445532	malignant
GSE131907|LUNG_T34	GSE131907_LUNG_T34_dce3e6e7631d	GSE131907	Lung cancer	epithelial_solid_default	GSE131907_LUNG_T34_dce3e6e7631d::2	328	0.031067656353116035	0.02748706482350823	0.49390243902439024	325	0.052307692307692305	uncertain
GSE131907|NS_02	GSE131907_NS_02_15fe335e5687	GSE131907	Lung cancer	epithelial_solid_default	GSE131907_NS_02_15fe335e5687::0	85	0.017093030735850334	0.0481798693910242	0.03529411764705882	0		non_malignant
GSE131907|NS_02	GSE131907_NS_02_15fe335e5687	GSE131907	Lung cancer	epithelial_solid_default	GSE131907_NS_02_15fe335e5687::1	73	0.09824416786432266	0.0481798693910242	1.0	0		malignant
GSE131907|NS_03	GSE131907_NS_03_7a952d695093	GSE131907	Lung cancer	epithelial_solid_default	GSE131907_NS_03_7a952d695093::0	1316	0.058740321546792984	0.0016098584781866529	1.0	1316	0.8541033434650456	malignant
GSE131907|NS_03	GSE131907_NS_03_7a952d695093	GSE131907	Lung cancer	epithelial_solid_default	GSE131907_NS_03_7a952d695093::1	1110	0.016037333756685257	0.0016098584781866529	0.9684684684684685	1096	0.11313868613138686	malignant
GSE131907|NS_03	GSE131907_NS_03_7a952d695093	GSE131907	Lung cancer	epithelial_solid_default	GSE131907_NS_03_7a952d695093::2	217	3.444314188527642e-06	0.0016098584781866529	0.0	92	0.0	non_malignant
GSE131907|NS_04	GSE131907_NS_04_9550544f19b4	GSE131907	Lung cancer	epithelial_solid_default	GSE131907_NS_04_9550544f19b4::0	981	0.05026663839817047	0.016137170828878875	0.8399592252803262	976	0.6434426229508197	malignant
GSE131907|NS_04	GSE131907_NS_04_9550544f19b4	GSE131907	Lung cancer	epithelial_solid_default	GSE131907_NS_04_9550544f19b4::1	157	1.938317291205749e-05	0.016137170828878875	0.0	50	0.0	non_malignant
GSE131907|NS_06	GSE131907_NS_06_fb03be1605d4	GSE131907	Lung cancer	epithelial_solid_default	GSE131907_NS_06_fb03be1605d4::0	53	0.013221998699009418	0.04755990866571664	0.018867924528301886	0		non_malignant
GSE131907|NS_06	GSE131907_NS_06_fb03be1605d4	GSE131907	Lung cancer	epithelial_solid_default	GSE131907_NS_06_fb03be1605d4::1	21	0.1340874880552292	0.04755990866571664	1.0	0		uncertain
GSE131907|NS_07	GSE131907_NS_07_c2113fba4061	GSE131907	Lung cancer	epithelial_solid_default	GSE131907_NS_07_c2113fba4061::2	561	3.4001091989921406e-05	0.026694958973675856	0.0	211	0.0	non_malignant
GSE131907|NS_07	GSE131907_NS_07_c2113fba4061	GSE131907	Lung cancer	epithelial_solid_default	GSE131907_NS_07_c2113fba4061::0	3244	0.038864631205797195	0.026694958973675856	0.6624537607891492	3243	0.6827012025901943	malignant
GSE131907|NS_07	GSE131907_NS_07_c2113fba4061	GSE131907	Lung cancer	epithelial_solid_default	GSE131907_NS_07_c2113fba4061::1	838	0.006650927942246199	0.026694958973675856	0.0011933174224343676	786	0.027989821882951654	uncertain
GSE131907|NS_12	GSE131907_NS_12_1c0854d01c2b	GSE131907	Lung cancer	epithelial_solid_default	GSE131907_NS_12_1c0854d01c2b::0	1542	0.05192900821566582	0.0012619298417121082	1.0	1540	0.9181818181818182	malignant
GSE131907|NS_12	GSE131907_NS_12_1c0854d01c2b	GSE131907	Lung cancer	epithelial_solid_default	GSE131907_NS_12_1c0854d01c2b::1	846	2.1232444851193577e-05	0.0012619298417121082	0.004728132387706856	387	0.0	non_malignant
GSE131907|NS_12	GSE131907_NS_12_1c0854d01c2b	GSE131907	Lung cancer	epithelial_solid_default	GSE131907_NS_12_1c0854d01c2b::2	211	0.006772130727767944	0.0012619298417121082	0.9620853080568721	207	0.04830917874396135	malignant
GSE131907|NS_13	GSE131907_NS_13_19c7fff50e0d	GSE131907	Lung cancer	epithelial_solid_default	GSE131907_NS_13_19c7fff50e0d::0	625	0.0558561272919178	0.03198307480663065	0.7936	624	0.782051282051282	malignant
GSE131907|NS_13	GSE131907_NS_13_19c7fff50e0d	GSE131907	Lung cancer	epithelial_solid_default	GSE131907_NS_13_19c7fff50e0d::1	481	0.00649239681661129	0.03198307480663065	0.0	210	0.014285714285714285	uncertain
GSE131907|NS_16	GSE131907_NS_16_6c80b6c53296	GSE131907	Lung cancer	epithelial_solid_default	GSE131907_NS_16_6c80b6c53296::0	75	0.055391088128089905	0.03332585096359252	0.6666666666666666	0		malignant
GSE131907|NS_17	GSE131907_NS_17_529b75f5851c	GSE131907	Lung cancer	epithelial_solid_default	GSE131907_NS_17_529b75f5851c::0	607	0.06578748673200607	0.006982546187937268	0.8764415156507414	602	0.5780730897009967	malignant
GSE131907|NS_17	GSE131907_NS_17_529b75f5851c	GSE131907	Lung cancer	epithelial_solid_default	GSE131907_NS_17_529b75f5851c::1	342	3.1249059247784317e-05	0.006982546187937268	0.0	143	0.0	non_malignant
GSE131907|NS_19	GSE131907_NS_19_e893e73d9bb5	GSE131907	Lung cancer	epithelial_solid_default	GSE131907_NS_19_e893e73d9bb5::1	207	0.008176004514098167	0.039631420746445656	0.00966183574879227	109	0.0	non_malignant
GSE131907|NS_19	GSE131907_NS_19_e893e73d9bb5	GSE131907	Lung cancer	epithelial_solid_default	GSE131907_NS_19_e893e73d9bb5::0	343	0.0679001435637474	0.039631420746445656	0.7201166180758017	339	0.6283185840707964	malignant
GSE131907|NS_19	GSE131907_NS_19_e893e73d9bb5	GSE131907	Lung cancer	epithelial_solid_default	GSE131907_NS_19_e893e73d9bb5::2	66	0.0006325127324089408	0.039631420746445656	0.0	10	0.0	non_malignant
GSE189357|GSE189357__GSM5699777_TD1	GSE189357_GSE189357__GSM5699777_TD1_e878c84d3236	GSE189357	Lung cancer	epithelial_solid_default	GSE189357_GSE189357__GSM5699777_TD1_e878c84d3236::0	440	0.01791723258793354	0.022538601104170088	0.26590909090909093	290	0.6862068965517242	malignant
GSE189357|GSE189357__GSM5699778_TD2	GSE189357_GSE189357__GSM5699778_TD2_15dbccaa09be	GSE189357	Lung cancer	epithelial_solid_default	GSE189357_GSE189357__GSM5699778_TD2_15dbccaa09be::0	176	0.013827257789671421	0.023071082215756208	0.13636363636363635	0		non_malignant
GSE189357|GSE189357__GSM5699779_TD3	GSE189357_GSE189357__GSM5699779_TD3_3a9be9da518e	GSE189357	Lung cancer	epithelial_solid_default	GSE189357_GSE189357__GSM5699779_TD3_3a9be9da518e::0	95	0.021505175158381462	0.032432527691125895	0.1368421052631579	0		non_malignant
GSE189357|GSE189357__GSM5699780_TD4	GSE189357_GSE189357__GSM5699780_TD4_bcbe8fa5f7d1	GSE189357	Lung cancer	epithelial_solid_default	GSE189357_GSE189357__GSM5699780_TD4_bcbe8fa5f7d1::0	90	0.018824711441993713	0.03664736557751895	0.06666666666666667	0		non_malignant
GSE189357|GSE189357__GSM5699781_TD5	GSE189357_GSE189357__GSM5699781_TD5_c3d6a69853b1	GSE189357	Lung cancer	epithelial_solid_default	GSE189357_GSE189357__GSM5699781_TD5_c3d6a69853b1::0	103	0.012726601213216782	0.025367576051503426	0.1262135922330097	0		non_malignant
GSE189357|GSE189357__GSM5699782_TD6	GSE189357_GSE189357__GSM5699782_TD6_817a0bcea1af	GSE189357	Lung cancer	epithelial_solid_default	GSE189357_GSE189357__GSM5699782_TD6_817a0bcea1af::2	113	0.054311662912368774	0.044998238645493946	0.7433628318584071	113	0.13274336283185842	malignant
GSE189357|GSE189357__GSM5699782_TD6	GSE189357_GSE189357__GSM5699782_TD6_817a0bcea1af	GSE189357	Lung cancer	epithelial_solid_default	GSE189357_GSE189357__GSM5699782_TD6_817a0bcea1af::1	134	0.020565848797559738	0.044998238645493946	0.05970149253731343	128	0.109375	uncertain
GSE189357|GSE189357__GSM5699782_TD6	GSE189357_GSE189357__GSM5699782_TD6_817a0bcea1af	GSE189357	Lung cancer	epithelial_solid_default	GSE189357_GSE189357__GSM5699782_TD6_817a0bcea1af::0	152	0.05592380091547966	0.044998238645493946	0.6710526315789473	152	0.9868421052631579	malignant
GSE189357|GSE189357__GSM5699783_TD7	GSE189357_GSE189357__GSM5699783_TD7_2d07cf8cc3f8	GSE189357	Lung cancer	epithelial_solid_default	GSE189357_GSE189357__GSM5699783_TD7_2d07cf8cc3f8::0	156	0.01149140577763319	0.032813705280423176	0.019230769230769232	0		non_malignant
GSE189357|GSE189357__GSM5699784_TD8	GSE189357_GSE189357__GSM5699784_TD8_b46da287e40d	GSE189357	Lung cancer	epithelial_solid_default	GSE189357_GSE189357__GSM5699784_TD8_b46da287e40d::0	139	0.02546268329024315	0.038814021497964875	0.1223021582733813	0		non_malignant
GSE189357|GSE189357__GSM5699784_TD8	GSE189357_GSE189357__GSM5699784_TD8_b46da287e40d	GSE189357	Lung cancer	epithelial_solid_default	GSE189357_GSE189357__GSM5699784_TD8_b46da287e40d::1	40	0.036615945398807526	0.038814021497964875	0.425	0		uncertain
GSE189357|GSE189357__GSM5699785_TD9	GSE189357_GSE189357__GSM5699785_TD9_51c708b9c331	GSE189357	Lung cancer	epithelial_solid_default	GSE189357_GSE189357__GSM5699785_TD9_51c708b9c331::1	609	0.01755208522081375	0.037300720363855365	0.09359605911330049	540	0.1259259259259259	uncertain
GSE189357|GSE189357__GSM5699785_TD9	GSE189357_GSE189357__GSM5699785_TD9_51c708b9c331	GSE189357	Lung cancer	epithelial_solid_default	GSE189357_GSE189357__GSM5699785_TD9_51c708b9c331::0	1059	0.02384336292743683	0.037300720363855365	0.1680830972615675	1021	0.9559255631733594	malignant
GSE162025|GSM4929846_NPC_SC_1802_Tumor	GSE162025_GSM4929846_NPC_SC_1802_Tumor_146ae7aef5f6	GSE162025	Nasopharyngeal carcinoma	epithelial_solid_default	GSE162025_GSM4929846_NPC_SC_1802_Tumor_146ae7aef5f6::0	210	0.03618341311812401	0.054014343842864077	0.2619047619047619	209	0.5023923444976076	malignant
GSE162025|GSM4929846_NPC_SC_1802_Tumor	GSE162025_GSM4929846_NPC_SC_1802_Tumor_146ae7aef5f6	GSE162025	Nasopharyngeal carcinoma	epithelial_solid_default	GSE162025_GSM4929846_NPC_SC_1802_Tumor_146ae7aef5f6::1	106	0.0005187746719457209	0.054014343842864077	0.0	68	0.0	non_malignant
GSE162025|GSM4929846_NPC_SC_1802_Tumor	GSE162025_GSM4929846_NPC_SC_1802_Tumor_146ae7aef5f6	GSE162025	Nasopharyngeal carcinoma	epithelial_solid_default	GSE162025_GSM4929846_NPC_SC_1802_Tumor_146ae7aef5f6::2	102	0.06749236583709717	0.054014343842864077	0.7450980392156863	102	0.9705882352941176	malignant
GSE162025|GSM4929848_NPC_SC_1805_Tumor	GSE162025_GSM4929848_NPC_SC_1805_Tumor_4bf8dc7cc165	GSE162025	Nasopharyngeal carcinoma	epithelial_solid_default	GSE162025_GSM4929848_NPC_SC_1805_Tumor_4bf8dc7cc165::0	76	0.04020809009671211	0.04692343767732392	0.42105263157894735	0		uncertain
GSE162025|GSM4929848_NPC_SC_1805_Tumor	GSE162025_GSM4929848_NPC_SC_1805_Tumor_4bf8dc7cc165	GSE162025	Nasopharyngeal carcinoma	epithelial_solid_default	GSE162025_GSM4929848_NPC_SC_1805_Tumor_4bf8dc7cc165::1	35	0.0001497041230322793	0.04692343767732392	0.0	0		non_malignant
GSE162025|GSM4929852_NPC_SC_1807_Tumor	GSE162025_GSM4929852_NPC_SC_1807_Tumor_caeb74d6e083	GSE162025	Nasopharyngeal carcinoma	epithelial_solid_default	GSE162025_GSM4929852_NPC_SC_1807_Tumor_caeb74d6e083::0	35	0.022420816123485565	0.04266563557088376	0.17142857142857143	0		non_malignant
GSE162025|GSM4929856_NPC_SC_1810_Tumor	GSE162025_GSM4929856_NPC_SC_1810_Tumor_94fcf89ee037	GSE162025	Nasopharyngeal carcinoma	epithelial_solid_default	GSE162025_GSM4929856_NPC_SC_1810_Tumor_94fcf89ee037::1	41	0.0030381286051124334	0.0362300765514374	0.0	0		non_malignant
GSE162025|GSM4929856_NPC_SC_1810_Tumor	GSE162025_GSM4929856_NPC_SC_1810_Tumor_94fcf89ee037	GSE162025	Nasopharyngeal carcinoma	epithelial_solid_default	GSE162025_GSM4929856_NPC_SC_1810_Tumor_94fcf89ee037::0	118	0.04289455711841583	0.0362300765514374	0.635593220338983	0		malignant
GSE162025|GSM4929858_NPC_SC_1811_Tumor	GSE162025_GSM4929858_NPC_SC_1811_Tumor_7a2c1971e967	GSE162025	Nasopharyngeal carcinoma	epithelial_solid_default	GSE162025_GSM4929858_NPC_SC_1811_Tumor_7a2c1971e967::0	35	0.023416001349687576	0.04543428815901284	0.22857142857142856	0		uncertain
GSE162025|GSM4929860_NPC_SC_1813_Tumor	GSE162025_GSM4929860_NPC_SC_1813_Tumor_80e6cf232a1d	GSE162025	Nasopharyngeal carcinoma	epithelial_solid_default	GSE162025_GSM4929860_NPC_SC_1813_Tumor_80e6cf232a1d::1	128	0.004974523559212685	0.04220296565443269	0.0	111	0.2882882882882883	uncertain
GSE162025|GSM4929860_NPC_SC_1813_Tumor	GSE162025_GSM4929860_NPC_SC_1813_Tumor_80e6cf232a1d	GSE162025	Nasopharyngeal carcinoma	epithelial_solid_default	GSE162025_GSM4929860_NPC_SC_1813_Tumor_80e6cf232a1d::0	346	0.06921954452991486	0.04220296565443269	0.8208092485549133	344	0.9011627906976745	malignant
GSE162025|GSM4929862_NPC_SC_1815_Tumor	GSE162025_GSM4929862_NPC_SC_1815_Tumor_e693e0d1e4b1	GSE162025	Nasopharyngeal carcinoma	epithelial_solid_default	GSE162025_GSM4929862_NPC_SC_1815_Tumor_e693e0d1e4b1::0	147	0.06254007667303085	0.05250603120774034	0.6462585034013606	145	0.9724137931034482	malignant
GSE162025|GSM4929862_NPC_SC_1815_Tumor	GSE162025_GSM4929862_NPC_SC_1815_Tumor_e693e0d1e4b1	GSE162025	Nasopharyngeal carcinoma	epithelial_solid_default	GSE162025_GSM4929862_NPC_SC_1815_Tumor_e693e0d1e4b1::1	61	0.0009613414877094328	0.05250603120774034	0.0	38	0.21052631578947367	uncertain
GSE162025|GSM4929864_NPC_SC_1816_Tumor	GSE162025_GSM4929864_NPC_SC_1816_Tumor_7d3059fd03d4	GSE162025	Nasopharyngeal carcinoma	epithelial_solid_default	GSE162025_GSM4929864_NPC_SC_1816_Tumor_7d3059fd03d4::0	776	0.0460064634680748	0.058625208139419537	0.297680412371134	768	0.75390625	malignant
GSE162025|GSM4929864_NPC_SC_1816_Tumor	GSE162025_GSM4929864_NPC_SC_1816_Tumor_7d3059fd03d4	GSE162025	Nasopharyngeal carcinoma	epithelial_solid_default	GSE162025_GSM4929864_NPC_SC_1816_Tumor_7d3059fd03d4::1	249	0.000804432958830148	0.058625208139419537	0.0	197	0.02030456852791878	uncertain
GSE127465|human_p1t1	GSE127465_human_p1t1_86b64aeb7a6c	GSE127465	Non-small cell lung cancer	epithelial_solid_default	GSE127465_human_p1t1_86b64aeb7a6c::0	122	0.05345550552010536	0.0265626231208444	0.9836065573770492	122	0.9672131147540983	malignant
GSE127465|human_p1t1	GSE127465_human_p1t1_86b64aeb7a6c	GSE127465	Non-small cell lung cancer	epithelial_solid_default	GSE127465_human_p1t1_86b64aeb7a6c::1	121	0.011996823363006115	0.0265626231208444	0.0743801652892562	82	0.2073170731707317	uncertain
GSE127465|human_p1t2	GSE127465_human_p1t2_28055e7bdca1	GSE127465	Non-small cell lung cancer	epithelial_solid_default	GSE127465_human_p1t2_28055e7bdca1::1	126	0.050818681716918945	0.024845057018101215	0.9444444444444444	126	0.8888888888888888	malignant
GSE127465|human_p1t2	GSE127465_human_p1t2_28055e7bdca1	GSE127465	Non-small cell lung cancer	epithelial_solid_default	GSE127465_human_p1t2_28055e7bdca1::0	137	0.010741247795522213	0.024845057018101215	0.06569343065693431	73	0.0547945205479452	uncertain
GSE127465|human_p1t3	GSE127465_human_p1t3_6beb5e699d7f	GSE127465	Non-small cell lung cancer	epithelial_solid_default	GSE127465_human_p1t3_6beb5e699d7f::0	72	0.012303134426474571	0.03107507348060612	0.09722222222222222	0		non_malignant
GSE127465|human_p1t3	GSE127465_human_p1t3_6beb5e699d7f	GSE127465	Non-small cell lung cancer	epithelial_solid_default	GSE127465_human_p1t3_6beb5e699d7f::1	67	0.06917129456996918	0.03107507348060612	1.0	0		malignant
GSE127465|human_p1t4	GSE127465_human_p1t4_0a2a930f18fc	GSE127465	Non-small cell lung cancer	epithelial_solid_default	GSE127465_human_p1t4_0a2a930f18fc::1	75	0.01170108001679182	0.039916014671325585	0.013333333333333334	0		non_malignant
GSE127465|human_p1t4	GSE127465_human_p1t4_0a2a930f18fc	GSE127465	Non-small cell lung cancer	epithelial_solid_default	GSE127465_human_p1t4_0a2a930f18fc::0	87	0.05300742760300636	0.039916014671325585	0.7241379310344828	0		malignant
GSE127465|human_p2t1	GSE127465_human_p2t1_6b9ee8a43a9f	GSE127465	Non-small cell lung cancer	epithelial_solid_default	GSE127465_human_p2t1_6b9ee8a43a9f::0	32	0.030173294246196747	0.025342288613319407	0.4375	0		uncertain
GSE127465|human_p3t1	GSE127465_human_p3t1_adea62ce9bf1	GSE127465	Non-small cell lung cancer	epithelial_solid_default	GSE127465_human_p3t1_adea62ce9bf1::0	76	0.024666979908943176	0.027868056148290597	0.3815789473684211	0		uncertain
GSE127465|human_p3t2	GSE127465_human_p3t2_26ca7ffc0ec4	GSE127465	Non-small cell lung cancer	epithelial_solid_default	GSE127465_human_p3t2_26ca7ffc0ec4::0	94	0.02460305206477642	0.03170234318822622	0.24468085106382978	0		uncertain
GSE127465|human_p3t3	GSE127465_human_p3t3_1549b62eaab6	GSE127465	Non-small cell lung cancer	epithelial_solid_default	GSE127465_human_p3t3_1549b62eaab6::0	123	0.0239470936357975	0.02481728145852684	0.4146341463414634	0		uncertain
GSE127465|human_p4t1	GSE127465_human_p4t1_7ee573b6e66a	GSE127465	Non-small cell lung cancer	epithelial_solid_default	GSE127465_human_p4t1_7ee573b6e66a::0	33	0.04700279235839844	0.036688921600580196	0.696969696969697	0		malignant
GSE127465|human_p4t2	GSE127465_human_p4t2_664817042c02	GSE127465	Non-small cell lung cancer	epithelial_solid_default	GSE127465_human_p4t2_664817042c02::0	42	0.03999355435371399	0.040972510650753975	0.47619047619047616	0		uncertain
GSE127465|human_p4t3	GSE127465_human_p4t3_3a65b2c225fe	GSE127465	Non-small cell lung cancer	epithelial_solid_default	GSE127465_human_p4t3_3a65b2c225fe::0	39	0.0391884371638298	0.040532710179686425	0.5128205128205128	0		uncertain
GSE127465|human_p5t1	GSE127465_human_p5t1_e8a2b236e760	GSE127465	Non-small cell lung cancer	epithelial_solid_default	GSE127465_human_p5t1_e8a2b236e760::0	206	0.014244637452065945	0.016920968983322394	0.32038834951456313	95	0.47368421052631576	uncertain
GSE127465|human_p5t2	GSE127465_human_p5t2_1cb3bc8d3fe0	GSE127465	Non-small cell lung cancer	epithelial_solid_default	GSE127465_human_p5t2_1cb3bc8d3fe0::1	71	0.037946172058582306	0.025390413552522632	0.8028169014084507	71	1.0	malignant
GSE127465|human_p5t2	GSE127465_human_p5t2_1cb3bc8d3fe0	GSE127465	Non-small cell lung cancer	epithelial_solid_default	GSE127465_human_p5t2_1cb3bc8d3fe0::0	136	0.01694677770137787	0.025390413552522632	0.25	97	0.5154639175257731	malignant
GSE127465|human_p6t1	GSE127465_human_p6t1_2d923ff50452	GSE127465	Non-small cell lung cancer	epithelial_solid_default	GSE127465_human_p6t1_2d923ff50452::0	43	0.03032616712152958	0.04202199533581731	0.18604651162790697	0		non_malignant
GSE127465|human_p6t2	GSE127465_human_p6t2_372de91d12e0	GSE127465	Non-small cell lung cancer	epithelial_solid_default	GSE127465_human_p6t2_372de91d12e0::0	53	0.02650977298617363	0.03947711661458015	0.22641509433962265	0		uncertain
GSE127465|human_p7t1	GSE127465_human_p7t1_7c11a9689459	GSE127465	Non-small cell lung cancer	epithelial_solid_default	GSE127465_human_p7t1_7c11a9689459::1	68	0.06898060441017151	0.028347001969814288	0.9852941176470589	0		malignant
GSE127465|human_p7t1	GSE127465_human_p7t1_7c11a9689459	GSE127465	Non-small cell lung cancer	epithelial_solid_default	GSE127465_human_p7t1_7c11a9689459::0	103	0.01085859164595604	0.028347001969814288	0.08737864077669903	0		non_malignant
GSE127465|human_p7t2	GSE127465_human_p7t2_d79d5868eb2d	GSE127465	Non-small cell lung cancer	epithelial_solid_default	GSE127465_human_p7t2_d79d5868eb2d::1	56	0.06515145301818848	0.03358229666948315	0.9642857142857143	0		malignant
GSE127465|human_p7t2	GSE127465_human_p7t2_d79d5868eb2d	GSE127465	Non-small cell lung cancer	epithelial_solid_default	GSE127465_human_p7t2_d79d5868eb2d::0	101	0.010874534957110882	0.03358229666948315	0.009900990099009901	0		non_malignant
GSE155698|GSE155698__GSM4710689_PDAC_TISSUE_1	GSE155698_GSE155698__GSM4710689_PDAC_TISSUE_1_888c5d03d853	GSE155698	Pancreatic ductal adenocarcinoma	epithelial_solid_default	GSE155698_GSE155698__GSM4710689_PDAC_TISSUE_1_888c5d03d853::0	197	0.10328023880720139	0.009515578597783993	1.0	197	1.0	malignant
GSE155698|GSE155698__GSM4710689_PDAC_TISSUE_1	GSE155698_GSE155698__GSM4710689_PDAC_TISSUE_1_888c5d03d853	GSE155698	Pancreatic ductal adenocarcinoma	epithelial_solid_default	GSE155698_GSE155698__GSM4710689_PDAC_TISSUE_1_888c5d03d853::2	31	0.004420023877173662	0.009515578597783993	0.22580645161290322	25	0.2	uncertain
GSE155698|GSE155698__GSM4710689_PDAC_TISSUE_1	GSE155698_GSE155698__GSM4710689_PDAC_TISSUE_1_888c5d03d853	GSE155698	Pancreatic ductal adenocarcinoma	epithelial_solid_default	GSE155698_GSE155698__GSM4710689_PDAC_TISSUE_1_888c5d03d853::1	50	0.10071734338998795	0.009515578597783993	1.0	50	1.0	malignant
GSE155698|GSE155698__GSM4710690_PDAC_TISSUE_2	GSE155698_GSE155698__GSM4710690_PDAC_TISSUE_2_f258600fc966	GSE155698	Pancreatic ductal adenocarcinoma	epithelial_solid_default	GSE155698_GSE155698__GSM4710690_PDAC_TISSUE_2_f258600fc966::0	787	0.039597027003765106	0.0350395439565174	0.40152477763659467	772	0.34974093264248707	uncertain
GSE155698|GSE155698__GSM4710690_PDAC_TISSUE_2	GSE155698_GSE155698__GSM4710690_PDAC_TISSUE_2_f258600fc966	GSE155698	Pancreatic ductal adenocarcinoma	epithelial_solid_default	GSE155698_GSE155698__GSM4710690_PDAC_TISSUE_2_f258600fc966::1	110	0.00038631088682450354	0.0350395439565174	0.0	90	0.0	non_malignant
GSE155698|GSE155698__GSM4710691_PDAC_TISSUE_3	GSE155698_GSE155698__GSM4710691_PDAC_TISSUE_3_d84362868bb6	GSE155698	Pancreatic ductal adenocarcinoma	epithelial_solid_default	GSE155698_GSE155698__GSM4710691_PDAC_TISSUE_3_d84362868bb6::1	112	0.019354848191142082	0.033443086780607714	0.125	101	0.0297029702970297	uncertain
GSE155698|GSE155698__GSM4710691_PDAC_TISSUE_3	GSE155698_GSE155698__GSM4710691_PDAC_TISSUE_3_d84362868bb6	GSE155698	Pancreatic ductal adenocarcinoma	epithelial_solid_default	GSE155698_GSE155698__GSM4710691_PDAC_TISSUE_3_d84362868bb6::0	282	0.0774725154042244	0.033443086780607714	0.9964539007092199	282	0.6382978723404256	malignant
GSE155698|GSE155698__GSM4710692_PDAC_TISSUE_4	GSE155698_GSE155698__GSM4710692_PDAC_TISSUE_4_fcf090b5cca9	GSE155698	Pancreatic ductal adenocarcinoma	epithelial_solid_default	GSE155698_GSE155698__GSM4710692_PDAC_TISSUE_4_fcf090b5cca9::0	91	0.08776535093784332	0.05845464915037162	0.8461538461538461	0		malignant
GSE155698|GSE155698__GSM4710692_PDAC_TISSUE_4	GSE155698_GSE155698__GSM4710692_PDAC_TISSUE_4_fcf090b5cca9	GSE155698	Pancreatic ductal adenocarcinoma	epithelial_solid_default	GSE155698_GSE155698__GSM4710692_PDAC_TISSUE_4_fcf090b5cca9::1	75	0.013102906756103039	0.05845464915037162	0.013333333333333334	0		non_malignant
GSE155698|GSE155698__GSM4710693_PDAC_TISSUE_5	GSE155698_GSE155698__GSM4710693_PDAC_TISSUE_5_d42b98ceebee	GSE155698	Pancreatic ductal adenocarcinoma	epithelial_solid_default	GSE155698_GSE155698__GSM4710693_PDAC_TISSUE_5_d42b98ceebee::1	98	0.013868756592273712	0.04729905985295774	0.02040816326530612	57	0.017543859649122806	uncertain
GSE155698|GSE155698__GSM4710693_PDAC_TISSUE_5	GSE155698_GSE155698__GSM4710693_PDAC_TISSUE_5_d42b98ceebee	GSE155698	Pancreatic ductal adenocarcinoma	epithelial_solid_default	GSE155698_GSE155698__GSM4710693_PDAC_TISSUE_5_d42b98ceebee::0	188	0.07405342906713486	0.04729905985295774	0.75	184	0.9021739130434783	malignant
GSE155698|GSE155698__GSM4710694_PDAC_TISSUE_6	GSE155698_GSE155698__GSM4710694_PDAC_TISSUE_6_312be7dac977	GSE155698	Pancreatic ductal adenocarcinoma	epithelial_solid_default	GSE155698_GSE155698__GSM4710694_PDAC_TISSUE_6_312be7dac977::1	169	0.10928123444318771	0.12629773989319806	0.2485207100591716	169	0.9704142011834319	malignant
GSE155698|GSE155698__GSM4710694_PDAC_TISSUE_6	GSE155698_GSE155698__GSM4710694_PDAC_TISSUE_6_312be7dac977	GSE155698	Pancreatic ductal adenocarcinoma	epithelial_solid_default	GSE155698_GSE155698__GSM4710694_PDAC_TISSUE_6_312be7dac977::0	265	0.09221488237380981	0.12629773989319806	0.11320754716981132	265	0.8867924528301887	malignant
GSE155698|GSE155698__GSM4710694_PDAC_TISSUE_6	GSE155698_GSE155698__GSM4710694_PDAC_TISSUE_6_312be7dac977	GSE155698	Pancreatic ductal adenocarcinoma	epithelial_solid_default	GSE155698_GSE155698__GSM4710694_PDAC_TISSUE_6_312be7dac977::2	107	0.011996211484074593	0.12629773989319806	0.0	102	0.058823529411764705	uncertain
GSE155698|GSE155698__GSM4710695_PDAC_TISSUE_7	GSE155698_GSE155698__GSM4710695_PDAC_TISSUE_7_4bf17095841f	GSE155698	Pancreatic ductal adenocarcinoma	epithelial_solid_default	GSE155698_GSE155698__GSM4710695_PDAC_TISSUE_7_4bf17095841f::0	41	0.08524640649557114	0.06073365915566683	0.7804878048780488	0		malignant
GSE155698|GSE155698__GSM4710696_PDAC_TISSUE_8	GSE155698_GSE155698__GSM4710696_PDAC_TISSUE_8_822fce9a9498	GSE155698	Pancreatic ductal adenocarcinoma	epithelial_solid_default	GSE155698_GSE155698__GSM4710696_PDAC_TISSUE_8_822fce9a9498::0	302	0.059648312628269196	0.05618482455611229	0.5	302	0.8013245033112583	malignant
GSE155698|GSE155698__GSM4710696_PDAC_TISSUE_8	GSE155698_GSE155698__GSM4710696_PDAC_TISSUE_8_822fce9a9498	GSE155698	Pancreatic ductal adenocarcinoma	epithelial_solid_default	GSE155698_GSE155698__GSM4710696_PDAC_TISSUE_8_822fce9a9498::1	141	0.006219042930752039	0.05618482455611229	0.0	80	0.0	non_malignant
GSE155698|GSE155698__GSM4710699_PDAC_TISSUE_11A	GSE155698_GSE155698__GSM4710699_PDAC_TISSUE_11A_2f7d76a1d5c3	GSE155698	Pancreatic ductal adenocarcinoma	epithelial_solid_default	GSE155698_GSE155698__GSM4710699_PDAC_TISSUE_11A_2f7d76a1d5c3::0	779	0.00836299266666174	0.01789443239569664	0.09499358151476252	268	0.43283582089552236	uncertain
GSE155698|GSE155698__GSM4710700_PDAC_TISSUE_11B	GSE155698_GSE155698__GSM4710700_PDAC_TISSUE_11B_7659e2718bb0	GSE155698	Pancreatic ductal adenocarcinoma	epithelial_solid_default	GSE155698_GSE155698__GSM4710700_PDAC_TISSUE_11B_7659e2718bb0::0	41	0.07051414996385574	0.07036059528589249	0.5609756097560976	0		uncertain
GSE155698|GSE155698__GSM4710702_PDAC_TISSUE_13	GSE155698_GSE155698__GSM4710702_PDAC_TISSUE_13_6f6293b3996b	GSE155698	Pancreatic ductal adenocarcinoma	epithelial_solid_default	GSE155698_GSE155698__GSM4710702_PDAC_TISSUE_13_6f6293b3996b::3	109	0.0002323599619558081	0.021961366944015043	0.0	78	0.0	non_malignant
GSE155698|GSE155698__GSM4710702_PDAC_TISSUE_13	GSE155698_GSE155698__GSM4710702_PDAC_TISSUE_13_6f6293b3996b	GSE155698	Pancreatic ductal adenocarcinoma	epithelial_solid_default	GSE155698_GSE155698__GSM4710702_PDAC_TISSUE_13_6f6293b3996b::0	1019	0.0531393326818943	0.021961366944015043	0.9803729146221786	1019	0.366045142296369	malignant
GSE155698|GSE155698__GSM4710702_PDAC_TISSUE_13	GSE155698_GSE155698__GSM4710702_PDAC_TISSUE_13_6f6293b3996b	GSE155698	Pancreatic ductal adenocarcinoma	epithelial_solid_default	GSE155698_GSE155698__GSM4710702_PDAC_TISSUE_13_6f6293b3996b::1	637	0.058349981904029846	0.021961366944015043	0.9262166405023547	637	0.847723704866562	malignant
GSE155698|GSE155698__GSM4710702_PDAC_TISSUE_13	GSE155698_GSE155698__GSM4710702_PDAC_TISSUE_13_6f6293b3996b	GSE155698	Pancreatic ductal adenocarcinoma	epithelial_solid_default	GSE155698_GSE155698__GSM4710702_PDAC_TISSUE_13_6f6293b3996b::2	560	0.009592900983989239	0.021961366944015043	0.05714285714285714	548	0.023722627737226276	uncertain
GSE155698|GSE155698__GSM4710704_PDAC_TISSUE_15	GSE155698_GSE155698__GSM4710704_PDAC_TISSUE_15_01c76963ce8b	GSE155698	Pancreatic ductal adenocarcinoma	epithelial_solid_default	GSE155698_GSE155698__GSM4710704_PDAC_TISSUE_15_01c76963ce8b::0	346	0.1126168966293335	0.03920793645083906	0.9739884393063584	346	0.3583815028901734	malignant
GSE155698|GSE155698__GSM4710704_PDAC_TISSUE_15	GSE155698_GSE155698__GSM4710704_PDAC_TISSUE_15_01c76963ce8b	GSE155698	Pancreatic ductal adenocarcinoma	epithelial_solid_default	GSE155698_GSE155698__GSM4710704_PDAC_TISSUE_15_01c76963ce8b::1	106	0.04897921904921532	0.03920793645083906	0.6886792452830188	104	0.1346153846153846	malignant
GSE155698|GSE155698__GSM4710705_PDAC_TISSUE_16	GSE155698_GSE155698__GSM4710705_PDAC_TISSUE_16_43d421747fd3	GSE155698	Pancreatic ductal adenocarcinoma	epithelial_solid_default	GSE155698_GSE155698__GSM4710705_PDAC_TISSUE_16_43d421747fd3::1	290	0.009738260880112648	0.025382348969578743	0.013793103448275862	290	0.017241379310344827	uncertain
GSE155698|GSE155698__GSM4710705_PDAC_TISSUE_16	GSE155698_GSE155698__GSM4710705_PDAC_TISSUE_16_43d421747fd3	GSE155698	Pancreatic ductal adenocarcinoma	epithelial_solid_default	GSE155698_GSE155698__GSM4710705_PDAC_TISSUE_16_43d421747fd3::0	347	0.04420245811343193	0.025382348969578743	0.8414985590778098	347	0.6801152737752162	malignant
GSE155698|GSE155698__GSM4710705_PDAC_TISSUE_16	GSE155698_GSE155698__GSM4710705_PDAC_TISSUE_16_43d421747fd3	GSE155698	Pancreatic ductal adenocarcinoma	epithelial_solid_default	GSE155698_GSE155698__GSM4710705_PDAC_TISSUE_16_43d421747fd3::2	65	0.0015026482287794352	0.025382348969578743	0.015384615384615385	65	0.0	non_malignant
GSE155698|GSE155698__GSM4710706_AdjNorm_TISSUE_1	GSE155698_GSE155698__GSM4710706_AdjNorm_TISSUE_1_bf6418a26b89	GSE155698	Pancreatic ductal adenocarcinoma	epithelial_solid_default	GSE155698_GSE155698__GSM4710706_AdjNorm_TISSUE_1_bf6418a26b89::1	125	0.009040310978889465	0.052681813314557076	0.0	77	0.05194805194805195	uncertain
GSE155698|GSE155698__GSM4710706_AdjNorm_TISSUE_1	GSE155698_GSE155698__GSM4710706_AdjNorm_TISSUE_1_bf6418a26b89	GSE155698	Pancreatic ductal adenocarcinoma	epithelial_solid_default	GSE155698_GSE155698__GSM4710706_AdjNorm_TISSUE_1_bf6418a26b89::0	155	0.048681627959012985	0.052681813314557076	0.38064516129032255	155	0.9935483870967742	malignant
GSE155698|GSE155698__GSM4710707_AdjNorm_TISSUE_2	GSE155698_GSE155698__GSM4710707_AdjNorm_TISSUE_2_2c59bdbd78ce	GSE155698	Pancreatic ductal adenocarcinoma	epithelial_solid_default	GSE155698_GSE155698__GSM4710707_AdjNorm_TISSUE_2_2c59bdbd78ce::0	68	0.01792210154235363	0.05401719883084296	0.04411764705882353	0		non_malignant
GSE155698|GSE155698__GSM4710708_AdjNorm_TISSUE_3	GSE155698_GSE155698__GSM4710708_AdjNorm_TISSUE_3_59df11a249ba	GSE155698	Pancreatic ductal adenocarcinoma	epithelial_solid_default	GSE155698_GSE155698__GSM4710708_AdjNorm_TISSUE_3_59df11a249ba::0	107	0.006009742151945829	0.027167679369449627	0.0	0		non_malignant
GSE155698|GSE155698__GSM4710709_PDAC_PBMC_1	GSE155698_GSE155698__GSM4710709_PDAC_PBMC_1_c676d36fc987	GSE155698	Pancreatic ductal adenocarcinoma	epithelial_solid_default	GSE155698_GSE155698__GSM4710709_PDAC_PBMC_1_c676d36fc987::0	145	0.009353555738925934	0.033781228214502336	0.0	0		non_malignant
GSE155698|GSE155698__GSM4710710_PDAC_PBMC_2	GSE155698_GSE155698__GSM4710710_PDAC_PBMC_2_90c18f260cc7	GSE155698	Pancreatic ductal adenocarcinoma	epithelial_solid_default	GSE155698_GSE155698__GSM4710710_PDAC_PBMC_2_90c18f260cc7::0	95	0.010701715014874935	0.04109988301992418	0.010526315789473684	0		non_malignant
GSE155698|GSE155698__GSM4710711_PDAC_PBMC_3	GSE155698_GSE155698__GSM4710711_PDAC_PBMC_3_607c394f7f09	GSE155698	Pancreatic ductal adenocarcinoma	epithelial_solid_default	GSE155698_GSE155698__GSM4710711_PDAC_PBMC_3_607c394f7f09::0	77	0.007313381414860487	0.055685751885175716	0.0	0		non_malignant
GSE155698|GSE155698__GSM4710712_PDAC_PBMC_4	GSE155698_GSE155698__GSM4710712_PDAC_PBMC_4_b2f5392e31e3	GSE155698	Pancreatic ductal adenocarcinoma	epithelial_solid_default	GSE155698_GSE155698__GSM4710712_PDAC_PBMC_4_b2f5392e31e3::0	68	0.013143976218998432	0.019353803806006913	0.16176470588235295	0		non_malignant
GSE155698|GSE155698__GSM4710713_PDAC_PBMC_5	GSE155698_GSE155698__GSM4710713_PDAC_PBMC_5_66f8e50e9d5f	GSE155698	Pancreatic ductal adenocarcinoma	epithelial_solid_default	GSE155698_GSE155698__GSM4710713_PDAC_PBMC_5_66f8e50e9d5f::0	183	0.008041398599743843	0.038830009549856194	0.00546448087431694	0		non_malignant
GSE155698|GSE155698__GSM4710715_PDAC_PBMC_7	GSE155698_GSE155698__GSM4710715_PDAC_PBMC_7_53a583f7ad11	GSE155698	Pancreatic ductal adenocarcinoma	epithelial_solid_default	GSE155698_GSE155698__GSM4710715_PDAC_PBMC_7_53a583f7ad11::0	33	0.019568661227822304	0.03686473798006773	0.09090909090909091	0		non_malignant
GSE155698|GSE155698__GSM4710716_PDAC_PBMC_8	GSE155698_GSE155698__GSM4710716_PDAC_PBMC_8_10f47261c49f	GSE155698	Pancreatic ductal adenocarcinoma	epithelial_solid_default	GSE155698_GSE155698__GSM4710716_PDAC_PBMC_8_10f47261c49f::0	32	0.012053288519382477	0.017165321633219717	0.15625	0		non_malignant
GSE155698|GSE155698__GSM4710723_PDAC_PBMC_14	GSE155698_GSE155698__GSM4710723_PDAC_PBMC_14_3e2920317b10	GSE155698	Pancreatic ductal adenocarcinoma	epithelial_solid_default	GSE155698_GSE155698__GSM4710723_PDAC_PBMC_14_3e2920317b10::0	197	0.009375794790685177	0.015752848256379366	0.116751269035533	0		non_malignant
GSE155698|GSE155698__GSM4710729_Healthy_PBMC_4	GSE155698_GSE155698__GSM4710729_Healthy_PBMC_4_cdac67afc629	GSE155698	Pancreatic ductal adenocarcinoma	epithelial_solid_default	GSE155698_GSE155698__GSM4710729_Healthy_PBMC_4_cdac67afc629::0	97	0.010428817011415958	0.012935265246778724	0.31958762886597936	0		uncertain
GSE184362|GSE184362__GSM5585111_PTC4_SC	GSE184362_GSE184362__GSM5585111_PTC4_SC_048ea93c0fd8	GSE184362	Papillary thyroid carcinoma	epithelial_solid_default	GSE184362_GSE184362__GSM5585111_PTC4_SC_048ea93c0fd8::0	41	0.027982624247670174	0.02685616634786129	0.5609756097560976	0		uncertain
GSE184362|GSE184362__GSM5585112_PTC5_T	GSE184362_GSE184362__GSM5585112_PTC5_T_a40a20f40dbf	GSE184362	Papillary thyroid carcinoma	epithelial_solid_default	GSE184362_GSE184362__GSM5585112_PTC5_T_a40a20f40dbf::0	1061	0.016247164458036423	0.026108546406030667	0.16399622997172478	1042	0.3944337811900192	uncertain
GSE184362|GSE184362__GSM5585112_PTC5_T	GSE184362_GSE184362__GSM5585112_PTC5_T_a40a20f40dbf	GSE184362	Papillary thyroid carcinoma	epithelial_solid_default	GSE184362_GSE184362__GSM5585112_PTC5_T_a40a20f40dbf::1	137	0.007449707016348839	0.026108546406030667	0.0	117	0.05128205128205128	uncertain
GSE184362|GSE184362__GSM5585113_PTC5_P	GSE184362_GSE184362__GSM5585113_PTC5_P_ec86c9a4717e	GSE184362	Papillary thyroid carcinoma	epithelial_solid_default	GSE184362_GSE184362__GSM5585113_PTC5_P_ec86c9a4717e::0	1291	0.014431283809244633	0.021743545718491075	0.1402013942680093	1207	0.3869096934548467	uncertain
GSE184362|GSE184362__GSM5585114_PTC5_RightLN	GSE184362_GSE184362__GSM5585114_PTC5_RightLN_2675332e9259	GSE184362	Papillary thyroid carcinoma	epithelial_solid_default	GSE184362_GSE184362__GSM5585114_PTC5_RightLN_2675332e9259::0	2080	0.015835190191864967	0.018319244608283037	0.3456730769230769	2050	0.562439024390244	malignant
GSE184362|GSE184362__GSM5585114_PTC5_RightLN	GSE184362_GSE184362__GSM5585114_PTC5_RightLN_2675332e9259	GSE184362	Papillary thyroid carcinoma	epithelial_solid_default	GSE184362_GSE184362__GSM5585114_PTC5_RightLN_2675332e9259::1	1667	0.005805706139653921	0.018319244608283037	0.0011997600479904018	1547	0.17388493859082094	uncertain
GSE184362|GSE184362__GSM5585115_PTC6_RightLN	GSE184362_GSE184362__GSM5585115_PTC6_RightLN_6e9518384958	GSE184362	Papillary thyroid carcinoma	epithelial_solid_default	GSE184362_GSE184362__GSM5585115_PTC6_RightLN_6e9518384958::2	402	0.007683106232434511	0.03803074453026059	0.0	264	0.5303030303030303	malignant
GSE184362|GSE184362__GSM5585115_PTC6_RightLN	GSE184362_GSE184362__GSM5585115_PTC6_RightLN_6e9518384958	GSE184362	Papillary thyroid carcinoma	epithelial_solid_default	GSE184362_GSE184362__GSM5585115_PTC6_RightLN_6e9518384958::1	781	0.008446364663541317	0.03803074453026059	0.015364916773367477	735	0.4707482993197279	uncertain
GSE184362|GSE184362__GSM5585115_PTC6_RightLN	GSE184362_GSE184362__GSM5585115_PTC6_RightLN_6e9518384958	GSE184362	Papillary thyroid carcinoma	epithelial_solid_default	GSE184362_GSE184362__GSM5585115_PTC6_RightLN_6e9518384958::0	912	0.016769975423812866	0.03803074453026059	0.07017543859649122	900	0.044444444444444446	uncertain
GSE184362|GSE184362__GSM5585116_PTC7_RightLN	GSE184362_GSE184362__GSM5585116_PTC7_RightLN_603df41a6466	GSE184362	Papillary thyroid carcinoma	epithelial_solid_default	GSE184362_GSE184362__GSM5585116_PTC7_RightLN_603df41a6466::0	766	0.024914918467402458	0.02610155370086432	0.4464751958224543	736	0.38179347826086957	uncertain
GSE184362|GSE184362__GSM5585117_PTC8_T	GSE184362_GSE184362__GSM5585117_PTC8_T_3feea216358c	GSE184362	Papillary thyroid carcinoma	epithelial_solid_default	GSE184362_GSE184362__GSM5585117_PTC8_T_3feea216358c::0	2843	0.019291957840323448	0.032596194446086794	0.12029546253957088	2827	0.683409975238769	malignant
GSE184362|GSE184362__GSM5585117_PTC8_T	GSE184362_GSE184362__GSM5585117_PTC8_T_3feea216358c	GSE184362	Papillary thyroid carcinoma	epithelial_solid_default	GSE184362_GSE184362__GSM5585117_PTC8_T_3feea216358c::1	773	0.010119490325450897	0.032596194446086794	0.0	731	0.2270861833105335	uncertain
GSE184362|GSE184362__GSM5585118_PTC8_P	GSE184362_GSE184362__GSM5585118_PTC8_P_dffd1118abfd	GSE184362	Papillary thyroid carcinoma	epithelial_solid_default	GSE184362_GSE184362__GSM5585118_PTC8_P_dffd1118abfd::0	3350	0.016970666125416756	0.019455433879047666	0.35134328358208955	3285	0.6490106544901065	malignant
GSE184362|GSE184362__GSM5585119_PTC9_T	GSE184362_GSE184362__GSM5585119_PTC9_T_adcaa39accb7	GSE184362	Papillary thyroid carcinoma	epithelial_solid_default	GSE184362_GSE184362__GSM5585119_PTC9_T_adcaa39accb7::0	3488	0.021463437005877495	0.03347638368606567	0.1341743119266055	3474	0.06764536557282672	uncertain
GSE184362|GSE184362__GSM5585120_PTC9_P	GSE184362_GSE184362__GSM5585120_PTC9_P_1d0667f3d8a1	GSE184362	Papillary thyroid carcinoma	epithelial_solid_default	GSE184362_GSE184362__GSM5585120_PTC9_P_1d0667f3d8a1::0	64	0.02180410921573639	0.023026827257126604	0.4375	0		uncertain
GSE184362|GSE184362__GSM5585121_PTC10_T	GSE184362_GSE184362__GSM5585121_PTC10_T_8049d0b28dad	GSE184362	Papillary thyroid carcinoma	epithelial_solid_default	GSE184362_GSE184362__GSM5585121_PTC10_T_8049d0b28dad::1	1915	0.0104988943785429	0.02008888199925421	0.050130548302872065	1206	0.4096185737976783	uncertain
GSE184362|GSE184362__GSM5585121_PTC10_T	GSE184362_GSE184362__GSM5585121_PTC10_T_8049d0b28dad	GSE184362	Papillary thyroid carcinoma	epithelial_solid_default	GSE184362_GSE184362__GSM5585121_PTC10_T_8049d0b28dad::0	2358	0.005831460002809763	0.02008888199925421	0.0016963528413910093	954	0.1289308176100629	uncertain
GSE184362|GSE184362__GSM5585122_PTC10_RightLN	GSE184362_GSE184362__GSM5585122_PTC10_RightLN_87be593f7b9c	GSE184362	Papillary thyroid carcinoma	epithelial_solid_default	GSE184362_GSE184362__GSM5585122_PTC10_RightLN_87be593f7b9c::1	1561	0.01464743074029684	0.022372771259397236	0.15438821268417682	1555	0.09581993569131833	uncertain
GSE184362|GSE184362__GSM5585122_PTC10_RightLN	GSE184362_GSE184362__GSM5585122_PTC10_RightLN_87be593f7b9c	GSE184362	Papillary thyroid carcinoma	epithelial_solid_default	GSE184362_GSE184362__GSM5585122_PTC10_RightLN_87be593f7b9c::0	2945	0.032618358731269836	0.022372771259397236	0.7711375212224109	2945	0.4438030560271647	malignant
GSE184362|GSE184362__GSM5585122_PTC10_RightLN	GSE184362_GSE184362__GSM5585122_PTC10_RightLN_87be593f7b9c	GSE184362	Papillary thyroid carcinoma	epithelial_solid_default	GSE184362_GSE184362__GSM5585122_PTC10_RightLN_87be593f7b9c::2	133	0.0007014982402324677	0.022372771259397236	0.0	110	0.0	non_malignant
GSE184362|GSE184362__GSM5585123_PTC11_RightLN	GSE184362_GSE184362__GSM5585123_PTC11_RightLN_7d746eab7ad0	GSE184362	Papillary thyroid carcinoma	epithelial_solid_default	GSE184362_GSE184362__GSM5585123_PTC11_RightLN_7d746eab7ad0::0	908	0.05286164581775665	0.03983297944068909	0.8325991189427313	908	0.933920704845815	malignant
GSE184362|GSE184362__GSM5585123_PTC11_RightLN	GSE184362_GSE184362__GSM5585123_PTC11_RightLN_7d746eab7ad0	GSE184362	Papillary thyroid carcinoma	epithelial_solid_default	GSE184362_GSE184362__GSM5585123_PTC11_RightLN_7d746eab7ad0::1	90	0.021084489300847054	0.03983297944068909	0.12222222222222222	84	0.047619047619047616	uncertain
GSE184362|GSE184362__GSM5585124_PTC11_SC	GSE184362_GSE184362__GSM5585124_PTC11_SC_efc77742bde5	GSE184362	Papillary thyroid carcinoma	epithelial_solid_default	GSE184362_GSE184362__GSM5585124_PTC11_SC_efc77742bde5::0	2372	0.016136812046170235	0.028328549899160876	0.045531197301854974	2372	0.40472175379426645	uncertain
GSE184362|GSE184362__GSM5585124_PTC11_SC	GSE184362_GSE184362__GSM5585124_PTC11_SC_efc77742bde5	GSE184362	Papillary thyroid carcinoma	epithelial_solid_default	GSE184362_GSE184362__GSM5585124_PTC11_SC_efc77742bde5::1	1962	0.0392150841653347	0.028328549899160876	0.7589194699286442	1961	0.46404895461499235	malignant
GSE288479|GSM8768560_SMC26_DN_scRNA	GSE288479_GSM8768560_SMC26_DN_scRNA_c90ba75a55a2	GSE288479	Part-solid LUAD	epithelial_solid_default	GSE288479_GSM8768560_SMC26_DN_scRNA_c90ba75a55a2::0	49	0.034638237208127975	0.05059567168354984	0.1836734693877551	0		non_malignant
GSE288479|GSM8768562_SMC26_GG_scRNA	GSE288479_GSM8768562_SMC26_GG_scRNA_11c45c5998b4	GSE288479	Part-solid LUAD	epithelial_solid_default	GSE288479_GSM8768562_SMC26_GG_scRNA_11c45c5998b4::1	144	0.059953197836875916	0.05104150574654339	0.5486111111111112	144	0.8819444444444444	malignant
GSE288479|GSM8768562_SMC26_GG_scRNA	GSE288479_GSM8768562_SMC26_GG_scRNA_11c45c5998b4	GSE288479	Part-solid LUAD	epithelial_solid_default	GSE288479_GSM8768562_SMC26_GG_scRNA_11c45c5998b4::0	152	0.023230480030179024	0.05104150574654339	0.07894736842105263	148	0.04054054054054054	uncertain
GSE288479|GSM8768563_SMC26_S_scRNA	GSE288479_GSM8768563_SMC26_S_scRNA_7a677d5073df	GSE288479	Part-solid LUAD	epithelial_solid_default	GSE288479_GSM8768563_SMC26_S_scRNA_7a677d5073df::0	76	0.06551581621170044	0.053881173431873215	0.5789473684210527	0		uncertain
GSE288479|GSM8768565_SMC27_AN_scRNA	GSE288479_GSM8768565_SMC27_AN_scRNA_fc1d0596b442	GSE288479	Part-solid LUAD	epithelial_solid_default	GSE288479_GSM8768565_SMC27_AN_scRNA_fc1d0596b442::0	38	0.03341992199420929	0.051232665628194805	0.18421052631578946	0		non_malignant
GSE288479|GSM8768566_SMC27_GG_scRNA	GSE288479_GSM8768566_SMC27_GG_scRNA_be1e815dce14	GSE288479	Part-solid LUAD	epithelial_solid_default	GSE288479_GSM8768566_SMC27_GG_scRNA_be1e815dce14::0	219	0.057929039001464844	0.05062790475785733	0.5616438356164384	219	0.8904109589041096	malignant
GSE288479|GSM8768566_SMC27_GG_scRNA	GSE288479_GSM8768566_SMC27_GG_scRNA_be1e815dce14	GSE288479	Part-solid LUAD	epithelial_solid_default	GSE288479_GSM8768566_SMC27_GG_scRNA_be1e815dce14::1	199	0.017891088500618935	0.05062790475785733	0.020100502512562814	191	0.031413612565445025	uncertain
GSE288479|GSM8768567_SMC27_S_scRNA	GSE288479_GSM8768567_SMC27_S_scRNA_b1e5f39efead	GSE288479	Part-solid LUAD	epithelial_solid_default	GSE288479_GSM8768567_SMC27_S_scRNA_b1e5f39efead::1	58	0.08174802362918854	0.04163245499134058	0.8620689655172413	0		malignant
GSE288479|GSM8768567_SMC27_S_scRNA	GSE288479_GSM8768567_SMC27_S_scRNA_b1e5f39efead	GSE288479	Part-solid LUAD	epithelial_solid_default	GSE288479_GSM8768567_SMC27_S_scRNA_b1e5f39efead::0	108	0.02958286739885807	0.04163245499134058	0.28703703703703703	0		uncertain
GSE288479|GSM8768568_SMC29_DN_scRNA	GSE288479_GSM8768568_SMC29_DN_scRNA_97ae8d21682a	GSE288479	Part-solid LUAD	epithelial_solid_default	GSE288479_GSM8768568_SMC29_DN_scRNA_97ae8d21682a::0	108	0.024472298100590706	0.043278527557849875	0.12962962962962962	0		non_malignant
GSE288479|GSM8768569_SMC29_AN_scRNA	GSE288479_GSM8768569_SMC29_AN_scRNA_0ee31e33ef73	GSE288479	Part-solid LUAD	epithelial_solid_default	GSE288479_GSM8768569_SMC29_AN_scRNA_0ee31e33ef73::0	158	0.02632089890539646	0.042404175698757186	0.13924050632911392	0		non_malignant
GSE288479|GSM8768570_SMC29_GG_scRNA	GSE288479_GSM8768570_SMC29_GG_scRNA_ef88e29088ba	GSE288479	Part-solid LUAD	epithelial_solid_default	GSE288479_GSM8768570_SMC29_GG_scRNA_ef88e29088ba::0	306	0.038596104830503464	0.053777027688920565	0.22549019607843138	305	1.0	malignant
GSE288479|GSM8768570_SMC29_GG_scRNA	GSE288479_GSM8768570_SMC29_GG_scRNA_ef88e29088ba	GSE288479	Part-solid LUAD	epithelial_solid_default	GSE288479_GSM8768570_SMC29_GG_scRNA_ef88e29088ba::1	138	0.016839196905493736	0.053777027688920565	0.014492753623188406	120	0.1	uncertain
GSE288479|GSM8768571_SMC29_S_scRNA	GSE288479_GSM8768571_SMC29_S_scRNA_9dc3002c05e6	GSE288479	Part-solid LUAD	epithelial_solid_default	GSE288479_GSM8768571_SMC29_S_scRNA_9dc3002c05e6::1	74	0.022159671410918236	0.056273778006434426	0.12162162162162163	65	0.09230769230769231	uncertain
GSE288479|GSM8768571_SMC29_S_scRNA	GSE288479_GSM8768571_SMC29_S_scRNA_9dc3002c05e6	GSE288479	Part-solid LUAD	epithelial_solid_default	GSE288479_GSM8768571_SMC29_S_scRNA_9dc3002c05e6::0	257	0.08030273765325546	0.056273778006434426	0.7431906614785992	257	0.9727626459143969	malignant
GSE288479|GSM8768572_SMC30_DN_scRNA	GSE288479_GSM8768572_SMC30_DN_scRNA_155700c1776b	GSE288479	Part-solid LUAD	epithelial_solid_default	GSE288479_GSM8768572_SMC30_DN_scRNA_155700c1776b::0	109	0.025564534589648247	0.04893369108438491	0.12844036697247707	0		non_malignant
GSE288479|GSM8768573_SMC30_AN_scRNA	GSE288479_GSM8768573_SMC30_AN_scRNA_714836f8c154	GSE288479	Part-solid LUAD	epithelial_solid_default	GSE288479_GSM8768573_SMC30_AN_scRNA_714836f8c154::0	204	0.027343133464455605	0.04681055977940559	0.06862745098039216	202	0.7425742574257426	malignant
GSE288479|GSM8768574_SMC30_GG_scRNA	GSE288479_GSM8768574_SMC30_GG_scRNA_63a13808c92f	GSE288479	Part-solid LUAD	epithelial_solid_default	GSE288479_GSM8768574_SMC30_GG_scRNA_63a13808c92f::0	294	0.03604302182793617	0.0428199427574873	0.30272108843537415	285	0.9929824561403509	malignant
GSE288479|GSM8768574_SMC30_GG_scRNA	GSE288479_GSM8768574_SMC30_GG_scRNA_63a13808c92f	GSE288479	Part-solid LUAD	epithelial_solid_default	GSE288479_GSM8768574_SMC30_GG_scRNA_63a13808c92f::1	220	0.022434581071138382	0.0428199427574873	0.1	206	0.08737864077669903	uncertain
GSE288479|GSM8768575_SMC30_S_scRNA	GSE288479_GSM8768575_SMC30_S_scRNA_c5ba25475b64	GSE288479	Part-solid LUAD	epithelial_solid_default	GSE288479_GSM8768575_SMC30_S_scRNA_c5ba25475b64::1	117	0.0608527734875679	0.04979901388287544	0.5470085470085471	117	0.5384615384615384	malignant
GSE288479|GSM8768575_SMC30_S_scRNA	GSE288479_GSM8768575_SMC30_S_scRNA_c5ba25475b64	GSE288479	Part-solid LUAD	epithelial_solid_default	GSE288479_GSM8768575_SMC30_S_scRNA_c5ba25475b64::0	123	0.019687173888087273	0.04979901388287544	0.032520325203252036	115	0.0	non_malignant
GSE176031|PA_AUG_PB_1A_S1	GSE176031_PA_AUG_PB_1A_S1_837efa0a0e44	GSE176031	Prostate cancer	epithelial_solid_default	GSE176031_PA_AUG_PB_1A_S1_837efa0a0e44::1	28	0.07308109849691391	0.03803519364446401	0.9642857142857143	0		uncertain
GSE176031|PA_AUG_PB_1A_S1	GSE176031_PA_AUG_PB_1A_S1_837efa0a0e44	GSE176031	Prostate cancer	epithelial_solid_default	GSE176031_PA_AUG_PB_1A_S1_837efa0a0e44::0	76	0.008397785946726799	0.03803519364446401	0.02631578947368421	0		non_malignant
GSE176031|PA_AUG_PB_1B_S2	GSE176031_PA_AUG_PB_1B_S2_13bfbc23a378	GSE176031	Prostate cancer	epithelial_solid_default	GSE176031_PA_AUG_PB_1B_S2_13bfbc23a378::0	118	0.009879288263618946	0.031746288165450096	0.06779661016949153	0		non_malignant
GSE176031|PA_AUG_PB_1B_S2	GSE176031_PA_AUG_PB_1B_S2_13bfbc23a378	GSE176031	Prostate cancer	epithelial_solid_default	GSE176031_PA_AUG_PB_1B_S2_13bfbc23a378::1	46	0.05969289690256119	0.031746288165450096	0.9565217391304348	0		malignant
GSE176031|PA_PB1A_Pool_1_3_S50_L002	GSE176031_PA_PB1A_Pool_1_3_S50_L002_8d076501d82f	GSE176031	Prostate cancer	epithelial_solid_default	GSE176031_PA_PB1A_Pool_1_3_S50_L002_8d076501d82f::1	54	0.07121296972036362	0.03740250006318096	0.9074074074074074	0		malignant
GSE176031|PA_PB1A_Pool_1_3_S50_L002	GSE176031_PA_PB1A_Pool_1_3_S50_L002_8d076501d82f	GSE176031	Prostate cancer	epithelial_solid_default	GSE176031_PA_PB1A_Pool_1_3_S50_L002_8d076501d82f::0	104	0.008959712460637093	0.03740250006318096	0.0	0		non_malignant
GSE176031|PA_PB1A_Pool_2_S107_L004	GSE176031_PA_PB1A_Pool_2_S107_L004_1b2c956f8184	GSE176031	Prostate cancer	epithelial_solid_default	GSE176031_PA_PB1A_Pool_2_S107_L004_1b2c956f8184::1	29	0.06017168238759041	0.03372519355267284	1.0	0		uncertain
GSE176031|PA_PB1A_Pool_2_S107_L004	GSE176031_PA_PB1A_Pool_2_S107_L004_1b2c956f8184	GSE176031	Prostate cancer	epithelial_solid_default	GSE176031_PA_PB1A_Pool_2_S107_L004_1b2c956f8184::0	53	0.008640285581350327	0.03372519355267284	0.018867924528301886	0		non_malignant
GSE176031|PA_PB1B_Pool_1_2_S74_L003	GSE176031_PA_PB1B_Pool_1_2_S74_L003_a2b8e3cd3f0b	GSE176031	Prostate cancer	epithelial_solid_default	GSE176031_PA_PB1B_Pool_1_2_S74_L003_a2b8e3cd3f0b::1	72	0.06333429366350174	0.05401659321039907	0.625	72	0.9722222222222222	malignant
GSE176031|PA_PB1B_Pool_1_2_S74_L003	GSE176031_PA_PB1B_Pool_1_2_S74_L003_a2b8e3cd3f0b	GSE176031	Prostate cancer	epithelial_solid_default	GSE176031_PA_PB1B_Pool_1_2_S74_L003_a2b8e3cd3f0b::0	207	0.008076658472418785	0.05401659321039907	0.0	193	0.10362694300518134	uncertain
GSE176031|PA_PB1B_Pool_2_S24_L001	GSE176031_PA_PB1B_Pool_2_S24_L001_0469291c22c4	GSE176031	Prostate cancer	epithelial_solid_default	GSE176031_PA_PB1B_Pool_2_S24_L001_0469291c22c4::0	193	0.036747388541698456	0.023289733976125646	0.5751295336787565	190	0.6842105263157895	malignant
GSE176031|PA_PB1B_Pool_2_S24_L001	GSE176031_PA_PB1B_Pool_2_S24_L001_0469291c22c4	GSE176031	Prostate cancer	epithelial_solid_default	GSE176031_PA_PB1B_Pool_2_S24_L001_0469291c22c4::1	125	0.004052031319588423	0.023289733976125646	0.0	115	0.05217391304347826	uncertain
GSE176031|PA_PB1B_Pool_3_S51_L002	GSE176031_PA_PB1B_Pool_3_S51_L002_29d9c7cb8ed3	GSE176031	Prostate cancer	epithelial_solid_default	GSE176031_PA_PB1B_Pool_3_S51_L002_29d9c7cb8ed3::1	76	0.04864475131034851	0.04426341794431199	0.5394736842105263	76	0.9736842105263158	malignant
GSE176031|PA_PB1B_Pool_3_S51_L002	GSE176031_PA_PB1B_Pool_3_S51_L002_29d9c7cb8ed3	GSE176031	Prostate cancer	epithelial_solid_default	GSE176031_PA_PB1B_Pool_3_S51_L002_29d9c7cb8ed3::0	187	0.00606883130967617	0.04426341794431199	0.0	151	0.19205298013245034	uncertain
GSE176031|PA_PB2A_Pool_1_3_S25_L001	GSE176031_PA_PB2A_Pool_1_3_S25_L001_1a40083bde41	GSE176031	Prostate cancer	epithelial_solid_default	GSE176031_PA_PB2A_Pool_1_3_S25_L001_1a40083bde41::0	270	0.027513381093740463	0.06010567210614666	0.14074074074074075	270	0.3	uncertain
GSE176031|PA_PB2A_Pool_1_3_S25_L001	GSE176031_PA_PB2A_Pool_1_3_S25_L001_1a40083bde41	GSE176031	Prostate cancer	epithelial_solid_default	GSE176031_PA_PB2A_Pool_1_3_S25_L001_1a40083bde41::1	120	0.007643676828593016	0.06010567210614666	0.0	120	0.1	uncertain
GSE176031|PA_PB2B_Pool_1_3_S52_L002	GSE176031_PA_PB2B_Pool_1_3_S52_L002_f152b4be0f51	GSE176031	Prostate cancer	epithelial_solid_default	GSE176031_PA_PB2B_Pool_1_3_S52_L002_f152b4be0f51::0	226	0.021980805322527885	0.033318725265562524	0.22123893805309736	214	0.32710280373831774	uncertain
GSE176031|PA_PB2B_Pool_2_S26_L001	GSE176031_PA_PB2B_Pool_2_S26_L001_8f5daf1d51c6	GSE176031	Prostate cancer	epithelial_solid_default	GSE176031_PA_PB2B_Pool_2_S26_L001_8f5daf1d51c6::1	44	0.05818897858262062	0.04101092830300332	0.5454545454545454	0		uncertain
GSE176031|PA_PB2B_Pool_2_S26_L001	GSE176031_PA_PB2B_Pool_2_S26_L001_8f5daf1d51c6	GSE176031	Prostate cancer	epithelial_solid_default	GSE176031_PA_PB2B_Pool_2_S26_L001_8f5daf1d51c6::0	86	0.008995601907372475	0.04101092830300332	0.011627906976744186	0		non_malignant
GSE176031|PA_PR5186_Pool_1_2_3_S27_L001	GSE176031_PA_PR5186_Pool_1_2_3_S27_L001_c33bb2602760	GSE176031	Prostate cancer	epithelial_solid_default	GSE176031_PA_PR5186_Pool_1_2_3_S27_L001_c33bb2602760::1	56	0.07482491433620453	0.06096430286765088	0.6428571428571429	56	0.75	malignant
GSE176031|PA_PR5186_Pool_1_2_3_S27_L001	GSE176031_PA_PR5186_Pool_1_2_3_S27_L001_c33bb2602760	GSE176031	Prostate cancer	epithelial_solid_default	GSE176031_PA_PR5186_Pool_1_2_3_S27_L001_c33bb2602760::0	171	0.01572589762508869	0.06096430286765088	0.011695906432748537	168	0.1488095238095238	uncertain
GSE176031|PA_PR5196-1_Pool_1_2_3_S53_L002	GSE176031_PA_PR5196-1_Pool_1_2_3_S53_L002_b019c0b1676a	GSE176031	Prostate cancer	epithelial_solid_default	GSE176031_PA_PR5196-1_Pool_1_2_3_S53_L002_b019c0b1676a::1	108	0.04392928630113602	0.04860982485115525	0.35185185185185186	108	0.6759259259259259	malignant
GSE176031|PA_PR5196-1_Pool_1_2_3_S53_L002	GSE176031_PA_PR5196-1_Pool_1_2_3_S53_L002_b019c0b1676a	GSE176031	Prostate cancer	epithelial_solid_default	GSE176031_PA_PR5196-1_Pool_1_2_3_S53_L002_b019c0b1676a::0	318	0.009742646478116512	0.04860982485115525	0.0	306	0.05228758169934641	uncertain
GSE176031|PA_PR5196-2_Pool_1_2_3_S54_L002	GSE176031_PA_PR5196-2_Pool_1_2_3_S54_L002_f766e75df073	GSE176031	Prostate cancer	epithelial_solid_default	GSE176031_PA_PR5196-2_Pool_1_2_3_S54_L002_f766e75df073::0	357	0.01888325810432434	0.03841659404337399	0.13725490196078433	350	0.24571428571428572	uncertain
GSE176031|PA_PR5199-193K_Pool_1_2_3_S55_L002	GSE176031_PA_PR5199-193K_Pool_1_2_3_S55_L002_19b967e65c81	GSE176031	Prostate cancer	epithelial_solid_default	GSE176031_PA_PR5199-193K_Pool_1_2_3_S55_L002_19b967e65c81::1	112	0.035912156105041504	0.02969578841701144	0.5089285714285714	112	0.7767857142857143	malignant
GSE176031|PA_PR5199-193K_Pool_1_2_3_S55_L002	GSE176031_PA_PR5199-193K_Pool_1_2_3_S55_L002_19b967e65c81	GSE176031	Prostate cancer	epithelial_solid_default	GSE176031_PA_PR5199-193K_Pool_1_2_3_S55_L002_19b967e65c81::0	160	0.00492855254560709	0.02969578841701144	0.0	137	0.10218978102189781	uncertain
GSE176031|PA_PR5199-640K_Pool_1_3_S108_L004	GSE176031_PA_PR5199-640K_Pool_1_3_S108_L004_baa2c2a482f8	GSE176031	Prostate cancer	epithelial_solid_default	GSE176031_PA_PR5199-640K_Pool_1_3_S108_L004_baa2c2a482f8::0	47	0.016579678282141685	0.02100471280515194	0.2765957446808511	0		uncertain
GSE176031|PA_PR5249_T2_S4_L001	GSE176031_PA_PR5249_T2_S4_L001_4415799c5ef6	GSE176031	Prostate cancer	epithelial_solid_default	GSE176031_PA_PR5249_T2_S4_L001_4415799c5ef6::0	291	0.009547432884573936	0.01963472986593842	0.13745704467353953	195	0.7333333333333333	malignant
GSE176031|PA_PR5251_T1_S7_L001	GSE176031_PA_PR5251_T1_S7_L001_b13f529b92b3	GSE176031	Prostate cancer	epithelial_solid_default	GSE176031_PA_PR5251_T1_S7_L001_b13f529b92b3::0	249	0.03332994505763054	0.03687968820333478	0.3895582329317269	249	0.8995983935742972	malignant
GSE176031|PA_PR5251_T1_S7_L001	GSE176031_PA_PR5251_T1_S7_L001_b13f529b92b3	GSE176031	Prostate cancer	epithelial_solid_default	GSE176031_PA_PR5251_T1_S7_L001_b13f529b92b3::2	108	0.004160504788160324	0.03687968820333478	0.0	95	0.10526315789473684	uncertain
GSE176031|PA_PR5251_T1_S7_L001	GSE176031_PA_PR5251_T1_S7_L001_b13f529b92b3	GSE176031	Prostate cancer	epithelial_solid_default	GSE176031_PA_PR5251_T1_S7_L001_b13f529b92b3::1	111	0.0023864752147346735	0.03687968820333478	0.0	96	0.2604166666666667	uncertain
GSE176031|PA_PR5251_T2_S8_L001	GSE176031_PA_PR5251_T2_S8_L001_56e9f41edd50	GSE176031	Prostate cancer	epithelial_solid_default	GSE176031_PA_PR5251_T2_S8_L001_56e9f41edd50::0	335	0.0377742238342762	0.027117545828223236	0.5701492537313433	335	0.7611940298507462	malignant
GSE176031|PA_PR5251_T2_S8_L001	GSE176031_PA_PR5251_T2_S8_L001_56e9f41edd50	GSE176031	Prostate cancer	epithelial_solid_default	GSE176031_PA_PR5251_T2_S8_L001_56e9f41edd50::1	234	0.0050909919664263725	0.027117545828223236	0.0	232	0.10344827586206896	uncertain
GSE176031|PA_PR5251_T2_S8_L001	GSE176031_PA_PR5251_T2_S8_L001_56e9f41edd50	GSE176031	Prostate cancer	epithelial_solid_default	GSE176031_PA_PR5251_T2_S8_L001_56e9f41edd50::2	164	0.002926283050328493	0.027117545828223236	0.0	159	0.05660377358490566	uncertain
GSE176031|PA_PR5254_T1_S15_L001	GSE176031_PA_PR5254_T1_S15_L001_27229a74a758	GSE176031	Prostate cancer	epithelial_solid_default	GSE176031_PA_PR5254_T1_S15_L001_27229a74a758::0	335	0.009288622066378593	0.031543616261333216	0.029850746268656716	270	0.25925925925925924	uncertain
GSE176031|PA_PR5261_T1_S23_L002	GSE176031_PA_PR5261_T1_S23_L002_2e0d125468cd	GSE176031	Prostate cancer	epithelial_solid_default	GSE176031_PA_PR5261_T1_S23_L002_2e0d125468cd::0	383	0.009142758324742317	0.01882483871653678	0.1279373368146214	239	0.29707112970711297	uncertain
GSE176031|PA_PR5261_T2_S24_L002	GSE176031_PA_PR5261_T2_S24_L002_63f81392f730	GSE176031	Prostate cancer	epithelial_solid_default	GSE176031_PA_PR5261_T2_S24_L002_63f81392f730::0	328	0.01022366527467966	0.01549124283716074	0.19207317073170732	232	0.3103448275862069	uncertain
GSE176031|PA_PR5269_2_S26_L002	GSE176031_PA_PR5269_2_S26_L002_ff0dba1c6231	GSE176031	Prostate cancer	epithelial_solid_default	GSE176031_PA_PR5269_2_S26_L002_ff0dba1c6231::0	321	0.009256809018552303	0.012812237944453964	0.2087227414330218	228	0.16666666666666666	uncertain
GSE176031|PA_PR5269_3_S27_L002	GSE176031_PA_PR5269_3_S27_L002_ae0e490380b9	GSE176031	Prostate cancer	epithelial_solid_default	GSE176031_PA_PR5269_3_S27_L002_ae0e490380b9::0	358	0.008974317461252213	0.011632857751101278	0.2346368715083799	228	0.19298245614035087	uncertain
GSE176031|PA_PR5269_4_S28_L002	GSE176031_PA_PR5269_4_S28_L002_6416733fc4e4	GSE176031	Prostate cancer	epithelial_solid_default	GSE176031_PA_PR5269_4_S28_L002_6416733fc4e4::0	209	0.015456221997737885	0.01380612235516308	0.3923444976076555	158	0.43670886075949367	uncertain
GSE176031|PA_PR5269_4_S28_L002	GSE176031_PA_PR5269_4_S28_L002_6416733fc4e4	GSE176031	Prostate cancer	epithelial_solid_default	GSE176031_PA_PR5269_4_S28_L002_6416733fc4e4::1	98	0.0021570066455751657	0.01380612235516308	0.01020408163265306	46	0.0	non_malignant
GSE274229|GSM8445681_S2_06_GEX	GSE274229_GSM8445681_S2_06_GEX_0483998e75bf	GSE274229	Prostate cancer	epithelial_solid_default	GSE274229_GSM8445681_S2_06_GEX_0483998e75bf::0	1425	0.0189194492995739	0.025177446603775057	0.31298245614035086	1409	0.0007097232079489	uncertain
GSE274229|GSM8445681_S2_06_GEX	GSE274229_GSM8445681_S2_06_GEX_0483998e75bf	GSE274229	Prostate cancer	epithelial_solid_default	GSE274229_GSM8445681_S2_06_GEX_0483998e75bf::1	219	8.293328573927283e-05	0.025177446603775057	0.0	158	0.0	non_malignant
GSE274229|GSM8445681_S2_06_GEX	GSE274229_GSM8445681_S2_06_GEX_0483998e75bf	GSE274229	Prostate cancer	epithelial_solid_default	GSE274229_GSM8445681_S2_06_GEX_0483998e75bf::2	143	0.08855375647544861	0.025177446603775057	0.8671328671328671	143	0.7902097902097902	malignant
GSE274229|GSM8445684_S5_18_GEX	GSE274229_GSM8445684_S5_18_GEX_6953d5f37879	GSE274229	Prostate cancer	epithelial_solid_default	GSE274229_GSM8445684_S5_18_GEX_6953d5f37879::3	303	0.0011916280491277575	0.028678356595337382	0.0	16	0.0	non_malignant
GSE274229|GSM8445684_S5_18_GEX	GSE274229_GSM8445684_S5_18_GEX_6953d5f37879	GSE274229	Prostate cancer	epithelial_solid_default	GSE274229_GSM8445684_S5_18_GEX_6953d5f37879::1	387	0.00012727487774100155	0.028678356595337382	0.0	10	0.0	non_malignant
GSE274229|GSM8445684_S5_18_GEX	GSE274229_GSM8445684_S5_18_GEX_6953d5f37879	GSE274229	Prostate cancer	epithelial_solid_default	GSE274229_GSM8445684_S5_18_GEX_6953d5f37879::0	1220	0.009415945038199425	0.028678356595337382	0.08114754098360656	727	0.07840440165061899	uncertain
GSE274229|GSM8445684_S5_18_GEX	GSE274229_GSM8445684_S5_18_GEX_6953d5f37879	GSE274229	Prostate cancer	epithelial_solid_default	GSE274229_GSM8445684_S5_18_GEX_6953d5f37879::2	362	0.07285712659358978	0.028678356595337382	1.0	362	0.9502762430939227	malignant
GSE274229|GSM8445684_S5_18_GEX	GSE274229_GSM8445684_S5_18_GEX_6953d5f37879	GSE274229	Prostate cancer	epithelial_solid_default	GSE274229_GSM8445684_S5_18_GEX_6953d5f37879::4	250	0.0007309446227736771	0.028678356595337382	0.0	11	0.0	non_malignant
GSE274229|GSM8445684_S5_18_GEX	GSE274229_GSM8445684_S5_18_GEX_6953d5f37879	GSE274229	Prostate cancer	epithelial_solid_default	GSE274229_GSM8445684_S5_18_GEX_6953d5f37879::6	55	0.00033475051168352365	0.028678356595337382	0.0	1	0.0	non_malignant
GSE274229|GSM8445684_S5_18_GEX	GSE274229_GSM8445684_S5_18_GEX_6953d5f37879	GSE274229	Prostate cancer	epithelial_solid_default	GSE274229_GSM8445684_S5_18_GEX_6953d5f37879::5	196	0.0006323130801320076	0.028678356595337382	0.0	3	0.0	non_malignant
GSE274229|GSM8445685_S6_20_GEX	GSE274229_GSM8445685_S6_20_GEX_65af993cfe6f	GSE274229	Prostate cancer	epithelial_solid_default	GSE274229_GSM8445685_S6_20_GEX_65af993cfe6f::1	196	0.005178291350603104	0.0302216974645854	0.0	90	0.0	non_malignant
GSE274229|GSM8445685_S6_20_GEX	GSE274229_GSM8445685_S6_20_GEX_65af993cfe6f	GSE274229	Prostate cancer	epithelial_solid_default	GSE274229_GSM8445685_S6_20_GEX_65af993cfe6f::0	397	0.10197272151708603	0.0302216974645854	1.0	396	0.9823232323232324	malignant
GSE274229|GSM8445685_S6_20_GEX	GSE274229_GSM8445685_S6_20_GEX_65af993cfe6f	GSE274229	Prostate cancer	epithelial_solid_default	GSE274229_GSM8445685_S6_20_GEX_65af993cfe6f::2	154	0.038765329867601395	0.0302216974645854	0.7077922077922078	152	0.27631578947368424	malignant
GSE274229|GSM8445686_S7_02_GEX	GSE274229_GSM8445686_S7_02_GEX_f120e3f5d4ff	GSE274229	Prostate cancer	epithelial_solid_default	GSE274229_GSM8445686_S7_02_GEX_f120e3f5d4ff::0	131	0.02079777605831623	0.0399291245639324	0.183206106870229	0		non_malignant
GSE274229|GSM8445687_S8_02_GEX	GSE274229_GSM8445687_S8_02_GEX_6fd605432436	GSE274229	Prostate cancer	epithelial_solid_default	GSE274229_GSM8445687_S8_02_GEX_6fd605432436::0	122	0.00919052679091692	0.030694819539785378	0.09016393442622951	0		non_malignant
GSE274229|GSM8445689_S10_05_GEX	GSE274229_GSM8445689_S10_05_GEX_ff978324dfbc	GSE274229	Prostate cancer	epithelial_solid_default	GSE274229_GSM8445689_S10_05_GEX_ff978324dfbc::0	1917	0.020816531032323837	0.023606855869293182	0.3458528951486698	1876	0.2979744136460554	uncertain
GSE274229|GSM8445689_S10_05_GEX	GSE274229_GSM8445689_S10_05_GEX_ff978324dfbc	GSE274229	Prostate cancer	epithelial_solid_default	GSE274229_GSM8445689_S10_05_GEX_ff978324dfbc::1	153	0.000335658376570791	0.023606855869293182	0.0	73	0.0	non_malignant
GSE274229|GSM8445690_S11_05_GEX	GSE274229_GSM8445690_S11_05_GEX_1744c696cc27	GSE274229	Prostate cancer	epithelial_solid_default	GSE274229_GSM8445690_S11_05_GEX_1744c696cc27::0	93	0.016059191897511482	0.029984583221375916	0.1827956989247312	0		non_malignant
GSE274229|GSM8445690_S11_05_GEX	GSE274229_GSM8445690_S11_05_GEX_1744c696cc27	GSE274229	Prostate cancer	epithelial_solid_default	GSE274229_GSM8445690_S11_05_GEX_1744c696cc27::1	42	0.06116592884063721	0.029984583221375916	0.9761904761904762	0		malignant
GSE274229|GSM8445691_S12_06_GEX	GSE274229_GSM8445691_S12_06_GEX_349cf0f1599a	GSE274229	Prostate cancer	epithelial_solid_default	GSE274229_GSM8445691_S12_06_GEX_349cf0f1599a::0	96	0.0275097768753767	0.027994093894958515	0.3645833333333333	0		uncertain
GSE274229|GSM8445693_S14_08_GEX	GSE274229_GSM8445693_S14_08_GEX_111d3eaba21c	GSE274229	Prostate cancer	epithelial_solid_default	GSE274229_GSM8445693_S14_08_GEX_111d3eaba21c::0	481	0.02627909928560257	0.026294794324785462	0.35135135135135137	442	0.40497737556561086	uncertain
GSE274229|GSM8445693_S14_08_GEX	GSE274229_GSM8445693_S14_08_GEX_111d3eaba21c	GSE274229	Prostate cancer	epithelial_solid_default	GSE274229_GSM8445693_S14_08_GEX_111d3eaba21c::1	100	9.646925900597125e-05	0.026294794324785462	0.0	43	0.18604651162790697	uncertain
GSE274229|GSM8445694_S15_08_GEX	GSE274229_GSM8445694_S15_08_GEX_b094af8df93d	GSE274229	Prostate cancer	epithelial_solid_default	GSE274229_GSM8445694_S15_08_GEX_b094af8df93d::0	649	0.021054429933428764	0.024576104190200523	0.29121725731895226	600	0.19666666666666666	uncertain
GSE274229|GSM8445694_S15_08_GEX	GSE274229_GSM8445694_S15_08_GEX_b094af8df93d	GSE274229	Prostate cancer	epithelial_solid_default	GSE274229_GSM8445694_S15_08_GEX_b094af8df93d::1	117	7.058253686409444e-05	0.024576104190200523	0.0	57	0.017543859649122806	uncertain
GSE274229|GSM8445695_S16_09_GEX	GSE274229_GSM8445695_S16_09_GEX_239772d8166c	GSE274229	Prostate cancer	epithelial_solid_default	GSE274229_GSM8445695_S16_09_GEX_239772d8166c::0	2463	0.018994230777025223	0.02906872123479838	0.26593585058871294	2403	0.004577611319184353	uncertain
GSE274229|GSM8445695_S16_09_GEX	GSE274229_GSM8445695_S16_09_GEX_239772d8166c	GSE274229	Prostate cancer	epithelial_solid_default	GSE274229_GSM8445695_S16_09_GEX_239772d8166c::1	257	0.0001230010238941759	0.02906872123479838	0.0	159	0.0	non_malignant
GSE274229|GSM8445695_S16_09_GEX	GSE274229_GSM8445695_S16_09_GEX_239772d8166c	GSE274229	Prostate cancer	epithelial_solid_default	GSE274229_GSM8445695_S16_09_GEX_239772d8166c::2	147	0.04766064137220383	0.02906872123479838	0.8299319727891157	147	0.9931972789115646	malignant
GSE274229|GSM8445696_S17_10_GEX	GSE274229_GSM8445696_S17_10_GEX_a5a25542f8e4	GSE274229	Prostate cancer	epithelial_solid_default	GSE274229_GSM8445696_S17_10_GEX_a5a25542f8e4::2	256	0.046462878584861755	0.03159670513123283	0.69921875	256	1.0	malignant
GSE274229|GSM8445696_S17_10_GEX	GSE274229_GSM8445696_S17_10_GEX_a5a25542f8e4	GSE274229	Prostate cancer	epithelial_solid_default	GSE274229_GSM8445696_S17_10_GEX_a5a25542f8e4::1	260	0.003088206984102726	0.03159670513123283	0.0	244	0.020491803278688523	uncertain
GSE274229|GSM8445696_S17_10_GEX	GSE274229_GSM8445696_S17_10_GEX_a5a25542f8e4	GSE274229	Prostate cancer	epithelial_solid_default	GSE274229_GSM8445696_S17_10_GEX_a5a25542f8e4::0	333	0.02290768176317215	0.03159670513123283	0.2732732732732733	333	0.07207207207207207	uncertain
GSE274229|GSM8445697_S18_12_GEX	GSE274229_GSM8445697_S18_12_GEX_3968d8715423	GSE274229	Prostate cancer	epithelial_solid_default	GSE274229_GSM8445697_S18_12_GEX_3968d8715423::0	407	0.017804332077503204	0.019368473906070015	0.35872235872235875	392	0.4362244897959184	uncertain
GSE274229|GSM8445697_S18_12_GEX	GSE274229_GSM8445697_S18_12_GEX_3968d8715423	GSE274229	Prostate cancer	epithelial_solid_default	GSE274229_GSM8445697_S18_12_GEX_3968d8715423::1	107	0.00013692567881662399	0.019368473906070015	0.0	71	0.0	non_malignant
GSE274229|GSM8445699_S20_13_GEX	GSE274229_GSM8445699_S20_13_GEX_c0fc50c8358d	GSE274229	Prostate cancer	epithelial_solid_default	GSE274229_GSM8445699_S20_13_GEX_c0fc50c8358d::0	1542	0.021312780678272247	0.03673393443226813	0.20168612191958496	1532	0.35966057441253263	uncertain
GSE274229|GSM8445699_S20_13_GEX	GSE274229_GSM8445699_S20_13_GEX_c0fc50c8358d	GSE274229	Prostate cancer	epithelial_solid_default	GSE274229_GSM8445699_S20_13_GEX_c0fc50c8358d::1	214	0.0011352482251822948	0.03673393443226813	0.0	176	0.0	non_malignant
GSE274229|GSM8445699_S20_13_GEX	GSE274229_GSM8445699_S20_13_GEX_c0fc50c8358d	GSE274229	Prostate cancer	epithelial_solid_default	GSE274229_GSM8445699_S20_13_GEX_c0fc50c8358d::2	111	0.0037748978938907385	0.03673393443226813	0.0	79	0.0	non_malignant
GSE274229|GSM8445700_S21_13_GEX	GSE274229_GSM8445700_S21_13_GEX_298184d1bd7b	GSE274229	Prostate cancer	epithelial_solid_default	GSE274229_GSM8445700_S21_13_GEX_298184d1bd7b::1	359	0.001111124875023961	0.03116955429315558	0.0	4	0.0	non_malignant
GSE274229|GSM8445700_S21_13_GEX	GSE274229_GSM8445700_S21_13_GEX_298184d1bd7b	GSE274229	Prostate cancer	epithelial_solid_default	GSE274229_GSM8445700_S21_13_GEX_298184d1bd7b::0	829	0.008013492450118065	0.03116955429315558	0.04101326899879373	214	0.6261682242990654	malignant
GSE274229|GSM8445701_S22_14_GEX	GSE274229_GSM8445701_S22_14_GEX_13dd68948e79	GSE274229	Prostate cancer	epithelial_solid_default	GSE274229_GSM8445701_S22_14_GEX_13dd68948e79::1	1250	0.03617393970489502	0.020015791952610034	0.8504	1250	0.5664	malignant
GSE274229|GSM8445701_S22_14_GEX	GSE274229_GSM8445701_S22_14_GEX_13dd68948e79	GSE274229	Prostate cancer	epithelial_solid_default	GSE274229_GSM8445701_S22_14_GEX_13dd68948e79::0	1437	0.006005608942359686	0.020015791952610034	0.016701461377870562	1273	0.0997643362136685	uncertain
GSE274229|GSM8445701_S22_14_GEX	GSE274229_GSM8445701_S22_14_GEX_13dd68948e79	GSE274229	Prostate cancer	epithelial_solid_default	GSE274229_GSM8445701_S22_14_GEX_13dd68948e79::2	200	3.0239134503062814e-05	0.020015791952610034	0.0	66	0.0	non_malignant
GSE274229|GSM8445702_S23_14_GEX	GSE274229_GSM8445702_S23_14_GEX_e1ea0b8f9240	GSE274229	Prostate cancer	epithelial_solid_default	GSE274229_GSM8445702_S23_14_GEX_e1ea0b8f9240::0	3252	0.01899670623242855	0.024086802080273657	0.31703567035670355	2836	0.2521156558533145	uncertain
GSE274229|GSM8445702_S23_14_GEX	GSE274229_GSM8445702_S23_14_GEX_e1ea0b8f9240	GSE274229	Prostate cancer	epithelial_solid_default	GSE274229_GSM8445702_S23_14_GEX_e1ea0b8f9240::1	1264	1.4138264532448375e-06	0.024086802080273657	0.0	110	0.0	non_malignant
GSE274229|GSM8445702_S23_14_GEX	GSE274229_GSM8445702_S23_14_GEX_e1ea0b8f9240	GSE274229	Prostate cancer	epithelial_solid_default	GSE274229_GSM8445702_S23_14_GEX_e1ea0b8f9240::2	15	0.0002664978674147278	0.024086802080273657	0.0	1	0.0	non_malignant
GSE274229|GSM8445703_S24_15_GEX	GSE274229_GSM8445703_S24_15_GEX_6d479685dfba	GSE274229	Prostate cancer	epithelial_solid_default	GSE274229_GSM8445703_S24_15_GEX_6d479685dfba::0	1082	0.016995009034872055	0.014785626279190198	0.4075785582255083	861	0.2578397212543554	uncertain
GSE274229|GSM8445703_S24_15_GEX	GSE274229_GSM8445703_S24_15_GEX_6d479685dfba	GSE274229	Prostate cancer	epithelial_solid_default	GSE274229_GSM8445703_S24_15_GEX_6d479685dfba::1	179	1.834577960835304e-05	0.014785626279190198	0.0	17	0.0	non_malignant
GSE274229|GSM8445704_S25_15_GEX	GSE274229_GSM8445704_S25_15_GEX_6d106052eec1	GSE274229	Prostate cancer	epithelial_solid_default	GSE274229_GSM8445704_S25_15_GEX_6d106052eec1::1	210	0.0028849472291767597	0.01851153254508967	0.004761904761904762	155	0.05161290322580645	uncertain
GSE274229|GSM8445704_S25_15_GEX	GSE274229_GSM8445704_S25_15_GEX_6d106052eec1	GSE274229	Prostate cancer	epithelial_solid_default	GSE274229_GSM8445704_S25_15_GEX_6d106052eec1::0	345	0.02121034264564514	0.01851153254508967	0.4608695652173913	342	0.5350877192982456	malignant
GSE274229|GSM8445705_S26_16_GEX	GSE274229_GSM8445705_S26_16_GEX_12944d9c30c1	GSE274229	Prostate cancer	epithelial_solid_default	GSE274229_GSM8445705_S26_16_GEX_12944d9c30c1::0	553	0.001165296183899045	0.03098154142498964	0.0	21	0.14285714285714285	uncertain
GSE274229|GSM8445705_S26_16_GEX	GSE274229_GSM8445705_S26_16_GEX_12944d9c30c1	GSE274229	Prostate cancer	epithelial_solid_default	GSE274229_GSM8445705_S26_16_GEX_12944d9c30c1::2	263	0.01912909746170044	0.03098154142498964	0.17870722433460076	212	0.5471698113207547	malignant
GSE274229|GSM8445705_S26_16_GEX	GSE274229_GSM8445705_S26_16_GEX_12944d9c30c1	GSE274229	Prostate cancer	epithelial_solid_default	GSE274229_GSM8445705_S26_16_GEX_12944d9c30c1::1	429	0.0018240174977108836	0.03098154142498964	0.0	14	0.07142857142857142	uncertain
GSE274229|GSM8445706_S27_16_GEX	GSE274229_GSM8445706_S27_16_GEX_e9e052728af8	GSE274229	Prostate cancer	epithelial_solid_default	GSE274229_GSM8445706_S27_16_GEX_e9e052728af8::0	1138	0.020375480875372887	0.027548870537430048	0.31282952548330406	1098	0.2978142076502732	uncertain
GSE274229|GSM8445706_S27_16_GEX	GSE274229_GSM8445706_S27_16_GEX_e9e052728af8	GSE274229	Prostate cancer	epithelial_solid_default	GSE274229_GSM8445706_S27_16_GEX_e9e052728af8::1	310	0.000546553055755794	0.027548870537430048	0.0	157	0.0	non_malignant
GSE274229|GSM8445706_S27_16_GEX	GSE274229_GSM8445706_S27_16_GEX_e9e052728af8	GSE274229	Prostate cancer	epithelial_solid_default	GSE274229_GSM8445706_S27_16_GEX_e9e052728af8::2	12	0.001732942764647305	0.027548870537430048	0.0	7	0.0	non_malignant
GSE274229|GSM8445707_S28_17_GEX	GSE274229_GSM8445707_S28_17_GEX_07139bfcfea0	GSE274229	Prostate cancer	epithelial_solid_default	GSE274229_GSM8445707_S28_17_GEX_07139bfcfea0::1	187	0.0018085845513269305	0.023966251835226982	0.0	152	0.006578947368421052	uncertain
GSE274229|GSM8445707_S28_17_GEX	GSE274229_GSM8445707_S28_17_GEX_07139bfcfea0	GSE274229	Prostate cancer	epithelial_solid_default	GSE274229_GSM8445707_S28_17_GEX_07139bfcfea0::0	523	0.02335699461400509	0.023966251835226982	0.4072657743785851	521	0.44145873320537427	uncertain
GSE274229|GSM8445708_S29_17_GEX	GSE274229_GSM8445708_S29_17_GEX_0a51f45fa613	GSE274229	Prostate cancer	epithelial_solid_default	GSE274229_GSM8445708_S29_17_GEX_0a51f45fa613::0	681	0.021218501031398773	0.024999238625168816	0.3333333333333333	652	0.4616564417177914	uncertain
GSE274229|GSM8445708_S29_17_GEX	GSE274229_GSM8445708_S29_17_GEX_0a51f45fa613	GSE274229	Prostate cancer	epithelial_solid_default	GSE274229_GSM8445708_S29_17_GEX_0a51f45fa613::1	148	0.0008934428915381432	0.024999238625168816	0.0	100	0.01	uncertain
GSE274229|GSM8445709_S30_18_GEX	GSE274229_GSM8445709_S30_18_GEX_bbde03790734	GSE274229	Prostate cancer	epithelial_solid_default	GSE274229_GSM8445709_S30_18_GEX_bbde03790734::0	2268	0.01691547781229019	0.017273710668086993	0.36331569664902996	2160	0.3106481481481482	uncertain
GSE274229|GSM8445709_S30_18_GEX	GSE274229_GSM8445709_S30_18_GEX_bbde03790734	GSE274229	Prostate cancer	epithelial_solid_default	GSE274229_GSM8445709_S30_18_GEX_bbde03790734::1	287	3.2965584978228435e-05	0.017273710668086993	0.0	145	0.0	non_malignant
GSE274229|GSM8445709_S30_18_GEX	GSE274229_GSM8445709_S30_18_GEX_bbde03790734	GSE274229	Prostate cancer	epithelial_solid_default	GSE274229_GSM8445709_S30_18_GEX_bbde03790734::2	258	0.0010197155643254519	0.017273710668086993	0.0	189	0.005291005291005291	uncertain
GSE274229|GSM8445710_S31_18_GEX	GSE274229_GSM8445710_S31_18_GEX_5fff61014c05	GSE274229	Prostate cancer	epithelial_solid_default	GSE274229_GSM8445710_S31_18_GEX_5fff61014c05::0	163	0.07010878622531891	0.01232968778349461	1.0	163	0.6012269938650306	malignant
GSE274229|GSM8445710_S31_18_GEX	GSE274229_GSM8445710_S31_18_GEX_5fff61014c05	GSE274229	Prostate cancer	epithelial_solid_default	GSE274229_GSM8445710_S31_18_GEX_5fff61014c05::1	39	0.0031381812877953053	0.01232968778349461	0.1282051282051282	19	0.0	non_malignant
GSE274229|GSM8445711_S32_30_GEX	GSE274229_GSM8445711_S32_30_GEX_9f2061a6a05b	GSE274229	Prostate cancer	epithelial_solid_default	GSE274229_GSM8445711_S32_30_GEX_9f2061a6a05b::0	2523	0.015191164799034595	0.031380400992929935	0.1724137931034483	2320	0.3900862068965517	uncertain
GSE274229|GSM8445711_S32_30_GEX	GSE274229_GSM8445711_S32_30_GEX_9f2061a6a05b	GSE274229	Prostate cancer	epithelial_solid_default	GSE274229_GSM8445711_S32_30_GEX_9f2061a6a05b::1	328	1.2033823622914497e-05	0.031380400992929935	0.0	147	0.006802721088435374	uncertain
GSE274229|GSM8445711_S32_30_GEX	GSE274229_GSM8445711_S32_30_GEX_9f2061a6a05b	GSE274229	Prostate cancer	epithelial_solid_default	GSE274229_GSM8445711_S32_30_GEX_9f2061a6a05b::2	150	0.005420628469437361	0.031380400992929935	0.0	131	0.030534351145038167	uncertain
GSE274229|GSM8445712_S33_31_GEX	GSE274229_GSM8445712_S33_31_GEX_8ac267de5d7d	GSE274229	Prostate cancer	epithelial_solid_default	GSE274229_GSM8445712_S33_31_GEX_8ac267de5d7d::1	121	0.03916099667549133	0.02404083890840408	0.8842975206611571	121	0.8099173553719008	malignant
GSE274229|GSM8445712_S33_31_GEX	GSE274229_GSM8445712_S33_31_GEX_8ac267de5d7d	GSE274229	Prostate cancer	epithelial_solid_default	GSE274229_GSM8445712_S33_31_GEX_8ac267de5d7d::0	150	0.0070752049796283245	0.02404083890840408	0.02	60	0.15	uncertain
GSE274229|GSM8445713_S34_31_GEX	GSE274229_GSM8445713_S34_31_GEX_dd7acc52c039	GSE274229	Prostate cancer	epithelial_solid_default	GSE274229_GSM8445713_S34_31_GEX_dd7acc52c039::0	136	0.015292314812541008	0.025591802876442696	0.22058823529411764	0		uncertain
GSE274229|GSM8445714_S35_32_GEX	GSE274229_GSM8445714_S35_32_GEX_8711c3d99b7a	GSE274229	Prostate cancer	epithelial_solid_default	GSE274229_GSM8445714_S35_32_GEX_8711c3d99b7a::0	1557	0.0399220734834671	0.03151311278343202	0.6499678869621066	1557	0.6872190109184328	malignant
GSE274229|GSM8445714_S35_32_GEX	GSE274229_GSM8445714_S35_32_GEX_8711c3d99b7a	GSE274229	Prostate cancer	epithelial_solid_default	GSE274229_GSM8445714_S35_32_GEX_8711c3d99b7a::1	889	0.008023813366889954	0.03151311278343202	0.0	815	0.16319018404907976	uncertain
GSE274229|GSM8445714_S35_32_GEX	GSE274229_GSM8445714_S35_32_GEX_8711c3d99b7a	GSE274229	Prostate cancer	epithelial_solid_default	GSE274229_GSM8445714_S35_32_GEX_8711c3d99b7a::2	72	0.00032928583095781505	0.03151311278343202	0.0	42	0.0	non_malignant
GSE274229|GSM8445715_S36_32_GEX	GSE274229_GSM8445715_S36_32_GEX_8e3dafad8856	GSE274229	Prostate cancer	epithelial_solid_default	GSE274229_GSM8445715_S36_32_GEX_8e3dafad8856::0	1473	0.022536614909768105	0.03318635642528537	0.2606924643584521	1407	0.47761194029850745	uncertain
GSE274229|GSM8445715_S36_32_GEX	GSE274229_GSM8445715_S36_32_GEX_8e3dafad8856	GSE274229	Prostate cancer	epithelial_solid_default	GSE274229_GSM8445715_S36_32_GEX_8e3dafad8856::1	162	7.655963418073952e-05	0.03318635642528537	0.0	30	0.0	non_malignant
GSE274229|GSM8445716_S37_32_GEX	GSE274229_GSM8445716_S37_32_GEX_585f0f8de76a	GSE274229	Prostate cancer	epithelial_solid_default	GSE274229_GSM8445716_S37_32_GEX_585f0f8de76a::1	953	0.008150670677423477	0.028671644106507316	0.0062959076600209865	834	0.0407673860911271	uncertain
GSE274229|GSM8445716_S37_32_GEX	GSE274229_GSM8445716_S37_32_GEX_585f0f8de76a	GSE274229	Prostate cancer	epithelial_solid_default	GSE274229_GSM8445716_S37_32_GEX_585f0f8de76a::0	1594	0.04457211121916771	0.028671644106507316	0.8180677540777918	1594	0.555207026348808	malignant
GSE274229|GSM8445717_S38_32_GEX	GSE274229_GSM8445717_S38_32_GEX_9b3ea49d6bc4	GSE274229	Prostate cancer	epithelial_solid_default	GSE274229_GSM8445717_S38_32_GEX_9b3ea49d6bc4::1	157	0.000963684928137809	0.021794698834419243	0.0	100	0.04	uncertain
GSE274229|GSM8445717_S38_32_GEX	GSE274229_GSM8445717_S38_32_GEX_9b3ea49d6bc4	GSE274229	Prostate cancer	epithelial_solid_default	GSE274229_GSM8445717_S38_32_GEX_9b3ea49d6bc4::0	1143	0.029674746096134186	0.021794698834419243	0.5905511811023622	1098	0.48633879781420764	uncertain
GSE274229|GSM8445718_S39_33_GEX	GSE274229_GSM8445718_S39_33_GEX_457caca7b6e0	GSE274229	Prostate cancer	epithelial_solid_default	GSE274229_GSM8445718_S39_33_GEX_457caca7b6e0::1	896	0.01034608669579029	0.030920659992843817	0.041294642857142856	728	0.12087912087912088	uncertain
GSE274229|GSM8445718_S39_33_GEX	GSE274229_GSM8445718_S39_33_GEX_457caca7b6e0	GSE274229	Prostate cancer	epithelial_solid_default	GSE274229_GSM8445718_S39_33_GEX_457caca7b6e0::0	1009	0.03054543025791645	0.030920659992843817	0.44400396432111	998	0.24949899799599198	uncertain
GSE274229|GSM8445719_S40_33_GEX	GSE274229_GSM8445719_S40_33_GEX_8d2cdc5764dd	GSE274229	Prostate cancer	epithelial_solid_default	GSE274229_GSM8445719_S40_33_GEX_8d2cdc5764dd::0	1032	0.014291997998952866	0.02046831566840407	0.2606589147286822	930	0.008602150537634409	uncertain
GSE274229|GSM8445719_S40_33_GEX	GSE274229_GSM8445719_S40_33_GEX_8d2cdc5764dd	GSE274229	Prostate cancer	epithelial_solid_default	GSE274229_GSM8445719_S40_33_GEX_8d2cdc5764dd::1	188	0.03710968792438507	0.02046831566840407	0.7659574468085106	174	0.9827586206896551	malignant
GSE274229|GSM8445719_S40_33_GEX	GSE274229_GSM8445719_S40_33_GEX_8d2cdc5764dd	GSE274229	Prostate cancer	epithelial_solid_default	GSE274229_GSM8445719_S40_33_GEX_8d2cdc5764dd::2	89	0.00040087688830681145	0.02046831566840407	0.0	34	0.0	non_malignant
GSE274229|GSM8445720_S41_01_GEX	GSE274229_GSM8445720_S41_01_GEX_850ae01383b9	GSE274229	Prostate cancer	epithelial_solid_default	GSE274229_GSM8445720_S41_01_GEX_850ae01383b9::0	266	0.04935922101140022	0.03082067459821689	0.8721804511278195	266	0.6353383458646616	malignant
GSE274229|GSM8445720_S41_01_GEX	GSE274229_GSM8445720_S41_01_GEX_850ae01383b9	GSE274229	Prostate cancer	epithelial_solid_default	GSE274229_GSM8445720_S41_01_GEX_850ae01383b9::1	123	0.011589867062866688	0.03082067459821689	0.016260162601626018	104	0.019230769230769232	uncertain
GSE274229|GSM8445721_S42_01_GEX	GSE274229_GSM8445721_S42_01_GEX_d016bcf0cb53	GSE274229	Prostate cancer	epithelial_solid_default	GSE274229_GSM8445721_S42_01_GEX_d016bcf0cb53::0	819	0.031119614839553833	0.025469578802585602	0.5604395604395604	817	0.3990208078335373	uncertain
GSE274229|GSM8445721_S42_01_GEX	GSE274229_GSM8445721_S42_01_GEX_d016bcf0cb53	GSE274229	Prostate cancer	epithelial_solid_default	GSE274229_GSM8445721_S42_01_GEX_d016bcf0cb53::1	151	0.003344461554661393	0.025469578802585602	0.0	122	0.03278688524590164	uncertain
GSE274229|GSM8445722_S43_01_GEX	GSE274229_GSM8445722_S43_01_GEX_9db6e8ac420a	GSE274229	Prostate cancer	epithelial_solid_default	GSE274229_GSM8445722_S43_01_GEX_9db6e8ac420a::0	3159	0.027008529752492905	0.03135238409042362	0.3143399810066477	3152	0.8032994923857868	malignant
GSE274229|GSM8445722_S43_01_GEX	GSE274229_GSM8445722_S43_01_GEX_9db6e8ac420a	GSE274229	Prostate cancer	epithelial_solid_default	GSE274229_GSM8445722_S43_01_GEX_9db6e8ac420a::1	1814	0.004921261221170425	0.03135238409042362	0.0005512679162072767	1361	0.10727406318883174	uncertain
GSE274229|GSM8445723_S44_01_GEX	GSE274229_GSM8445723_S44_01_GEX_9fa96fb8c3c3	GSE274229	Prostate cancer	epithelial_solid_default	GSE274229_GSM8445723_S44_01_GEX_9fa96fb8c3c3::0	3378	0.01638033613562584	0.016160945892333987	0.4473060982830077	3268	0.2885556915544676	uncertain
GSE274229|GSM8445723_S44_01_GEX	GSE274229_GSM8445723_S44_01_GEX_9fa96fb8c3c3	GSE274229	Prostate cancer	epithelial_solid_default	GSE274229_GSM8445723_S44_01_GEX_9fa96fb8c3c3::1	737	0.002119504613801837	0.016160945892333987	0.0	218	0.04128440366972477	uncertain
GSE274229|GSM8445723_S44_01_GEX	GSE274229_GSM8445723_S44_01_GEX_9fa96fb8c3c3	GSE274229	Prostate cancer	epithelial_solid_default	GSE274229_GSM8445723_S44_01_GEX_9fa96fb8c3c3::2	435	0.0018989017698913813	0.016160945892333987	0.0	148	0.06756756756756757	uncertain
GSE302903|nested_001_GSM9113377_TI_EmptyDrops_CR_matrix_tar_gz	GSE302903_nested_001_GSM9113377_TI_EmptyDrops_CR_matrix_tar_gz_3265ab233670	GSE302903	Rectal adenocarcinoma	epithelial_solid_default	GSE302903_nested_001_GSM9113377_TI_EmptyDrops_CR_matrix_tar_gz_3265ab233670::2	517	0.0029579841066151857	0.034579809196293367	0.0019342359767891683	41	0.24390243902439024	uncertain
GSE302903|nested_001_GSM9113377_TI_EmptyDrops_CR_matrix_tar_gz	GSE302903_nested_001_GSM9113377_TI_EmptyDrops_CR_matrix_tar_gz_3265ab233670	GSE302903	Rectal adenocarcinoma	epithelial_solid_default	GSE302903_nested_001_GSM9113377_TI_EmptyDrops_CR_matrix_tar_gz_3265ab233670::0	818	0.04087506979703903	0.034579809196293367	0.6222493887530562	806	0.7183622828784119	malignant
GSE302903|nested_001_GSM9113377_TI_EmptyDrops_CR_matrix_tar_gz	GSE302903_nested_001_GSM9113377_TI_EmptyDrops_CR_matrix_tar_gz_3265ab233670	GSE302903	Rectal adenocarcinoma	epithelial_solid_default	GSE302903_nested_001_GSM9113377_TI_EmptyDrops_CR_matrix_tar_gz_3265ab233670::1	762	0.0033567342907190323	0.034579809196293367	0.0	149	0.37583892617449666	uncertain
GSE302903|nested_002_GSM9113378_T2_EmptyDrops_CR_matrix_tar_gz	GSE302903_nested_002_GSM9113378_T2_EmptyDrops_CR_matrix_tar_gz_29545bb2a782	GSE302903	Rectal adenocarcinoma	epithelial_solid_default	GSE302903_nested_002_GSM9113378_T2_EmptyDrops_CR_matrix_tar_gz_29545bb2a782::0	1231	0.05505286157131195	0.03311028901487588	0.8627132412672623	1225	0.5248979591836734	malignant
GSE302903|nested_002_GSM9113378_T2_EmptyDrops_CR_matrix_tar_gz	GSE302903_nested_002_GSM9113378_T2_EmptyDrops_CR_matrix_tar_gz_29545bb2a782	GSE302903	Rectal adenocarcinoma	epithelial_solid_default	GSE302903_nested_002_GSM9113378_T2_EmptyDrops_CR_matrix_tar_gz_29545bb2a782::1	629	0.004019486252218485	0.03311028901487588	0.0	169	0.0	non_malignant
GSE302903|nested_002_GSM9113378_T2_EmptyDrops_CR_matrix_tar_gz	GSE302903_nested_002_GSM9113378_T2_EmptyDrops_CR_matrix_tar_gz_29545bb2a782	GSE302903	Rectal adenocarcinoma	epithelial_solid_default	GSE302903_nested_002_GSM9113378_T2_EmptyDrops_CR_matrix_tar_gz_29545bb2a782::2	295	4.698231350630522e-05	0.03311028901487588	0.0	3	0.0	non_malignant
GSE302903|nested_003_GSM9113379_T3_EmptyDrops_CR_matrix_tar_gz	GSE302903_nested_003_GSM9113379_T3_EmptyDrops_CR_matrix_tar_gz_d5198396cc50	GSE302903	Rectal adenocarcinoma	epithelial_solid_default	GSE302903_nested_003_GSM9113379_T3_EmptyDrops_CR_matrix_tar_gz_d5198396cc50::0	790	0.03765752166509628	0.03440223630517724	0.4936708860759494	776	0.7306701030927835	malignant
GSE302903|nested_003_GSM9113379_T3_EmptyDrops_CR_matrix_tar_gz	GSE302903_nested_003_GSM9113379_T3_EmptyDrops_CR_matrix_tar_gz_d5198396cc50	GSE302903	Rectal adenocarcinoma	epithelial_solid_default	GSE302903_nested_003_GSM9113379_T3_EmptyDrops_CR_matrix_tar_gz_d5198396cc50::1	616	0.009707625955343246	0.03440223630517724	0.0	206	0.06796116504854369	uncertain
GSE302903|nested_004_GSM9113380_T4_EmptyDrops_CR_matrix_tar_gz	GSE302903_nested_004_GSM9113380_T4_EmptyDrops_CR_matrix_tar_gz_cf6a9781fe8e	GSE302903	Rectal adenocarcinoma	epithelial_solid_default	GSE302903_nested_004_GSM9113380_T4_EmptyDrops_CR_matrix_tar_gz_cf6a9781fe8e::0	1386	0.012506027705967426	0.02917031656950702	0.13564213564213565	1012	0.003952569169960474	uncertain
GSE302903|nested_004_GSM9113380_T4_EmptyDrops_CR_matrix_tar_gz	GSE302903_nested_004_GSM9113380_T4_EmptyDrops_CR_matrix_tar_gz_cf6a9781fe8e	GSE302903	Rectal adenocarcinoma	epithelial_solid_default	GSE302903_nested_004_GSM9113380_T4_EmptyDrops_CR_matrix_tar_gz_cf6a9781fe8e::1	553	0.07445689290761948	0.02917031656950702	0.9385171790235082	553	0.895117540687161	malignant
GSE302903|nested_004_GSM9113380_T4_EmptyDrops_CR_matrix_tar_gz	GSE302903_nested_004_GSM9113380_T4_EmptyDrops_CR_matrix_tar_gz_cf6a9781fe8e	GSE302903	Rectal adenocarcinoma	epithelial_solid_default	GSE302903_nested_004_GSM9113380_T4_EmptyDrops_CR_matrix_tar_gz_cf6a9781fe8e::2	516	1.0724507774284575e-05	0.02917031656950702	0.0	94	0.0	non_malignant
GSE302903|nested_005_GSM9113381_T5_EmptyDrops_CR_matrix_tar_gz	GSE302903_nested_005_GSM9113381_T5_EmptyDrops_CR_matrix_tar_gz_785d4969dc19	GSE302903	Rectal adenocarcinoma	epithelial_solid_default	GSE302903_nested_005_GSM9113381_T5_EmptyDrops_CR_matrix_tar_gz_785d4969dc19::1	197	0.0015703887911513448	0.02663679309189322	0.0	80	0.1375	uncertain
GSE302903|nested_005_GSM9113381_T5_EmptyDrops_CR_matrix_tar_gz	GSE302903_nested_005_GSM9113381_T5_EmptyDrops_CR_matrix_tar_gz_785d4969dc19	GSE302903	Rectal adenocarcinoma	epithelial_solid_default	GSE302903_nested_005_GSM9113381_T5_EmptyDrops_CR_matrix_tar_gz_785d4969dc19::0	574	0.02765105478465557	0.02663679309189322	0.5156794425087108	550	0.8236363636363636	malignant
GSE302903|nested_005_GSM9113381_T5_EmptyDrops_CR_matrix_tar_gz	GSE302903_nested_005_GSM9113381_T5_EmptyDrops_CR_matrix_tar_gz_785d4969dc19	GSE302903	Rectal adenocarcinoma	epithelial_solid_default	GSE302903_nested_005_GSM9113381_T5_EmptyDrops_CR_matrix_tar_gz_785d4969dc19::3	135	0.028819341212511063	0.02663679309189322	0.3851851851851852	117	0.4700854700854701	uncertain
GSE302903|nested_005_GSM9113381_T5_EmptyDrops_CR_matrix_tar_gz	GSE302903_nested_005_GSM9113381_T5_EmptyDrops_CR_matrix_tar_gz_785d4969dc19	GSE302903	Rectal adenocarcinoma	epithelial_solid_default	GSE302903_nested_005_GSM9113381_T5_EmptyDrops_CR_matrix_tar_gz_785d4969dc19::2	140	0.0038925795815885067	0.02663679309189322	0.0	74	0.13513513513513514	uncertain
GSE302903|nested_006_GSM9113382_T6_EmptyDrops_CR_matrix_tar_gz	GSE302903_nested_006_GSM9113382_T6_EmptyDrops_CR_matrix_tar_gz_734f5531d1cc	GSE302903	Rectal adenocarcinoma	epithelial_solid_default	GSE302903_nested_006_GSM9113382_T6_EmptyDrops_CR_matrix_tar_gz_734f5531d1cc::2	876	0.0030838961247354746	0.04117816288024154	0.0	105	0.0	non_malignant
GSE302903|nested_006_GSM9113382_T6_EmptyDrops_CR_matrix_tar_gz	GSE302903_nested_006_GSM9113382_T6_EmptyDrops_CR_matrix_tar_gz_734f5531d1cc	GSE302903	Rectal adenocarcinoma	epithelial_solid_default	GSE302903_nested_006_GSM9113382_T6_EmptyDrops_CR_matrix_tar_gz_734f5531d1cc::1	1116	0.051608856767416	0.04117816288024154	0.6586021505376344	1103	0.6754306436990027	malignant
GSE302903|nested_006_GSM9113382_T6_EmptyDrops_CR_matrix_tar_gz	GSE302903_nested_006_GSM9113382_T6_EmptyDrops_CR_matrix_tar_gz_734f5531d1cc	GSE302903	Rectal adenocarcinoma	epithelial_solid_default	GSE302903_nested_006_GSM9113382_T6_EmptyDrops_CR_matrix_tar_gz_734f5531d1cc::0	1571	0.004590034484863281	0.04117816288024154	0.0	49	0.0	non_malignant
GSE302903|nested_006_GSM9113382_T6_EmptyDrops_CR_matrix_tar_gz	GSE302903_nested_006_GSM9113382_T6_EmptyDrops_CR_matrix_tar_gz_734f5531d1cc	GSE302903	Rectal adenocarcinoma	epithelial_solid_default	GSE302903_nested_006_GSM9113382_T6_EmptyDrops_CR_matrix_tar_gz_734f5531d1cc::3	551	0.0040448568761348724	0.04117816288024154	0.0	260	0.0	non_malignant
GSE302903|nested_007_GSM9113383_T7_EmptyDrops_CR_matrix_tar_gz	GSE302903_nested_007_GSM9113383_T7_EmptyDrops_CR_matrix_tar_gz_989dec4cfd7e	GSE302903	Rectal adenocarcinoma	epithelial_solid_default	GSE302903_nested_007_GSM9113383_T7_EmptyDrops_CR_matrix_tar_gz_989dec4cfd7e::1	2376	0.00338413892313838	0.04879404179751873	0.0	37	0.0	non_malignant
GSE302903|nested_007_GSM9113383_T7_EmptyDrops_CR_matrix_tar_gz	GSE302903_nested_007_GSM9113383_T7_EmptyDrops_CR_matrix_tar_gz_989dec4cfd7e	GSE302903	Rectal adenocarcinoma	epithelial_solid_default	GSE302903_nested_007_GSM9113383_T7_EmptyDrops_CR_matrix_tar_gz_989dec4cfd7e::0	2802	0.0026349087711423635	0.04879404179751873	0.0	34	0.0	non_malignant
GSE302903|nested_007_GSM9113383_T7_EmptyDrops_CR_matrix_tar_gz	GSE302903_nested_007_GSM9113383_T7_EmptyDrops_CR_matrix_tar_gz_989dec4cfd7e	GSE302903	Rectal adenocarcinoma	epithelial_solid_default	GSE302903_nested_007_GSM9113383_T7_EmptyDrops_CR_matrix_tar_gz_989dec4cfd7e::2	1202	0.03653329983353615	0.04879404179751873	0.2720465890183028	644	0.43167701863354035	uncertain
GSE302903|nested_007_GSM9113383_T7_EmptyDrops_CR_matrix_tar_gz	GSE302903_nested_007_GSM9113383_T7_EmptyDrops_CR_matrix_tar_gz_989dec4cfd7e	GSE302903	Rectal adenocarcinoma	epithelial_solid_default	GSE302903_nested_007_GSM9113383_T7_EmptyDrops_CR_matrix_tar_gz_989dec4cfd7e::3	572	0.0020646003540605307	0.04879404179751873	0.0	26	0.0	non_malignant
GSE302903|nested_008_GSM9113384_T8_EmptyDrops_CR_matrix_tar_gz	GSE302903_nested_008_GSM9113384_T8_EmptyDrops_CR_matrix_tar_gz_62e2eb084c50	GSE302903	Rectal adenocarcinoma	epithelial_solid_default	GSE302903_nested_008_GSM9113384_T8_EmptyDrops_CR_matrix_tar_gz_62e2eb084c50::2	916	0.06906875967979431	0.03334333445876835	0.9312227074235808	915	0.9475409836065574	malignant
GSE302903|nested_008_GSM9113384_T8_EmptyDrops_CR_matrix_tar_gz	GSE302903_nested_008_GSM9113384_T8_EmptyDrops_CR_matrix_tar_gz_62e2eb084c50	GSE302903	Rectal adenocarcinoma	epithelial_solid_default	GSE302903_nested_008_GSM9113384_T8_EmptyDrops_CR_matrix_tar_gz_62e2eb084c50::3	454	0.0024443487636744976	0.03334333445876835	0.0	24	0.0	non_malignant
GSE302903|nested_008_GSM9113384_T8_EmptyDrops_CR_matrix_tar_gz	GSE302903_nested_008_GSM9113384_T8_EmptyDrops_CR_matrix_tar_gz_62e2eb084c50	GSE302903	Rectal adenocarcinoma	epithelial_solid_default	GSE302903_nested_008_GSM9113384_T8_EmptyDrops_CR_matrix_tar_gz_62e2eb084c50::0	1331	0.006743683945387602	0.03334333445876835	0.006010518407212622	563	0.035523978685612786	uncertain
GSE302903|nested_008_GSM9113384_T8_EmptyDrops_CR_matrix_tar_gz	GSE302903_nested_008_GSM9113384_T8_EmptyDrops_CR_matrix_tar_gz_62e2eb084c50	GSE302903	Rectal adenocarcinoma	epithelial_solid_default	GSE302903_nested_008_GSM9113384_T8_EmptyDrops_CR_matrix_tar_gz_62e2eb084c50::1	1110	0.003077020635828376	0.03334333445876835	0.0	32	0.0	non_malignant
GSE302903|nested_008_GSM9113384_T8_EmptyDrops_CR_matrix_tar_gz	GSE302903_nested_008_GSM9113384_T8_EmptyDrops_CR_matrix_tar_gz_62e2eb084c50	GSE302903	Rectal adenocarcinoma	epithelial_solid_default	GSE302903_nested_008_GSM9113384_T8_EmptyDrops_CR_matrix_tar_gz_62e2eb084c50::7	55	0.00025505671510472894	0.03334333445876835	0.0	1	0.0	non_malignant
GSE302903|nested_008_GSM9113384_T8_EmptyDrops_CR_matrix_tar_gz	GSE302903_nested_008_GSM9113384_T8_EmptyDrops_CR_matrix_tar_gz_62e2eb084c50	GSE302903	Rectal adenocarcinoma	epithelial_solid_default	GSE302903_nested_008_GSM9113384_T8_EmptyDrops_CR_matrix_tar_gz_62e2eb084c50::4	218	0.0010890454286709428	0.03334333445876835	0.0	19	0.0	non_malignant
GSE302903|nested_008_GSM9113384_T8_EmptyDrops_CR_matrix_tar_gz	GSE302903_nested_008_GSM9113384_T8_EmptyDrops_CR_matrix_tar_gz_62e2eb084c50	GSE302903	Rectal adenocarcinoma	epithelial_solid_default	GSE302903_nested_008_GSM9113384_T8_EmptyDrops_CR_matrix_tar_gz_62e2eb084c50::6	187	0.0009468022617511451	0.03334333445876835	0.0	1	0.0	non_malignant
GSE302903|nested_008_GSM9113384_T8_EmptyDrops_CR_matrix_tar_gz	GSE302903_nested_008_GSM9113384_T8_EmptyDrops_CR_matrix_tar_gz_62e2eb084c50	GSE302903	Rectal adenocarcinoma	epithelial_solid_default	GSE302903_nested_008_GSM9113384_T8_EmptyDrops_CR_matrix_tar_gz_62e2eb084c50::5	195	4.244720548740588e-05	0.03334333445876835	0.0	11	0.0	non_malignant
GSE302903|nested_009_GSM9113385_T9_EmptyDrops_CR_matrix_tar_gz	GSE302903_nested_009_GSM9113385_T9_EmptyDrops_CR_matrix_tar_gz_23f9646153c4	GSE302903	Rectal adenocarcinoma	epithelial_solid_default	GSE302903_nested_009_GSM9113385_T9_EmptyDrops_CR_matrix_tar_gz_23f9646153c4::0	2767	0.04208453372120857	0.015541634522378445	0.7502710516805204	2675	0.8560747663551402	malignant
GSE302903|nested_009_GSM9113385_T9_EmptyDrops_CR_matrix_tar_gz	GSE302903_nested_009_GSM9113385_T9_EmptyDrops_CR_matrix_tar_gz_23f9646153c4	GSE302903	Rectal adenocarcinoma	epithelial_solid_default	GSE302903_nested_009_GSM9113385_T9_EmptyDrops_CR_matrix_tar_gz_23f9646153c4::1	1400	1.802700717234984e-05	0.015541634522378445	0.0	273	0.0	non_malignant
GSE302903|nested_009_GSM9113385_T9_EmptyDrops_CR_matrix_tar_gz	GSE302903_nested_009_GSM9113385_T9_EmptyDrops_CR_matrix_tar_gz_23f9646153c4	GSE302903	Rectal adenocarcinoma	epithelial_solid_default	GSE302903_nested_009_GSM9113385_T9_EmptyDrops_CR_matrix_tar_gz_23f9646153c4::2	367	0.0011145941680297256	0.015541634522378445	0.0027247956403269754	137	0.043795620437956206	uncertain
GSE302903|nested_010_GSM9113386_T10_EmptyDrops_CR_matrix_tar_gz	GSE302903_nested_010_GSM9113386_T10_EmptyDrops_CR_matrix_tar_gz_41ed06618f6e	GSE302903	Rectal adenocarcinoma	epithelial_solid_default	GSE302903_nested_010_GSM9113386_T10_EmptyDrops_CR_matrix_tar_gz_41ed06618f6e::0	2291	0.033034566789865494	0.04263057589530945	0.34875600174596244	1665	0.6966966966966966	malignant
GSE302903|nested_010_GSM9113386_T10_EmptyDrops_CR_matrix_tar_gz	GSE302903_nested_010_GSM9113386_T10_EmptyDrops_CR_matrix_tar_gz_41ed06618f6e	GSE302903	Rectal adenocarcinoma	epithelial_solid_default	GSE302903_nested_010_GSM9113386_T10_EmptyDrops_CR_matrix_tar_gz_41ed06618f6e::1	1595	0.002031793352216482	0.04263057589530945	0.0	36	0.0	non_malignant
GSE302903|nested_010_GSM9113386_T10_EmptyDrops_CR_matrix_tar_gz	GSE302903_nested_010_GSM9113386_T10_EmptyDrops_CR_matrix_tar_gz_41ed06618f6e	GSE302903	Rectal adenocarcinoma	epithelial_solid_default	GSE302903_nested_010_GSM9113386_T10_EmptyDrops_CR_matrix_tar_gz_41ed06618f6e::2	894	0.0034067241940647364	0.04263057589530945	0.0	33	0.0	non_malignant
GSE302903|nested_010_GSM9113386_T10_EmptyDrops_CR_matrix_tar_gz	GSE302903_nested_010_GSM9113386_T10_EmptyDrops_CR_matrix_tar_gz_41ed06618f6e	GSE302903	Rectal adenocarcinoma	epithelial_solid_default	GSE302903_nested_010_GSM9113386_T10_EmptyDrops_CR_matrix_tar_gz_41ed06618f6e::5	243	0.0009122996125370264	0.04263057589530945	0.0	6	0.0	non_malignant
GSE302903|nested_010_GSM9113386_T10_EmptyDrops_CR_matrix_tar_gz	GSE302903_nested_010_GSM9113386_T10_EmptyDrops_CR_matrix_tar_gz_41ed06618f6e	GSE302903	Rectal adenocarcinoma	epithelial_solid_default	GSE302903_nested_010_GSM9113386_T10_EmptyDrops_CR_matrix_tar_gz_41ed06618f6e::4	301	0.00015299292863346636	0.04263057589530945	0.0	11	0.0	non_malignant
GSE302903|nested_010_GSM9113386_T10_EmptyDrops_CR_matrix_tar_gz	GSE302903_nested_010_GSM9113386_T10_EmptyDrops_CR_matrix_tar_gz_41ed06618f6e	GSE302903	Rectal adenocarcinoma	epithelial_solid_default	GSE302903_nested_010_GSM9113386_T10_EmptyDrops_CR_matrix_tar_gz_41ed06618f6e::3	628	0.001358156674541533	0.04263057589530945	0.0	38	0.0	non_malignant
GSE302903|nested_011_GSM9113387_T11_EmptyDrops_CR_matrix_tar_gz	GSE302903_nested_011_GSM9113387_T11_EmptyDrops_CR_matrix_tar_gz_4d478a183bde	GSE302903	Rectal adenocarcinoma	epithelial_solid_default	GSE302903_nested_011_GSM9113387_T11_EmptyDrops_CR_matrix_tar_gz_4d478a183bde::5	850	0.0011106173042207956	0.05135538987815377	0.0	33	0.0	non_malignant
GSE302903|nested_011_GSM9113387_T11_EmptyDrops_CR_matrix_tar_gz	GSE302903_nested_011_GSM9113387_T11_EmptyDrops_CR_matrix_tar_gz_4d478a183bde	GSE302903	Rectal adenocarcinoma	epithelial_solid_default	GSE302903_nested_011_GSM9113387_T11_EmptyDrops_CR_matrix_tar_gz_4d478a183bde::3	1376	0.05888741463422775	0.05135538987815377	0.5632267441860465	1354	0.8892171344165436	malignant
GSE302903|nested_011_GSM9113387_T11_EmptyDrops_CR_matrix_tar_gz	GSE302903_nested_011_GSM9113387_T11_EmptyDrops_CR_matrix_tar_gz_4d478a183bde	GSE302903	Rectal adenocarcinoma	epithelial_solid_default	GSE302903_nested_011_GSM9113387_T11_EmptyDrops_CR_matrix_tar_gz_4d478a183bde::1	1613	0.009587956592440605	0.05135538987815377	0.02541847489150651	626	0.02875399361022364	uncertain
GSE302903|nested_011_GSM9113387_T11_EmptyDrops_CR_matrix_tar_gz	GSE302903_nested_011_GSM9113387_T11_EmptyDrops_CR_matrix_tar_gz_4d478a183bde	GSE302903	Rectal adenocarcinoma	epithelial_solid_default	GSE302903_nested_011_GSM9113387_T11_EmptyDrops_CR_matrix_tar_gz_4d478a183bde::7	125	0.001939648762345314	0.05135538987815377	0.0	0		non_malignant
GSE302903|nested_011_GSM9113387_T11_EmptyDrops_CR_matrix_tar_gz	GSE302903_nested_011_GSM9113387_T11_EmptyDrops_CR_matrix_tar_gz_4d478a183bde	GSE302903	Rectal adenocarcinoma	epithelial_solid_default	GSE302903_nested_011_GSM9113387_T11_EmptyDrops_CR_matrix_tar_gz_4d478a183bde::4	1235	0.0015536606078967452	0.05135538987815377	0.0	19	0.0	non_malignant
GSE302903|nested_011_GSM9113387_T11_EmptyDrops_CR_matrix_tar_gz	GSE302903_nested_011_GSM9113387_T11_EmptyDrops_CR_matrix_tar_gz_4d478a183bde	GSE302903	Rectal adenocarcinoma	epithelial_solid_default	GSE302903_nested_011_GSM9113387_T11_EmptyDrops_CR_matrix_tar_gz_4d478a183bde::6	602	0.0005256229196675122	0.05135538987815377	0.0	57	0.0	non_malignant
GSE302903|nested_011_GSM9113387_T11_EmptyDrops_CR_matrix_tar_gz	GSE302903_nested_011_GSM9113387_T11_EmptyDrops_CR_matrix_tar_gz_4d478a183bde	GSE302903	Rectal adenocarcinoma	epithelial_solid_default	GSE302903_nested_011_GSM9113387_T11_EmptyDrops_CR_matrix_tar_gz_4d478a183bde::2	1486	0.0024445075541734695	0.05135538987815377	0.0	52	0.0	non_malignant
GSE302903|nested_011_GSM9113387_T11_EmptyDrops_CR_matrix_tar_gz	GSE302903_nested_011_GSM9113387_T11_EmptyDrops_CR_matrix_tar_gz_4d478a183bde	GSE302903	Rectal adenocarcinoma	epithelial_solid_default	GSE302903_nested_011_GSM9113387_T11_EmptyDrops_CR_matrix_tar_gz_4d478a183bde::0	1858	0.0029247086495161057	0.05135538987815377	0.0	33	0.0	non_malignant
GSE302903|nested_011_GSM9113387_T11_EmptyDrops_CR_matrix_tar_gz	GSE302903_nested_011_GSM9113387_T11_EmptyDrops_CR_matrix_tar_gz_4d478a183bde	GSE302903	Rectal adenocarcinoma	epithelial_solid_default	GSE302903_nested_011_GSM9113387_T11_EmptyDrops_CR_matrix_tar_gz_4d478a183bde::8	53	0.00020065766875632107	0.05135538987815377	0.0	1	0.0	non_malignant
GSE302903|nested_012_GSM9113388_T12_EmptyDrops_CR_matrix_tar_gz	GSE302903_nested_012_GSM9113388_T12_EmptyDrops_CR_matrix_tar_gz_b56003ff6a68	GSE302903	Rectal adenocarcinoma	epithelial_solid_default	GSE302903_nested_012_GSM9113388_T12_EmptyDrops_CR_matrix_tar_gz_b56003ff6a68::3	282	5.012620476918528e-06	0.02864773590117692	0.0	1	0.0	non_malignant
GSE302903|nested_012_GSM9113388_T12_EmptyDrops_CR_matrix_tar_gz	GSE302903_nested_012_GSM9113388_T12_EmptyDrops_CR_matrix_tar_gz_b56003ff6a68	GSE302903	Rectal adenocarcinoma	epithelial_solid_default	GSE302903_nested_012_GSM9113388_T12_EmptyDrops_CR_matrix_tar_gz_b56003ff6a68::0	800	0.005273927003145218	0.02864773590117692	0.025	199	0.010050251256281407	uncertain
GSE302903|nested_012_GSM9113388_T12_EmptyDrops_CR_matrix_tar_gz	GSE302903_nested_012_GSM9113388_T12_EmptyDrops_CR_matrix_tar_gz_b56003ff6a68	GSE302903	Rectal adenocarcinoma	epithelial_solid_default	GSE302903_nested_012_GSM9113388_T12_EmptyDrops_CR_matrix_tar_gz_b56003ff6a68::1	509	0.0017361256759613752	0.02864773590117692	0.0	16	0.0	non_malignant
GSE302903|nested_012_GSM9113388_T12_EmptyDrops_CR_matrix_tar_gz	GSE302903_nested_012_GSM9113388_T12_EmptyDrops_CR_matrix_tar_gz_b56003ff6a68	GSE302903	Rectal adenocarcinoma	epithelial_solid_default	GSE302903_nested_012_GSM9113388_T12_EmptyDrops_CR_matrix_tar_gz_b56003ff6a68::2	304	0.04454304277896881	0.02864773590117692	0.868421052631579	304	0.0	malignant
GSE302903|nested_012_GSM9113388_T12_EmptyDrops_CR_matrix_tar_gz	GSE302903_nested_012_GSM9113388_T12_EmptyDrops_CR_matrix_tar_gz_b56003ff6a68	GSE302903	Rectal adenocarcinoma	epithelial_solid_default	GSE302903_nested_012_GSM9113388_T12_EmptyDrops_CR_matrix_tar_gz_b56003ff6a68::4	137	0.08345670253038406	0.02864773590117692	1.0	137	0.9343065693430657	malignant
GSE159115|GSE159115__SI_18854	GSE159115_GSE159115__SI_18854_246861e77cb9	GSE159115	Renal cell carcinoma	epithelial_solid_default	GSE159115_GSE159115__SI_18854_246861e77cb9::0	164	0.027416052296757698	0.045202577412128506	0.17073170731707318	0		non_malignant
GSE159115|GSE159115__SI_18855	GSE159115_GSE159115__SI_18855_8ffdf4f1d9a8	GSE159115	Renal cell carcinoma	epithelial_solid_default	GSE159115_GSE159115__SI_18855_8ffdf4f1d9a8::0	42	0.028373224660754204	0.04472104992717504	0.09523809523809523	0		non_malignant
GSE159115|GSE159115__SI_18856	GSE159115_GSE159115__SI_18856_13af9c57e1fa	GSE159115	Renal cell carcinoma	epithelial_solid_default	GSE159115_GSE159115__SI_18856_13af9c57e1fa::0	43	0.030087890103459358	0.05434959039092061	0.09302325581395349	0		non_malignant
GSE159115|GSE159115__SI_19703	GSE159115_GSE159115__SI_19703_4ed067153d1f	GSE159115	Renal cell carcinoma	epithelial_solid_default	GSE159115_GSE159115__SI_19703_4ed067153d1f::0	636	0.02297607809305191	0.04451961629092683	0.12421383647798742	631	0.5705229793977813	malignant
GSE159115|GSE159115__SI_19703	GSE159115_GSE159115__SI_19703_4ed067153d1f	GSE159115	Renal cell carcinoma	epithelial_solid_default	GSE159115_GSE159115__SI_19703_4ed067153d1f::1	166	0.004127937369048595	0.04451961629092683	0.0	155	0.01935483870967742	uncertain
GSE159115|GSE159115__SI_19704	GSE159115_GSE159115__SI_19704_98225201a267	GSE159115	Renal cell carcinoma	epithelial_solid_default	GSE159115_GSE159115__SI_19704_98225201a267::0	166	0.016828138381242752	0.0367906354367733	0.060240963855421686	0		non_malignant
GSE159115|GSE159115__SI_21255	GSE159115_GSE159115__SI_21255_3d51886b4cb7	GSE159115	Renal cell carcinoma	epithelial_solid_default	GSE159115_GSE159115__SI_21255_3d51886b4cb7::0	317	0.012184884399175644	0.019736203681677576	0.07886435331230283	178	0.07303370786516854	uncertain
GSE159115|GSE159115__SI_21256	GSE159115_GSE159115__SI_21256_59ce0542f1ee	GSE159115	Renal cell carcinoma	epithelial_solid_default	GSE159115_GSE159115__SI_21256_59ce0542f1ee::0	146	0.017088569700717926	0.01374662727117539	0.5068493150684932	0		uncertain
GSE159115|GSE159115__SI_21561	GSE159115_GSE159115__SI_21561_c5c90b4a02c6	GSE159115	Renal cell carcinoma	epithelial_solid_default	GSE159115_GSE159115__SI_21561_c5c90b4a02c6::1	231	0.004624661058187485	0.003486999319866296	0.5194805194805194	231	0.8961038961038961	malignant
GSE159115|GSE159115__SI_21561	GSE159115_GSE159115__SI_21561_c5c90b4a02c6	GSE159115	Renal cell carcinoma	epithelial_solid_default	GSE159115_GSE159115__SI_21561_c5c90b4a02c6::0	1599	0.03700463846325874	0.003486999319866296	1.0	1599	0.5159474671669794	malignant
GSE159115|GSE159115__SI_22368	GSE159115_GSE159115__SI_22368_96a8d4ce26f5	GSE159115	Renal cell carcinoma	epithelial_solid_default	GSE159115_GSE159115__SI_22368_96a8d4ce26f5::0	340	0.020842183381319046	0.024223318826407228	0.35294117647058826	254	0.5551181102362205	malignant
GSE159115|GSE159115__SI_22369	GSE159115_GSE159115__SI_22369_bd3980569b58	GSE159115	Renal cell carcinoma	epithelial_solid_default	GSE159115_GSE159115__SI_22369_bd3980569b58::0	164	0.012875481508672237	0.016162968426942818	0.21341463414634146	0		uncertain
GSE159115|GSE159115__SI_22604	GSE159115_GSE159115__SI_22604_73b2b32605fc	GSE159115	Renal cell carcinoma	epithelial_solid_default	GSE159115_GSE159115__SI_22604_73b2b32605fc::0	614	0.053037598729133606	0.057577618770301285	0.3941368078175896	614	0.4511400651465798	uncertain
GSE159115|GSE159115__SI_22604	GSE159115_GSE159115__SI_22604_73b2b32605fc	GSE159115	Renal cell carcinoma	epithelial_solid_default	GSE159115_GSE159115__SI_22604_73b2b32605fc::1	146	0.008980933576822281	0.057577618770301285	0.0	146	0.0	non_malignant
GSE159115|GSE159115__SI_22605	GSE159115_GSE159115__SI_22605_f42ba2154391	GSE159115	Renal cell carcinoma	epithelial_solid_default	GSE159115_GSE159115__SI_22605_f42ba2154391::0	394	0.018376851454377174	0.029181508347392093	0.09898477157360407	391	0.8081841432225064	malignant
GSE159115|GSE159115__SI_23459	GSE159115_GSE159115__SI_23459_464e9d31ea3c	GSE159115	Renal cell carcinoma	epithelial_solid_default	GSE159115_GSE159115__SI_23459_464e9d31ea3c::0	971	0.02795836143195629	0.04028756827116012	0.20494335736354274	971	0.40061791967044286	uncertain
GSE159115|GSE159115__SI_23459	GSE159115_GSE159115__SI_23459_464e9d31ea3c	GSE159115	Renal cell carcinoma	epithelial_solid_default	GSE159115_GSE159115__SI_23459_464e9d31ea3c::1	347	0.003992152400314808	0.04028756827116012	0.0	346	0.11849710982658959	uncertain
GSE159115|GSE159115__SI_23459	GSE159115_GSE159115__SI_23459_464e9d31ea3c	GSE159115	Renal cell carcinoma	epithelial_solid_default	GSE159115_GSE159115__SI_23459_464e9d31ea3c::2	291	0.01395487878471613	0.04028756827116012	0.048109965635738834	291	0.09965635738831616	uncertain
GSE159115|GSE159115__SI_23843	GSE159115_GSE159115__SI_23843_29b14b36438c	GSE159115	Renal cell carcinoma	epithelial_solid_default	GSE159115_GSE159115__SI_23843_29b14b36438c::0	62	0.020941484719514847	0.05092398356646299	0.03225806451612903	0		non_malignant
GSE179784|GSM6253683_Patient2	GSE179784_GSM6253683_Patient2_083660f42640	GSE179784	ambiguous	epithelial_solid_default	GSE179784_GSM6253683_Patient2_083660f42640::0	2257	0.014292982406914234	0.02111068032681939	0.2042534337616305	1951	0.19784725781650436	uncertain
GSE179784|GSM6253683_Patient2	GSE179784_GSM6253683_Patient2_083660f42640	GSE179784	ambiguous	epithelial_solid_default	GSE179784_GSM6253683_Patient2_083660f42640::1	329	0.0028344555757939816	0.02111068032681939	0.0	211	0.03317535545023697	uncertain
GSE179784|GSM6253684_Patient3	GSE179784_GSM6253684_Patient3_f8360261ff9e	GSE179784	ambiguous	epithelial_solid_default	GSE179784_GSM6253684_Patient3_f8360261ff9e::0	491	0.014765672385692596	0.044685873761773104	0.05295315682281059	348	0.1781609195402299	uncertain
GSE228501|nested_001_GSM7122854_19355X1_tar_gz__19355X1	GSE228501_nested_001_GSM7122854_19355X1_tar_gz__19355X1_a4914e4d50a6	GSE228501	Seminoma	germ_cell_malignancy	GSE228501_nested_001_GSM7122854_19355X1_tar_gz__19355X1_a4914e4d50a6::0	34	0.11530819535255432	0.10388754412531867	0.7352941176470589	0		malignant
GSE228501|nested_002_GSM7122855_19355X2_tar_gz__19355X2	GSE228501_nested_002_GSM7122855_19355X2_tar_gz__19355X2_580f4f76d2c5	GSE228501	Seminoma	germ_cell_malignancy	GSE228501_nested_002_GSM7122855_19355X2_tar_gz__19355X2_580f4f76d2c5::0	45	0.12741908431053162	0.06060342304408551	1.0	0		malignant
GSE228501|nested_002_GSM7122855_19355X2_tar_gz__19355X2	GSE228501_nested_002_GSM7122855_19355X2_tar_gz__19355X2_580f4f76d2c5	GSE228501	Seminoma	germ_cell_malignancy	GSE228501_nested_002_GSM7122855_19355X2_tar_gz__19355X2_580f4f76d2c5::1	14	0.028329582884907722	0.06060342304408551	0.14285714285714285	0		non_malignant
GSE189889|GSE189889__3	GSE189889_GSE189889__3_feb9e35eee69	GSE189889	Acral melanoma	melanocytic_malignancy	GSE189889_GSE189889__3_feb9e35eee69::0	58	0.020741883665323257	0.05453473038971425	0.05172413793103448	0		non_malignant
GSE189889|GSE189889__6	GSE189889_GSE189889__6_1c3784dea2df	GSE189889	Acral melanoma	melanocytic_malignancy	GSE189889_GSE189889__6_1c3784dea2df::0	155	0.03285151347517967	0.06083397299051283	0.05806451612903226	155	0.896774193548387	malignant
GSE189889|GSE189889__6	GSE189889_GSE189889__6_1c3784dea2df	GSE189889	Acral melanoma	melanocytic_malignancy	GSE189889_GSE189889__6_1c3784dea2df::1	125	0.011784733273088932	0.06083397299051283	0.0	125	0.256	uncertain
GSE189889|GSE189889__9	GSE189889_GSE189889__9_e28a61aea67e	GSE189889	Acral melanoma	melanocytic_malignancy	GSE189889_GSE189889__9_e28a61aea67e::1	129	0.01105639897286892	0.09157674707472326	0.0	127	0.07086614173228346	uncertain
GSE189889|GSE189889__9	GSE189889_GSE189889__9_e28a61aea67e	GSE189889	Acral melanoma	melanocytic_malignancy	GSE189889_GSE189889__9_e28a61aea67e::0	185	0.013650801032781601	0.09157674707472326	0.010810810810810811	185	0.6648648648648648	malignant
GSE115978|Mel102	GSE115978_Mel102_ceabd5d6bb02	GSE115978	Melanoma	melanocytic_malignancy	GSE115978_Mel102_ceabd5d6bb02::0	171	0.09464149922132492	0.0728622976690531	0.7660818713450293	0		malignant
GSE115978|Mel106	GSE115978_Mel106_1668cfc566f2	GSE115978	Melanoma	melanocytic_malignancy	GSE115978_Mel106_1668cfc566f2::0	99	0.06385942548513412	0.07863429099321356	0.2828282828282828	0		uncertain
GSE115978|Mel194	GSE115978_Mel194_73d9b4ff0976	GSE115978	Melanoma	melanocytic_malignancy	GSE115978_Mel194_73d9b4ff0976::0	39	0.06795019656419754	0.09865466445684434	0.1794871794871795	0		non_malignant
GSE115978|Mel80	GSE115978_Mel80_116d160901b0	GSE115978	Melanoma	melanocytic_malignancy	GSE115978_Mel80_116d160901b0::0	90	0.14143720269203186	0.06017554268240932	0.8333333333333334	0		malignant
GSE115978|Mel81	GSE115978_Mel81_9c540057be59	GSE115978	Melanoma	melanocytic_malignancy	GSE115978_Mel81_9c540057be59::0	58	0.06698276102542877	0.18900520801544188	0.0	0		non_malignant
GSE115978|Mel81	GSE115978_Mel81_9c540057be59	GSE115978	Melanoma	melanocytic_malignancy	GSE115978_Mel81_9c540057be59::1	32	0.03720684349536896	0.18900520801544188	0.0	0		non_malignant
GSE169609|GSM5210635_UM1	GSE169609_GSM5210635_UM1_bb3b61d6d3f7	GSE169609	Melanoma	melanocytic_malignancy	GSE169609_GSM5210635_UM1_bb3b61d6d3f7::0	71	0.007497246842831373	0.0366436467319727	0.0	0		non_malignant
GSE169609|GSM5210636_UM2_3	GSE169609_GSM5210636_UM2_3_d4d3a89d78f2	GSE169609	Melanoma	melanocytic_malignancy	GSE169609_GSM5210636_UM2_3_d4d3a89d78f2::0	71	0.007465163711458445	0.03486907243728638	0.0	0		non_malignant
GSE138665|LH16.3814	GSE138665_LH16.3814_4cf8e50bb57d	GSE138665	Uveal melanoma	melanocytic_malignancy	GSE138665_LH16.3814_4cf8e50bb57d::0	771	0.03456038236618042	0.013244742648676021	0.7211413748378729	767	0.7170795306388527	malignant
GSE138665|LH16.3814	GSE138665_LH16.3814_4cf8e50bb57d	GSE138665	Uveal melanoma	melanocytic_malignancy	GSE138665_LH16.3814_4cf8e50bb57d::1	169	4.598467785399407e-05	0.013244742648676021	0.0	115	0.0	non_malignant
GSE138665|LH16.3814	GSE138665_LH16.3814_4cf8e50bb57d	GSE138665	Uveal melanoma	melanocytic_malignancy	GSE138665_LH16.3814_4cf8e50bb57d::2	87	0.0011509597534313798	0.013244742648676021	0.0	86	0.011627906976744186	uncertain
GSE138665|LH17.3222	GSE138665_LH17.3222_97e2e10a2b38	GSE138665	Uveal melanoma	melanocytic_malignancy	GSE138665_LH17.3222_97e2e10a2b38::0	602	0.012413302436470985	0.03637011263519526	0.026578073089700997	597	0.4556113902847571	uncertain
GSE138665|LH17.3222	GSE138665_LH17.3222_97e2e10a2b38	GSE138665	Uveal melanoma	melanocytic_malignancy	GSE138665_LH17.3222_97e2e10a2b38::1	109	0.005721998866647482	0.03637011263519526	0.009174311926605505	71	0.11267605633802817	uncertain
GSE138665|LH17.3554	GSE138665_LH17.3554_1ac377269d33	GSE138665	Uveal melanoma	melanocytic_malignancy	GSE138665_LH17.3554_1ac377269d33::0	547	0.03987264633178711	0.050968110188841474	0.33455210237659966	547	0.9012797074954296	malignant
GSE138665|LH17.3554	GSE138665_LH17.3554_1ac377269d33	GSE138665	Uveal melanoma	melanocytic_malignancy	GSE138665_LH17.3554_1ac377269d33::1	116	0.0005666551296599209	0.050968110188841474	0.0	91	0.04395604395604396	uncertain
GSE138665|LH17.364	GSE138665_LH17.364_7d02f13c7ca7	GSE138665	Uveal melanoma	melanocytic_malignancy	GSE138665_LH17.364_7d02f13c7ca7::0	200	0.011135791428387165	0.043224012404680254	0.045	185	0.7783783783783784	malignant
GSE138665|LH17.530	GSE138665_LH17.530_00ccc7e465d5	GSE138665	Uveal melanoma	melanocytic_malignancy	GSE138665_LH17.530_00ccc7e465d5::1	172	0.018456054851412773	0.12581822946667667	0.005813953488372093	172	0.005813953488372093	uncertain
GSE138665|LH17.530	GSE138665_LH17.530_00ccc7e465d5	GSE138665	Uveal melanoma	melanocytic_malignancy	GSE138665_LH17.530_00ccc7e465d5::2	147	0.051168642938137054	0.12581822946667667	0.006802721088435374	147	0.9387755102040817	malignant
GSE138665|LH17.530	GSE138665_LH17.530_00ccc7e465d5	GSE138665	Uveal melanoma	melanocytic_malignancy	GSE138665_LH17.530_00ccc7e465d5::0	419	0.012714315205812454	0.12581822946667667	0.0	398	0.01256281407035176	uncertain
GSE138665|LH17.530	GSE138665_LH17.530_00ccc7e465d5	GSE138665	Uveal melanoma	melanocytic_malignancy	GSE138665_LH17.530_00ccc7e465d5::3	72	0.03344009816646576	0.12581822946667667	0.0	72	0.0	non_malignant
GSE138665|LH18.277	GSE138665_LH18.277_312d5be286a0	GSE138665	Uveal melanoma	melanocytic_malignancy	GSE138665_LH18.277_312d5be286a0::0	373	0.01519652921706438	0.06846505552530302	0.005361930294906166	313	0.8626198083067093	malignant
GSE138665|LH18.277	GSE138665_LH18.277_312d5be286a0	GSE138665	Uveal melanoma	melanocytic_malignancy	GSE138665_LH18.277_312d5be286a0::1	319	0.014948641881346703	0.06846505552530302	0.0219435736677116	318	0.09433962264150944	uncertain
GSE139829|BSSR0022	GSE139829_BSSR0022_002250b51dda	GSE139829	Uveal melanoma	melanocytic_malignancy	GSE139829_BSSR0022_002250b51dda::0	10017	0.01769818179309368	0.04312493920326241	0.044624138963761606	10011	0.7824393167515733	malignant
GSE139829|BSSR0022	GSE139829_BSSR0022_002250b51dda	GSE139829	Uveal melanoma	melanocytic_malignancy	GSE139829_BSSR0022_002250b51dda::1	1625	0.002782603958621621	0.04312493920326241	0.0	1553	0.26658081133290407	uncertain
GSE139829|BSSR0022	GSE139829_BSSR0022_002250b51dda	GSE139829	Uveal melanoma	melanocytic_malignancy	GSE139829_BSSR0022_002250b51dda::3	274	3.7637750210706145e-05	0.04312493920326241	0.0	204	0.0784313725490196	uncertain
GSE139829|BSSR0022	GSE139829_BSSR0022_002250b51dda	GSE139829	Uveal melanoma	melanocytic_malignancy	GSE139829_BSSR0022_002250b51dda::2	1013	0.00293216435238719	0.04312493920326241	0.0	781	0.13060179257362356	uncertain
GSE139829|UMM041L	GSE139829_UMM041L_4c085cea37e0	GSE139829	Uveal melanoma	melanocytic_malignancy	GSE139829_UMM041L_4c085cea37e0::2	118	0.001460550120100379	0.09286901712417601	0.0	72	0.013888888888888888	uncertain
GSE139829|UMM041L	GSE139829_UMM041L_4c085cea37e0	GSE139829	Uveal melanoma	melanocytic_malignancy	GSE139829_UMM041L_4c085cea37e0::0	628	0.050284143537282944	0.09286901712417601	0.11305732484076433	628	0.8487261146496815	malignant
GSE139829|UMM041L	GSE139829_UMM041L_4c085cea37e0	GSE139829	Uveal melanoma	melanocytic_malignancy	GSE139829_UMM041L_4c085cea37e0::1	131	0.0004908256814815104	0.09286901712417601	0.0	97	0.010309278350515464	uncertain
GSE139829|UMM059	GSE139829_UMM059_c4e2ef0cb5ff	GSE139829	Uveal melanoma	melanocytic_malignancy	GSE139829_UMM059_c4e2ef0cb5ff::0	362	0.053252559155225754	0.08983568832278245	0.09668508287292818	362	0.7845303867403315	malignant
GSE139829|UMM059	GSE139829_UMM059_c4e2ef0cb5ff	GSE139829	Uveal melanoma	melanocytic_malignancy	GSE139829_UMM059_c4e2ef0cb5ff::1	284	0.012260226532816887	0.08983568832278245	0.0	279	0.06093189964157706	uncertain
GSE139829|UMM061	GSE139829_UMM061_b282dd6c344c	GSE139829	Uveal melanoma	melanocytic_malignancy	GSE139829_UMM061_b282dd6c344c::4	253	0.02946619875729084	0.09896954029798509	0.003952569169960474	253	0.003952569169960474	uncertain
GSE139829|UMM061	GSE139829_UMM061_b282dd6c344c	GSE139829	Uveal melanoma	melanocytic_malignancy	GSE139829_UMM061_b282dd6c344c::2	417	0.01619541645050049	0.09896954029798509	0.0	319	0.13793103448275862	uncertain
GSE139829|UMM061	GSE139829_UMM061_b282dd6c344c	GSE139829	Uveal melanoma	melanocytic_malignancy	GSE139829_UMM061_b282dd6c344c::0	1678	0.034240130335092545	0.09896954029798509	0.015494636471990465	1676	0.9862768496420048	malignant
GSE139829|UMM061	GSE139829_UMM061_b282dd6c344c	GSE139829	Uveal melanoma	melanocytic_malignancy	GSE139829_UMM061_b282dd6c344c::1	641	0.008001222275197506	0.09896954029798509	0.0	635	0.6125984251968504	malignant
GSE139829|UMM061	GSE139829_UMM061_b282dd6c344c	GSE139829	Uveal melanoma	melanocytic_malignancy	GSE139829_UMM061_b282dd6c344c::3	334	0.003815891221165657	0.09896954029798509	0.0	334	0.9131736526946108	malignant
GSE139829|UMM062	GSE139829_UMM062_6de242104d0c	GSE139829	Uveal melanoma	melanocytic_malignancy	GSE139829_UMM062_6de242104d0c::0	1383	0.026179861277341843	0.08543289765715611	0.0072306579898770785	1383	0.17859725234996385	uncertain
GSE139829|UMM062	GSE139829_UMM062_6de242104d0c	GSE139829	Uveal melanoma	melanocytic_malignancy	GSE139829_UMM062_6de242104d0c::1	1038	0.012490784749388695	0.08543289765715611	0.0	1038	0.0	non_malignant
GSE139829|UMM062	GSE139829_UMM062_6de242104d0c	GSE139829	Uveal melanoma	melanocytic_malignancy	GSE139829_UMM062_6de242104d0c::2	878	0.007496096659451723	0.08543289765715611	0.0	878	0.04555808656036447	uncertain
GSE139829|UMM062	GSE139829_UMM062_6de242104d0c	GSE139829	Uveal melanoma	melanocytic_malignancy	GSE139829_UMM062_6de242104d0c::4	397	0.016826502978801727	0.08543289765715611	0.0	397	0.007556675062972292	uncertain
GSE139829|UMM062	GSE139829_UMM062_6de242104d0c	GSE139829	Uveal melanoma	melanocytic_malignancy	GSE139829_UMM062_6de242104d0c::3	641	0.010777074843645096	0.08543289765715611	0.0015600624024961	550	0.02181818181818182	uncertain
GSE139829|UMM063	GSE139829_UMM063_6753213bb772	GSE139829	Uveal melanoma	melanocytic_malignancy	GSE139829_UMM063_6753213bb772::0	219	0.05201621726155281	0.07608437895774836	0.1689497716894977	219	1.0	malignant
GSE139829|UMM063	GSE139829_UMM063_6753213bb772	GSE139829	Uveal melanoma	melanocytic_malignancy	GSE139829_UMM063_6753213bb772::1	87	0.010038848035037518	0.07608437895774836	0.0	72	0.2916666666666667	uncertain
GSE139829|UMM064	GSE139829_UMM064_b2cf198b3727	GSE139829	Uveal melanoma	melanocytic_malignancy	GSE139829_UMM064_b2cf198b3727::0	643	0.012781145982444286	0.0829925085604191	0.0	595	0.025210084033613446	uncertain
GSE139829|UMM064	GSE139829_UMM064_b2cf198b3727	GSE139829	Uveal melanoma	melanocytic_malignancy	GSE139829_UMM064_b2cf198b3727::1	406	0.0343228243291378	0.0829925085604191	0.029556650246305417	406	0.896551724137931	malignant
GSE139829|UMM064	GSE139829_UMM064_b2cf198b3727	GSE139829	Uveal melanoma	melanocytic_malignancy	GSE139829_UMM064_b2cf198b3727::2	402	0.025014115497469902	0.0829925085604191	0.03482587064676617	402	0.022388059701492536	uncertain
GSE139829|UMM064	GSE139829_UMM064_b2cf198b3727	GSE139829	Uveal melanoma	melanocytic_malignancy	GSE139829_UMM064_b2cf198b3727::3	65	0.01828535832464695	0.0829925085604191	0.0	65	0.0	non_malignant
GSE139829|UMM065	GSE139829_UMM065_e7de141fbe08	GSE139829	Uveal melanoma	melanocytic_malignancy	GSE139829_UMM065_e7de141fbe08::0	953	0.05372898280620575	0.0795092037320137	0.1416579223504722	953	0.9958027282266527	malignant
GSE139829|UMM065	GSE139829_UMM065_e7de141fbe08	GSE139829	Uveal melanoma	melanocytic_malignancy	GSE139829_UMM065_e7de141fbe08::2	239	1.0672903954400681e-05	0.0795092037320137	0.0	206	0.07281553398058252	uncertain
GSE139829|UMM065	GSE139829_UMM065_e7de141fbe08	GSE139829	Uveal melanoma	melanocytic_malignancy	GSE139829_UMM065_e7de141fbe08::1	672	0.008181599900126457	0.0795092037320137	0.0	657	0.0365296803652968	uncertain
GSE139829|UMM065	GSE139829_UMM065_e7de141fbe08	GSE139829	Uveal melanoma	melanocytic_malignancy	GSE139829_UMM065_e7de141fbe08::3	171	0.0024086476769298315	0.0795092037320137	0.0	127	0.0	non_malignant
GSE139829|UMM066	GSE139829_UMM066_e0b704abee35	GSE139829	Uveal melanoma	melanocytic_malignancy	GSE139829_UMM066_e0b704abee35::0	4469	0.030724529176950455	0.046894785314798376	0.17520698142761243	4467	0.30288784419073206	uncertain
GSE139829|UMM066	GSE139829_UMM066_e0b704abee35	GSE139829	Uveal melanoma	melanocytic_malignancy	GSE139829_UMM066_e0b704abee35::3	456	0.00022823036124464124	0.046894785314798376	0.0	282	0.0070921985815602835	uncertain
GSE139829|UMM066	GSE139829_UMM066_e0b704abee35	GSE139829	Uveal melanoma	melanocytic_malignancy	GSE139829_UMM066_e0b704abee35::1	1349	0.04577428102493286	0.046894785314798376	0.46108228317272054	1349	0.9710896960711638	malignant
GSE139829|UMM066	GSE139829_UMM066_e0b704abee35	GSE139829	Uveal melanoma	melanocytic_malignancy	GSE139829_UMM066_e0b704abee35::2	876	0.012104738503694534	0.046894785314798376	0.0730593607305936	871	0.1182548794489093	uncertain
GSE139829|UMM067L	GSE139829_UMM067L_6c7014bb6d36	GSE139829	Uveal melanoma	melanocytic_malignancy	GSE139829_UMM067L_6c7014bb6d36::0	43	0.10926792025566101	0.055784133672714536	1.0	0		malignant
GSE139829|UMM067L	GSE139829_UMM067L_6c7014bb6d36	GSE139829	Uveal melanoma	melanocytic_malignancy	GSE139829_UMM067L_6c7014bb6d36::1	28	0.019862445071339607	0.055784133672714536	0.03571428571428571	0		non_malignant
GSE139829|UMM069	GSE139829_UMM069_abf9e8085105	GSE139829	Uveal melanoma	melanocytic_malignancy	GSE139829_UMM069_abf9e8085105::1	202	0.08847504109144211	0.11122583352029321	0.1782178217821782	202	1.0	malignant
GSE139829|UMM069	GSE139829_UMM069_abf9e8085105	GSE139829	Uveal melanoma	melanocytic_malignancy	GSE139829_UMM069_abf9e8085105::0	212	0.018345564603805542	0.11122583352029321	0.0	212	0.8867924528301887	malignant
GSE139829|UMM069	GSE139829_UMM069_abf9e8085105	GSE139829	Uveal melanoma	melanocytic_malignancy	GSE139829_UMM069_abf9e8085105::2	106	0.0013862875057384372	0.11122583352029321	0.0	106	0.2169811320754717	uncertain
GSE139829|UMM069	GSE139829_UMM069_abf9e8085105	GSE139829	Uveal melanoma	melanocytic_malignancy	GSE139829_UMM069_abf9e8085105::3	29	0.005953355226665735	0.11122583352029321	0.0	18	0.05555555555555555	uncertain
GSE152048|GSE152048_BC10	GSE152048_GSE152048_BC10_ac61cb0aedbf	GSE152048	Osteosarcoma	mesenchymal_malignancy	GSE152048_GSE152048_BC10_ac61cb0aedbf::0	6000	0.03448442742228508	0.013537369901314378	0.6961666666666667	5827	0.718208340483954	malignant
GSE152048|GSE152048_BC10	GSE152048_GSE152048_BC10_ac61cb0aedbf	GSE152048	Osteosarcoma	mesenchymal_malignancy	GSE152048_GSE152048_BC10_ac61cb0aedbf::1	3779	0.0	0.013537369901314378	0.0	1130	0.0017699115044247787	uncertain
GSE152048|GSE152048_BC10	GSE152048_GSE152048_BC10_ac61cb0aedbf	GSE152048	Osteosarcoma	mesenchymal_malignancy	GSE152048_GSE152048_BC10_ac61cb0aedbf::3	1295	0.0017123412108048797	0.013537369901314378	0.0023166023166023165	271	0.0	non_malignant
GSE152048|GSE152048_BC10	GSE152048_GSE152048_BC10_ac61cb0aedbf	GSE152048	Osteosarcoma	mesenchymal_malignancy	GSE152048_GSE152048_BC10_ac61cb0aedbf::4	1180	0.0013592164032161236	0.013537369901314378	0.0	397	0.0	non_malignant
GSE152048|GSE152048_BC10	GSE152048_GSE152048_BC10_ac61cb0aedbf	GSE152048	Osteosarcoma	mesenchymal_malignancy	GSE152048_GSE152048_BC10_ac61cb0aedbf::2	1719	0.0017186220502480865	0.013537369901314378	0.009307737056428156	1257	0.012728719172633254	uncertain
GSE152048|GSE152048_BC10	GSE152048_GSE152048_BC10_ac61cb0aedbf	GSE152048	Osteosarcoma	mesenchymal_malignancy	GSE152048_GSE152048_BC10_ac61cb0aedbf::7	41	0.000744026037864387	0.013537369901314378	0.0	2	0.0	non_malignant
GSE152048|GSE152048_BC10	GSE152048_GSE152048_BC10_ac61cb0aedbf	GSE152048	Osteosarcoma	mesenchymal_malignancy	GSE152048_GSE152048_BC10_ac61cb0aedbf::5	101	0.0002257243759231642	0.013537369901314378	0.0	30	0.0	non_malignant
GSE152048|GSE152048_BC10	GSE152048_GSE152048_BC10_ac61cb0aedbf	GSE152048	Osteosarcoma	mesenchymal_malignancy	GSE152048_GSE152048_BC10_ac61cb0aedbf::6	85	0.00018748811271507293	0.013537369901314378	0.0	19	0.0	non_malignant
GSE152048|GSE152048_BC11	GSE152048_GSE152048_BC11_43ea6574663d	GSE152048	Osteosarcoma	mesenchymal_malignancy	GSE152048_GSE152048_BC11_43ea6574663d::0	5608	0.030021820217370987	0.014584424570202755	0.5734664764621968	4811	0.5267096237788401	malignant
GSE152048|GSE152048_BC11	GSE152048_GSE152048_BC11_43ea6574663d	GSE152048	Osteosarcoma	mesenchymal_malignancy	GSE152048_GSE152048_BC11_43ea6574663d::2	527	0.0012454092502593994	0.014584424570202755	0.0	156	0.0	non_malignant
GSE152048|GSE152048_BC11	GSE152048_GSE152048_BC11_43ea6574663d	GSE152048	Osteosarcoma	mesenchymal_malignancy	GSE152048_GSE152048_BC11_43ea6574663d::1	2932	2.766558111488848e-07	0.014584424570202755	0.0	476	0.0	non_malignant
GSE152048|GSE152048_BC11	GSE152048_GSE152048_BC11_43ea6574663d	GSE152048	Osteosarcoma	mesenchymal_malignancy	GSE152048_GSE152048_BC11_43ea6574663d::3	109	0.0004382298793643713	0.014584424570202755	0.0	16	0.0625	uncertain
GSE152048|GSE152048_BC11	GSE152048_GSE152048_BC11_43ea6574663d	GSE152048	Osteosarcoma	mesenchymal_malignancy	GSE152048_GSE152048_BC11_43ea6574663d::4	41	0.0002288953255629167	0.014584424570202755	0.0	9	0.0	non_malignant
GSE152048|GSE152048_BC16	GSE152048_GSE152048_BC16_7eaa07be2d27	GSE152048	Osteosarcoma	mesenchymal_malignancy	GSE152048_GSE152048_BC16_7eaa07be2d27::0	1974	0.04017302021384239	0.051557072103023474	0.34194528875379937	1971	0.16996448503297817	uncertain
GSE152048|GSE152048_BC16	GSE152048_GSE152048_BC16_7eaa07be2d27	GSE152048	Osteosarcoma	mesenchymal_malignancy	GSE152048_GSE152048_BC16_7eaa07be2d27::1	927	0.005476912017911673	0.051557072103023474	0.003236245954692557	901	0.003329633740288568	uncertain
GSE152048|GSE152048_BC16	GSE152048_GSE152048_BC16_7eaa07be2d27	GSE152048	Osteosarcoma	mesenchymal_malignancy	GSE152048_GSE152048_BC16_7eaa07be2d27::2	618	0.10307396948337555	0.051557072103023474	0.9983818770226537	618	0.9919093851132686	malignant
GSE152048|GSE152048_BC16	GSE152048_GSE152048_BC16_7eaa07be2d27	GSE152048	Osteosarcoma	mesenchymal_malignancy	GSE152048_GSE152048_BC16_7eaa07be2d27::3	470	5.269872417557053e-05	0.051557072103023474	0.0	455	0.0	non_malignant
GSE152048|GSE152048_BC17	GSE152048_GSE152048_BC17_a206a64ee9ec	GSE152048	Osteosarcoma	mesenchymal_malignancy	GSE152048_GSE152048_BC17_a206a64ee9ec::0	2720	0.04344755783677101	0.01623475541360671	0.9003676470588236	2720	0.19080882352941175	malignant
GSE152048|GSE152048_BC17	GSE152048_GSE152048_BC17_a206a64ee9ec	GSE152048	Osteosarcoma	mesenchymal_malignancy	GSE152048_GSE152048_BC17_a206a64ee9ec::1	671	0.08045979589223862	0.01623475541360671	1.0	671	0.7496274217585693	malignant
GSE152048|GSE152048_BC17	GSE152048_GSE152048_BC17_a206a64ee9ec	GSE152048	Osteosarcoma	mesenchymal_malignancy	GSE152048_GSE152048_BC17_a206a64ee9ec::2	151	0.0025843705516308546	0.01623475541360671	0.026490066225165563	151	0.12582781456953643	uncertain
GSE152048|GSE152048_BC2	GSE152048_GSE152048_BC2_26990aa32622	GSE152048	Osteosarcoma	mesenchymal_malignancy	GSE152048_GSE152048_BC2_26990aa32622::0	670	0.008489420637488365	0.0236779544502497	0.026865671641791045	523	0.0019120458891013384	uncertain
GSE152048|GSE152048_BC2	GSE152048_GSE152048_BC2_26990aa32622	GSE152048	Osteosarcoma	mesenchymal_malignancy	GSE152048_GSE152048_BC2_26990aa32622::1	607	0.0054075829684734344	0.0236779544502497	0.0016474464579901153	243	0.00823045267489712	uncertain
GSE152048|GSE152048_BC2	GSE152048_GSE152048_BC2_26990aa32622	GSE152048	Osteosarcoma	mesenchymal_malignancy	GSE152048_GSE152048_BC2_26990aa32622::2	118	0.050533149391412735	0.0236779544502497	0.8389830508474576	113	0.9911504424778761	malignant
GSE152048|GSE152048_BC20	GSE152048_GSE152048_BC20_09445ebabb71	GSE152048	Osteosarcoma	mesenchymal_malignancy	GSE152048_GSE152048_BC20_09445ebabb71::0	5513	0.04668838530778885	0.07423430606722843	0.2517685470705605	5510	0.8508166969147005	malignant
GSE152048|GSE152048_BC20	GSE152048_GSE152048_BC20_09445ebabb71	GSE152048	Osteosarcoma	mesenchymal_malignancy	GSE152048_GSE152048_BC20_09445ebabb71::1	1818	1.586607686476782e-05	0.07423430606722843	0.0	1430	0.2783216783216783	uncertain
GSE152048|GSE152048_BC21	GSE152048_GSE152048_BC21_b0de797838e8	GSE152048	Osteosarcoma	mesenchymal_malignancy	GSE152048_GSE152048_BC21_b0de797838e8::1	689	0.028809715062379837	0.05156166024506097	0.0899854862119013	684	0.9707602339181286	malignant
GSE152048|GSE152048_BC21	GSE152048_GSE152048_BC21_b0de797838e8	GSE152048	Osteosarcoma	mesenchymal_malignancy	GSE152048_GSE152048_BC21_b0de797838e8::0	689	0.02096152864396572	0.05156166024506097	0.040638606676342524	674	0.02225519287833828	uncertain
GSE152048|GSE152048_BC21	GSE152048_GSE152048_BC21_b0de797838e8	GSE152048	Osteosarcoma	mesenchymal_malignancy	GSE152048_GSE152048_BC21_b0de797838e8::2	378	0.005861265119165182	0.05156166024506097	0.0	278	0.22661870503597123	uncertain
GSE152048|GSE152048_BC22	GSE152048_GSE152048_BC22_8446e27a2337	GSE152048	Osteosarcoma	mesenchymal_malignancy	GSE152048_GSE152048_BC22_8446e27a2337::0	2954	0.0651453509926796	0.007222737297415733	0.956668923493568	2949	0.9606646320786707	malignant
GSE152048|GSE152048_BC22	GSE152048_GSE152048_BC22_8446e27a2337	GSE152048	Osteosarcoma	mesenchymal_malignancy	GSE152048_GSE152048_BC22_8446e27a2337::1	971	2.6333449568483047e-05	0.007222737297415733	0.0	739	0.0	non_malignant
GSE152048|GSE152048_BC22	GSE152048_GSE152048_BC22_8446e27a2337	GSE152048	Osteosarcoma	mesenchymal_malignancy	GSE152048_GSE152048_BC22_8446e27a2337::2	865	0.007120365276932716	0.007222737297415733	0.35028901734104045	859	0.023282887077997673	uncertain
GSE152048|GSE152048_BC3	GSE152048_GSE152048_BC3_c59e3999d565	GSE152048	Osteosarcoma	mesenchymal_malignancy	GSE152048_GSE152048_BC3_c59e3999d565::0	1560	0.0067312405444681644	0.019103993568569413	0.0391025641025641	824	0.0703883495145631	uncertain
GSE152048|GSE152048_BC3	GSE152048_GSE152048_BC3_c59e3999d565	GSE152048	Osteosarcoma	mesenchymal_malignancy	GSE152048_GSE152048_BC3_c59e3999d565::1	1208	0.01570959948003292	0.019103993568569413	0.27897350993377484	977	0.0992835209825998	uncertain
GSE152048|GSE152048_BC5	GSE152048_GSE152048_BC5_e3ff91a2b329	GSE152048	Osteosarcoma	mesenchymal_malignancy	GSE152048_GSE152048_BC5_e3ff91a2b329::1	1451	0.0024968734942376614	0.010718376683071231	0.024121295658166782	1305	0.1363984674329502	uncertain
GSE152048|GSE152048_BC5	GSE152048_GSE152048_BC5_e3ff91a2b329	GSE152048	Osteosarcoma	mesenchymal_malignancy	GSE152048_GSE152048_BC5_e3ff91a2b329::0	8126	0.031429871916770935	0.010718376683071231	0.8204528673394044	8070	0.36753407682775713	malignant
GSE152048|GSE152048_BC5	GSE152048_GSE152048_BC5_e3ff91a2b329	GSE152048	Osteosarcoma	mesenchymal_malignancy	GSE152048_GSE152048_BC5_e3ff91a2b329::2	1419	7.255369837366743e-06	0.010718376683071231	0.0	853	0.026963657678780773	uncertain
GSE152048|GSE152048_BC5	GSE152048_GSE152048_BC5_e3ff91a2b329	GSE152048	Osteosarcoma	mesenchymal_malignancy	GSE152048_GSE152048_BC5_e3ff91a2b329::3	188	0.001529091503471136	0.010718376683071231	0.0	111	0.036036036036036036	uncertain
GSE152048|GSE152048_BC5	GSE152048_GSE152048_BC5_e3ff91a2b329	GSE152048	Osteosarcoma	mesenchymal_malignancy	GSE152048_GSE152048_BC5_e3ff91a2b329::4	30	0.00020522689737845212	0.010718376683071231	0.0	7	0.0	non_malignant
GSE152048|GSE152048_BC6	GSE152048_GSE152048_BC6_b9b5f55de706	GSE152048	Osteosarcoma	mesenchymal_malignancy	GSE152048_GSE152048_BC6_b9b5f55de706::1	3663	0.008277162909507751	0.04767529219388963	0.0	2707	0.04063538973032878	uncertain
GSE152048|GSE152048_BC6	GSE152048_GSE152048_BC6_b9b5f55de706	GSE152048	Osteosarcoma	mesenchymal_malignancy	GSE152048_GSE152048_BC6_b9b5f55de706::2	1188	0.03266055881977081	0.04767529219388963	0.10185185185185185	1188	0.9621212121212122	malignant
GSE152048|GSE152048_BC6	GSE152048_GSE152048_BC6_b9b5f55de706	GSE152048	Osteosarcoma	mesenchymal_malignancy	GSE152048_GSE152048_BC6_b9b5f55de706::0	7506	0.012773239053785801	0.04767529219388963	0.0015987210231814548	7410	0.11538461538461539	uncertain
GSE299623|GSM9042132_A2_1	GSE299623_GSM9042132_A2_1_8f466867502f	GSE299623	Endometrial carcinosarcoma	mixed_mesenchymal_malignancy	GSE299623_GSM9042132_A2_1_8f466867502f::1	4302	3.932540550977137e-07	0.08044740304350852	0.0	3977	0.0007543374402816193	uncertain
GSE299623|GSM9042132_A2_1	GSE299623_GSM9042132_A2_1_8f466867502f	GSE299623	Endometrial carcinosarcoma	mixed_mesenchymal_malignancy	GSE299623_GSM9042132_A2_1_8f466867502f::0	9145	0.0440174899995327	0.08044740304350852	0.2108255877528704	9125	0.6098630136986302	malignant
GSE299623|GSM9042132_A2_1	GSE299623_GSM9042132_A2_1_8f466867502f	GSE299623	Endometrial carcinosarcoma	mixed_mesenchymal_malignancy	GSE299623_GSM9042132_A2_1_8f466867502f::3	937	0.00301549956202507	0.08044740304350852	0.0	826	0.006053268765133172	uncertain
GSE299623|GSM9042132_A2_1	GSE299623_GSM9042132_A2_1_8f466867502f	GSE299623	Endometrial carcinosarcoma	mixed_mesenchymal_malignancy	GSE299623_GSM9042132_A2_1_8f466867502f::2	1362	0.0025250427424907684	0.08044740304350852	0.0	1339	0.039581777445855115	uncertain
GSE299623|GSM9042132_A2_1	GSE299623_GSM9042132_A2_1_8f466867502f	GSE299623	Endometrial carcinosarcoma	mixed_mesenchymal_malignancy	GSE299623_GSM9042132_A2_1_8f466867502f::4	390	0.0009343587444163859	0.08044740304350852	0.0	343	0.0	non_malignant
GSE299623|GSM9042132_A2_1	GSE299623_GSM9042132_A2_1_8f466867502f	GSE299623	Endometrial carcinosarcoma	mixed_mesenchymal_malignancy	GSE299623_GSM9042132_A2_1_8f466867502f::5	19	0.0005758261540904641	0.08044740304350852	0.0	18	0.0	non_malignant
GSE299623|GSM9042133_A2_2	GSE299623_GSM9042133_A2_2_0d93c36de1b3	GSE299623	Endometrial carcinosarcoma	mixed_mesenchymal_malignancy	GSE299623_GSM9042133_A2_2_0d93c36de1b3::0	3644	0.031520769000053406	0.08864816553890696	0.08809001097694841	3619	0.47278253661232383	uncertain
GSE299623|GSM9042133_A2_2	GSE299623_GSM9042133_A2_2_0d93c36de1b3	GSE299623	Endometrial carcinosarcoma	mixed_mesenchymal_malignancy	GSE299623_GSM9042133_A2_2_0d93c36de1b3::1	1454	0.0037162634544074535	0.08864816553890696	0.0	1209	0.0016542597187758478	uncertain
GSE299623|GSM9042133_A2_2	GSE299623_GSM9042133_A2_2_0d93c36de1b3	GSE299623	Endometrial carcinosarcoma	mixed_mesenchymal_malignancy	GSE299623_GSM9042133_A2_2_0d93c36de1b3::2	922	0.005126117262989283	0.08864816553890696	0.0	754	0.001326259946949602	uncertain
GSE299623|GSM9042133_A2_2	GSE299623_GSM9042133_A2_2_0d93c36de1b3	GSE299623	Endometrial carcinosarcoma	mixed_mesenchymal_malignancy	GSE299623_GSM9042133_A2_2_0d93c36de1b3::3	600	0.002410473069176078	0.08864816553890696	0.0	574	0.0017421602787456446	uncertain
GSE299623|GSM9042133_A2_2	GSE299623_GSM9042133_A2_2_0d93c36de1b3	GSE299623	Endometrial carcinosarcoma	mixed_mesenchymal_malignancy	GSE299623_GSM9042133_A2_2_0d93c36de1b3::4	186	0.0	0.08864816553890696	0.0	161	0.0	non_malignant
GSE299623|GSM9042134_A2_3	GSE299623_GSM9042134_A2_3_c194fbcd8b7b	GSE299623	Endometrial carcinosarcoma	mixed_mesenchymal_malignancy	GSE299623_GSM9042134_A2_3_c194fbcd8b7b::0	1559	0.024477703496813774	0.02976393470540624	0.25978191148171903	1521	0.21959237343852728	uncertain
GSE299623|GSM9042134_A2_3	GSE299623_GSM9042134_A2_3_c194fbcd8b7b	GSE299623	Endometrial carcinosarcoma	mixed_mesenchymal_malignancy	GSE299623_GSM9042134_A2_3_c194fbcd8b7b::1	1356	0.035606369376182556	0.02976393470540624	0.41002949852507375	1348	0.3449554896142433	uncertain
GSE299623|GSM9042134_A2_3	GSE299623_GSM9042134_A2_3_c194fbcd8b7b	GSE299623	Endometrial carcinosarcoma	mixed_mesenchymal_malignancy	GSE299623_GSM9042134_A2_3_c194fbcd8b7b::3	490	1.0962468877551146e-05	0.02976393470540624	0.0	433	0.0	non_malignant
GSE299623|GSM9042134_A2_3	GSE299623_GSM9042134_A2_3_c194fbcd8b7b	GSE299623	Endometrial carcinosarcoma	mixed_mesenchymal_malignancy	GSE299623_GSM9042134_A2_3_c194fbcd8b7b::2	576	0.003361659124493599	0.02976393470540624	0.003472222222222222	527	0.0	non_malignant
GSE299623|GSM9042135_A2_4	GSE299623_GSM9042135_A2_4_7704796e8750	GSE299623	Endometrial carcinosarcoma	mixed_mesenchymal_malignancy	GSE299623_GSM9042135_A2_4_7704796e8750::0	2167	0.02172892726957798	0.03749561972916107	0.18504845408398707	1564	0.17327365728900257	uncertain
GSE299623|GSM9042135_A2_4	GSE299623_GSM9042135_A2_4_7704796e8750	GSE299623	Endometrial carcinosarcoma	mixed_mesenchymal_malignancy	GSE299623_GSM9042135_A2_4_7704796e8750::1	668	1.8255916529597016e-06	0.03749561972916107	0.0	108	0.0	non_malignant
GSE299623|GSM9042135_A2_4	GSE299623_GSM9042135_A2_4_7704796e8750	GSE299623	Endometrial carcinosarcoma	mixed_mesenchymal_malignancy	GSE299623_GSM9042135_A2_4_7704796e8750::2	438	0.002367891138419509	0.03749561972916107	0.0	121	0.0	non_malignant
GSE299623|GSM9042135_A2_4	GSE299623_GSM9042135_A2_4_7704796e8750	GSE299623	Endometrial carcinosarcoma	mixed_mesenchymal_malignancy	GSE299623_GSM9042135_A2_4_7704796e8750::3	22	0.00017421784286852926	0.03749561972916107	0.0	1	0.0	non_malignant
GSE299623|GSM9042136_B2_5	GSE299623_GSM9042136_B2_5_25ca4571ea4d	GSE299623	Endometrial carcinosarcoma	mixed_mesenchymal_malignancy	GSE299623_GSM9042136_B2_5_25ca4571ea4d::1	4782	7.66261962326098e-07	0.04395120073109854	0.0	4479	0.005135074793480687	uncertain
GSE299623|GSM9042136_B2_5	GSE299623_GSM9042136_B2_5_25ca4571ea4d	GSE299623	Endometrial carcinosarcoma	mixed_mesenchymal_malignancy	GSE299623_GSM9042136_B2_5_25ca4571ea4d::0	10744	0.04809590056538582	0.04395120073109854	0.42339910647803425	10727	0.7334762748205463	malignant
GSE299623|GSM9042136_B2_5	GSE299623_GSM9042136_B2_5_25ca4571ea4d	GSE299623	Endometrial carcinosarcoma	mixed_mesenchymal_malignancy	GSE299623_GSM9042136_B2_5_25ca4571ea4d::2	1453	0.0016448074020445347	0.04395120073109854	0.0	1400	0.055	uncertain
GSE299623|GSM9042137_D2_15	GSE299623_GSM9042137_D2_15_53842f081f18	GSE299623	Endometrial carcinosarcoma	mixed_mesenchymal_malignancy	GSE299623_GSM9042137_D2_15_53842f081f18::0	7870	0.05508895218372345	0.09818993166089077	0.19479034307496823	7818	0.848938347403428	malignant
GSE299623|GSM9042137_D2_15	GSE299623_GSM9042137_D2_15_53842f081f18	GSE299623	Endometrial carcinosarcoma	mixed_mesenchymal_malignancy	GSE299623_GSM9042137_D2_15_53842f081f18::1	3032	1.2318708968450665e-06	0.09818993166089077	0.0	2770	0.05415162454873646	uncertain
GSE299623|GSM9042137_D2_15	GSE299623_GSM9042137_D2_15_53842f081f18	GSE299623	Endometrial carcinosarcoma	mixed_mesenchymal_malignancy	GSE299623_GSM9042137_D2_15_53842f081f18::3	869	0.005098502151668072	0.09818993166089077	0.0	690	0.042028985507246375	uncertain
GSE299623|GSM9042137_D2_15	GSE299623_GSM9042137_D2_15_53842f081f18	GSE299623	Endometrial carcinosarcoma	mixed_mesenchymal_malignancy	GSE299623_GSM9042137_D2_15_53842f081f18::2	1162	0.0032231698278337717	0.09818993166089077	0.0	1052	0.2623574144486692	uncertain
GSE299623|GSM9042138_C2_10	GSE299623_GSM9042138_C2_10_63c841590f7d	GSE299623	Endometrial carcinosarcoma	mixed_mesenchymal_malignancy	GSE299623_GSM9042138_C2_10_63c841590f7d::0	3454	0.041083306074142456	0.0779699685424566	0.15865662999420962	3453	0.5505357660005792	malignant
GSE299623|GSM9042138_C2_10	GSE299623_GSM9042138_C2_10_63c841590f7d	GSE299623	Endometrial carcinosarcoma	mixed_mesenchymal_malignancy	GSE299623_GSM9042138_C2_10_63c841590f7d::2	1052	0.005752000492066145	0.0779699685424566	0.0	1015	0.002955665024630542	uncertain
GSE299623|GSM9042138_C2_10	GSE299623_GSM9042138_C2_10_63c841590f7d	GSE299623	Endometrial carcinosarcoma	mixed_mesenchymal_malignancy	GSE299623_GSM9042138_C2_10_63c841590f7d::1	1298	0.004717002622783184	0.0779699685424566	0.0007704160246533128	1276	0.014890282131661442	uncertain
GSE299623|GSM9042138_C2_10	GSE299623_GSM9042138_C2_10_63c841590f7d	GSE299623	Endometrial carcinosarcoma	mixed_mesenchymal_malignancy	GSE299623_GSM9042138_C2_10_63c841590f7d::3	584	2.6860957405006047e-06	0.0779699685424566	0.0	562	0.0	non_malignant
GSE299623|GSM9042139_C2_11	GSE299623_GSM9042139_C2_11_c779ddc770b7	GSE299623	Endometrial carcinosarcoma	mixed_mesenchymal_malignancy	GSE299623_GSM9042139_C2_11_c779ddc770b7::1	2484	0.008984087035059929	0.040833004936575906	0.0008051529790660225	2420	0.03884297520661157	uncertain
GSE299623|GSM9042139_C2_11	GSE299623_GSM9042139_C2_11_c779ddc770b7	GSE299623	Endometrial carcinosarcoma	mixed_mesenchymal_malignancy	GSE299623_GSM9042139_C2_11_c779ddc770b7::0	6477	0.022059619426727295	0.040833004936575906	0.14173228346456693	6454	0.5647660365664704	malignant
GSE299623|GSM9042139_C2_11	GSE299623_GSM9042139_C2_11_c779ddc770b7	GSE299623	Endometrial carcinosarcoma	mixed_mesenchymal_malignancy	GSE299623_GSM9042139_C2_11_c779ddc770b7::2	693	0.005232201423496008	0.040833004936575906	0.0	684	0.06725146198830409	uncertain
GSE299623|GSM9042139_C2_11	GSE299623_GSM9042139_C2_11_c779ddc770b7	GSE299623	Endometrial carcinosarcoma	mixed_mesenchymal_malignancy	GSE299623_GSM9042139_C2_11_c779ddc770b7::3	217	0.00035512258182279766	0.040833004936575906	0.0	204	0.0196078431372549	uncertain
GSE190597|P1	GSE190597_P1_72e88f36025b	GSE190597	Pleural mesothelioma	mixed_mesenchymal_malignancy	GSE190597_P1_72e88f36025b::1	543	0.024832813069224358	0.03478539392352099	0.18968692449355432	514	0.22762645914396887	uncertain
GSE190597|P1	GSE190597_P1_72e88f36025b	GSE190597	Pleural mesothelioma	mixed_mesenchymal_malignancy	GSE190597_P1_72e88f36025b::0	1554	0.04046351835131645	0.03478539392352099	0.676962676962677	1554	0.001287001287001287	malignant
GSE190597|P11	GSE190597_P11_3392c5111ee9	GSE190597	Pleural mesothelioma	mixed_mesenchymal_malignancy	GSE190597_P11_3392c5111ee9::0	522	0.021554866805672646	0.033500169813632956	0.22796934865900384	516	0.5445736434108527	malignant
GSE190597|P11	GSE190597_P11_3392c5111ee9	GSE190597	Pleural mesothelioma	mixed_mesenchymal_malignancy	GSE190597_P11_3392c5111ee9::1	326	0.006337217055261135	0.033500169813632956	0.012269938650306749	286	0.9790209790209791	malignant
GSE190597|P11	GSE190597_P11_3392c5111ee9	GSE190597	Pleural mesothelioma	mixed_mesenchymal_malignancy	GSE190597_P11_3392c5111ee9::2	282	0.09588303416967392	0.033500169813632956	1.0	282	0.0035460992907801418	malignant
GSE190597|P11	GSE190597_P11_3392c5111ee9	GSE190597	Pleural mesothelioma	mixed_mesenchymal_malignancy	GSE190597_P11_3392c5111ee9::3	159	0.10096868127584457	0.033500169813632956	1.0	159	1.0	malignant
GSE190597|P12	GSE190597_P12_b3668cefb083	GSE190597	Pleural mesothelioma	mixed_mesenchymal_malignancy	GSE190597_P12_b3668cefb083::0	686	0.0678509995341301	0.030652960501611246	0.8440233236151603	686	0.597667638483965	malignant
GSE190597|P12	GSE190597_P12_b3668cefb083	GSE190597	Pleural mesothelioma	mixed_mesenchymal_malignancy	GSE190597_P12_b3668cefb083::2	163	0.0058358502574265	0.030652960501611246	0.03680981595092025	125	0.0	non_malignant
GSE190597|P12	GSE190597_P12_b3668cefb083	GSE190597	Pleural mesothelioma	mixed_mesenchymal_malignancy	GSE190597_P12_b3668cefb083::1	229	2.1760366507805884e-05	0.030652960501611246	0.0	102	0.0	non_malignant
GSE190597|P13	GSE190597_P13_38927cc3a33c	GSE190597	Pleural mesothelioma	mixed_mesenchymal_malignancy	GSE190597_P13_38927cc3a33c::0	372	0.01448433380573988	0.05053885608911514	0.0456989247311828	256	0.18359375	uncertain
GSE190597|P13	GSE190597_P13_38927cc3a33c	GSE190597	Pleural mesothelioma	mixed_mesenchymal_malignancy	GSE190597_P13_38927cc3a33c::1	351	0.04968855157494545	0.05053885608911514	0.42735042735042733	351	0.7549857549857549	malignant
GSE190597|P2	GSE190597_P2_cdb637b18c19	GSE190597	Pleural mesothelioma	mixed_mesenchymal_malignancy	GSE190597_P2_cdb637b18c19::1	1654	0.06772404909133911	0.010853851633146375	0.9818621523579202	1654	0.9915356711003628	malignant
GSE190597|P2	GSE190597_P2_cdb637b18c19	GSE190597	Pleural mesothelioma	mixed_mesenchymal_malignancy	GSE190597_P2_cdb637b18c19::0	2550	0.05060682073235512	0.010853851633146375	0.9250980392156862	2547	0.9748723989006675	malignant
GSE190597|P2	GSE190597_P2_cdb637b18c19	GSE190597	Pleural mesothelioma	mixed_mesenchymal_malignancy	GSE190597_P2_cdb637b18c19::2	1222	1.144519956142176e-05	0.010853851633146375	0.0	526	0.11026615969581749	uncertain
GSE190597|P3	GSE190597_P3_5d2ff8f86d77	GSE190597	Pleural mesothelioma	mixed_mesenchymal_malignancy	GSE190597_P3_5d2ff8f86d77::0	176	0.026206927374005318	0.05614620149135591	0.14204545454545456	0		non_malignant
GSE190597|P4	GSE190597_P4_455cd5e59267	GSE190597	Pleural mesothelioma	mixed_mesenchymal_malignancy	GSE190597_P4_455cd5e59267::1	2654	0.005695665255188942	0.012102594301104514	0.09005275056518462	2437	0.27041444398851044	uncertain
GSE190597|P4	GSE190597_P4_455cd5e59267	GSE190597	Pleural mesothelioma	mixed_mesenchymal_malignancy	GSE190597_P4_455cd5e59267::0	6790	0.025851480662822723	0.012102594301104514	0.8273932253313696	6753	0.574115208055679	malignant
GSE190597|P4	GSE190597_P4_455cd5e59267	GSE190597	Pleural mesothelioma	mixed_mesenchymal_malignancy	GSE190597_P4_455cd5e59267::3	311	0.001878855749964714	0.012102594301104514	0.003215434083601286	163	0.012269938650306749	uncertain
GSE190597|P4	GSE190597_P4_455cd5e59267	GSE190597	Pleural mesothelioma	mixed_mesenchymal_malignancy	GSE190597_P4_455cd5e59267::2	528	0.00017637741984799504	0.012102594301104514	0.0	315	0.025396825396825397	uncertain
GSE190597|P4	GSE190597_P4_455cd5e59267	GSE190597	Pleural mesothelioma	mixed_mesenchymal_malignancy	GSE190597_P4_455cd5e59267::4	18	0.00032623831066302955	0.012102594301104514	0.0	12	0.25	uncertain
GSE190597|P5	GSE190597_P5_65f512faf7a8	GSE190597	Pleural mesothelioma	mixed_mesenchymal_malignancy	GSE190597_P5_65f512faf7a8::0	2732	0.049997858703136444	0.0044921597978100185	0.9553440702781845	2725	0.6972477064220184	malignant
GSE190597|P5	GSE190597_P5_65f512faf7a8	GSE190597	Pleural mesothelioma	mixed_mesenchymal_malignancy	GSE190597_P5_65f512faf7a8::1	244	0.0002562787849456072	0.0044921597978100185	0.00819672131147541	139	0.0	non_malignant
GSE190597|P6	GSE190597_P6_72b98dac4bfb	GSE190597	Pleural mesothelioma	mixed_mesenchymal_malignancy	GSE190597_P6_72b98dac4bfb::3	91	0.0005767325637862086	0.03324999388307333	0.0	37	0.0	non_malignant
GSE190597|P6	GSE190597_P6_72b98dac4bfb	GSE190597	Pleural mesothelioma	mixed_mesenchymal_malignancy	GSE190597_P6_72b98dac4bfb::2	596	0.04375379905104637	0.03324999388307333	0.37919463087248323	543	0.35174953959484345	uncertain
GSE190597|P6	GSE190597_P6_72b98dac4bfb	GSE190597	Pleural mesothelioma	mixed_mesenchymal_malignancy	GSE190597_P6_72b98dac4bfb::1	621	0.08271021395921707	0.03324999388307333	0.9919484702093397	621	0.008051529790660225	malignant
GSE190597|P6	GSE190597_P6_72b98dac4bfb	GSE190597	Pleural mesothelioma	mixed_mesenchymal_malignancy	GSE190597_P6_72b98dac4bfb::0	690	0.06525949388742447	0.03324999388307333	0.9782608695652174	690	0.004347826086956522	malignant
GSE190597|P7	GSE190597_P7_d0a945e00bff	GSE190597	Pleural mesothelioma	mixed_mesenchymal_malignancy	GSE190597_P7_d0a945e00bff::1	192	0.09716679900884628	0.02931375747546555	1.0	192	0.734375	malignant
GSE190597|P7	GSE190597_P7_d0a945e00bff	GSE190597	Pleural mesothelioma	mixed_mesenchymal_malignancy	GSE190597_P7_d0a945e00bff::2	137	0.04795679822564125	0.02931375747546555	0.9927007299270073	137	0.0	malignant
GSE190597|P7	GSE190597_P7_d0a945e00bff	GSE190597	Pleural mesothelioma	mixed_mesenchymal_malignancy	GSE190597_P7_d0a945e00bff::0	193	0.014515328221023083	0.02931375747546555	0.09326424870466321	133	0.0	non_malignant
GSE190597|P8	GSE190597_P8_a840a2b4621a	GSE190597	Pleural mesothelioma	mixed_mesenchymal_malignancy	GSE190597_P8_a840a2b4621a::0	3601	0.02652582712471485	0.0075613528862595565	0.897528464315468	3599	0.3584328980272298	malignant
GSE190597|P8	GSE190597_P8_a840a2b4621a	GSE190597	Pleural mesothelioma	mixed_mesenchymal_malignancy	GSE190597_P8_a840a2b4621a::1	132	0.00011737261957023293	0.0075613528862595565	0.0	106	0.05660377358490566	uncertain
GSE190597|P9	GSE190597_P9_952f136abd2c	GSE190597	Pleural mesothelioma	mixed_mesenchymal_malignancy	GSE190597_P9_952f136abd2c::1	39	0.007846140302717686	0.04002806100994364	0.0	0		non_malignant
GSE190597|P9	GSE190597_P9_952f136abd2c	GSE190597	Pleural mesothelioma	mixed_mesenchymal_malignancy	GSE190597_P9_952f136abd2c::0	143	0.05497444421052933	0.04002806100994364	0.7972027972027972	0		malignant
GSE116256|AML210A-D0	GSE116256_AML210A-D0_bf2388ccb126	GSE116256	Acute myeloid leukemia	myeloid_malignancy	GSE116256_AML210A-D0_bf2388ccb126::0	378	0.012393545359373093	0.01534687438979752	0.26455026455026454	247	0.27530364372469635	uncertain
GSE116256|AML210A-D0	GSE116256_AML210A-D0_bf2388ccb126	GSE116256	Acute myeloid leukemia	myeloid_malignancy	GSE116256_AML210A-D0_bf2388ccb126::1	135	0.008012993261218071	0.01534687438979752	0.0962962962962963	80	0.675	malignant
GSE116256|AML328-D0	GSE116256_AML328-D0_4fc464480ddf	GSE116256	Acute myeloid leukemia	myeloid_malignancy	GSE116256_AML328-D0_4fc464480ddf::1	244	0.009835043922066689	0.009740425273776054	0.36475409836065575	174	0.9482758620689655	malignant
GSE116256|AML328-D0	GSE116256_AML328-D0_4fc464480ddf	GSE116256	Acute myeloid leukemia	myeloid_malignancy	GSE116256_AML328-D0_4fc464480ddf::2	200	0.002304709516465664	0.009740425273776054	0.025	101	0.32673267326732675	uncertain
GSE116256|AML328-D0	GSE116256_AML328-D0_4fc464480ddf	GSE116256	Acute myeloid leukemia	myeloid_malignancy	GSE116256_AML328-D0_4fc464480ddf::0	396	0.01723434403538704	0.009740425273776054	0.5833333333333334	347	0.07204610951008646	uncertain
GSE116256|AML328-D113	GSE116256_AML328-D113_58c5ed495c2c	GSE116256	Acute myeloid leukemia	myeloid_malignancy	GSE116256_AML328-D113_58c5ed495c2c::0	158	0.016677048057317734	0.02539930628612628	0.18354430379746836	106	0.2358490566037736	uncertain
GSE116256|AML328-D113	GSE116256_AML328-D113_58c5ed495c2c	GSE116256	Acute myeloid leukemia	myeloid_malignancy	GSE116256_AML328-D113_58c5ed495c2c::1	95	0.02484852634370327	0.02539930628612628	0.42105263157894735	86	0.0	uncertain
GSE116256|AML328-D171	GSE116256_AML328-D171_c1aeaa8d1173	GSE116256	Acute myeloid leukemia	myeloid_malignancy	GSE116256_AML328-D171_c1aeaa8d1173::1	81	0.006369884591549635	0.020977009236812602	0.07407407407407407	45	0.08888888888888889	uncertain
GSE116256|AML328-D171	GSE116256_AML328-D171_c1aeaa8d1173	GSE116256	Acute myeloid leukemia	myeloid_malignancy	GSE116256_AML328-D171_c1aeaa8d1173::0	148	0.02655433677136898	0.020977009236812602	0.4864864864864865	135	0.7333333333333333	malignant
GSE116256|AML328-D29	GSE116256_AML328-D29_01a1bd76f726	GSE116256	Acute myeloid leukemia	myeloid_malignancy	GSE116256_AML328-D29_01a1bd76f726::0	1142	0.015458542853593826	0.0155261550657452	0.340630472854641	1032	0.5310077519379846	malignant
GSE116256|AML328-D29	GSE116256_AML328-D29_01a1bd76f726	GSE116256	Acute myeloid leukemia	myeloid_malignancy	GSE116256_AML328-D29_01a1bd76f726::1	201	0.00037201508530415595	0.0155261550657452	0.0	91	0.03296703296703297	uncertain
GSE116256|AML329-D0	GSE116256_AML329-D0_26c29d39af0b	GSE116256	Acute myeloid leukemia	myeloid_malignancy	GSE116256_AML329-D0_26c29d39af0b::0	350	0.01356836874037981	0.016926146540790808	0.27714285714285714	227	0.6740088105726872	malignant
GSE116256|AML329-D0	GSE116256_AML329-D0_26c29d39af0b	GSE116256	Acute myeloid leukemia	myeloid_malignancy	GSE116256_AML329-D0_26c29d39af0b::1	30	0.004959078039973974	0.016926146540790808	0.03333333333333333	13	0.15384615384615385	uncertain
GSE116256|AML329-D20	GSE116256_AML329-D20_44adedb940a7	GSE116256	Acute myeloid leukemia	myeloid_malignancy	GSE116256_AML329-D20_44adedb940a7::0	476	0.01671198382973671	0.01740220865234733	0.33613445378151263	430	0.4046511627906977	uncertain
GSE116256|AML329-D20	GSE116256_AML329-D20_44adedb940a7	GSE116256	Acute myeloid leukemia	myeloid_malignancy	GSE116256_AML329-D20_44adedb940a7::1	283	0.0032098288647830486	0.01740220865234733	0.014134275618374558	152	0.6907894736842105	malignant
GSE116256|AML420B-D0	GSE116256_AML420B-D0_4f0e571482ee	GSE116256	Acute myeloid leukemia	myeloid_malignancy	GSE116256_AML420B-D0_4f0e571482ee::0	308	0.011106634512543678	0.027011164519935772	0.12337662337662338	171	0.05847953216374269	uncertain
GSE116256|AML420B-D35	GSE116256_AML420B-D35_1df244525dca	GSE116256	Acute myeloid leukemia	myeloid_malignancy	GSE116256_AML420B-D35_1df244525dca::0	375	0.00814294908195734	0.021298200041055624	0.04533333333333334	275	0.05090909090909091	uncertain
GSE116256|AML420B-D35	GSE116256_AML420B-D35_1df244525dca	GSE116256	Acute myeloid leukemia	myeloid_malignancy	GSE116256_AML420B-D35_1df244525dca::2	48	0.04899464175105095	0.021298200041055624	1.0	48	0.4791666666666667	malignant
GSE116256|AML420B-D35	GSE116256_AML420B-D35_1df244525dca	GSE116256	Acute myeloid leukemia	myeloid_malignancy	GSE116256_AML420B-D35_1df244525dca::1	69	0.0038686287589371204	0.021298200041055624	0.014492753623188406	37	0.21621621621621623	uncertain
GSE116256|AML556-D0	GSE116256_AML556-D0_46638519690f	GSE116256	Acute myeloid leukemia	myeloid_malignancy	GSE116256_AML556-D0_46638519690f::0	2098	0.011412168852984905	0.044295875169336765	0.016682554814108675	1366	0.3162518301610542	uncertain
GSE116256|AML556-D15	GSE116256_AML556-D15_e9dfeaa72f5e	GSE116256	Acute myeloid leukemia	myeloid_malignancy	GSE116256_AML556-D15_e9dfeaa72f5e::0	49	0.05087976157665253	0.035945310257375254	0.7346938775510204	0		malignant
GSE116256|AML556-D15	GSE116256_AML556-D15_e9dfeaa72f5e	GSE116256	Acute myeloid leukemia	myeloid_malignancy	GSE116256_AML556-D15_e9dfeaa72f5e::1	45	0.010109838098287582	0.035945310257375254	0.0	0		non_malignant
GSE116256|AML556-D31	GSE116256_AML556-D31_c730f6a000b1	GSE116256	Acute myeloid leukemia	myeloid_malignancy	GSE116256_AML556-D31_c730f6a000b1::2	337	0.00826743058860302	0.021245141886174684	0.008902077151335312	211	0.985781990521327	malignant
GSE116256|AML556-D31	GSE116256_AML556-D31_c730f6a000b1	GSE116256	Acute myeloid leukemia	myeloid_malignancy	GSE116256_AML556-D31_c730f6a000b1::0	442	0.01997196488082409	0.021245141886174684	0.38235294117647056	347	0.5014409221902018	malignant
GSE116256|AML556-D31	GSE116256_AML556-D31_c730f6a000b1	GSE116256	Acute myeloid leukemia	myeloid_malignancy	GSE116256_AML556-D31_c730f6a000b1::1	338	0.004842613358050585	0.021245141886174684	0.0	131	0.5572519083969466	malignant
GSE116256|AML707B-D113	GSE116256_AML707B-D113_1a965549e456	GSE116256	Acute myeloid leukemia	myeloid_malignancy	GSE116256_AML707B-D113_1a965549e456::0	182	0.030883075669407845	0.02200216373428704	0.4725274725274725	174	0.3160919540229885	uncertain
GSE116256|AML707B-D113	GSE116256_AML707B-D113_1a965549e456	GSE116256	Acute myeloid leukemia	myeloid_malignancy	GSE116256_AML707B-D113_1a965549e456::1	101	0.0019891224801540375	0.02200216373428704	0.0	47	0.02127659574468085	uncertain
GSE116256|AML707B-D18	GSE116256_AML707B-D18_787a1deef1d0	GSE116256	Acute myeloid leukemia	myeloid_malignancy	GSE116256_AML707B-D18_787a1deef1d0::0	89	0.022045647725462914	0.03230752825736996	0.23595505617977527	0		uncertain
GSE116256|AML707B-D41	GSE116256_AML707B-D41_2c5f2669c64f	GSE116256	Acute myeloid leukemia	myeloid_malignancy	GSE116256_AML707B-D41_2c5f2669c64f::0	157	0.010904958471655846	0.02028272168710827	0.05732484076433121	115	0.9652173913043478	malignant
GSE116256|AML707B-D41	GSE116256_AML707B-D41_2c5f2669c64f	GSE116256	Acute myeloid leukemia	myeloid_malignancy	GSE116256_AML707B-D41_2c5f2669c64f::1	97	0.009154070168733597	0.02028272168710827	0.10309278350515463	51	0.2549019607843137	uncertain
GSE116256|AML921A-D0	GSE116256_AML921A-D0_78cc83a998db	GSE116256	Acute myeloid leukemia	myeloid_malignancy	GSE116256_AML921A-D0_78cc83a998db::1	595	0.007392726372927427	0.01900392794050283	0.04201680672268908	406	0.11822660098522167	uncertain
GSE116256|AML921A-D0	GSE116256_AML921A-D0_78cc83a998db	GSE116256	Acute myeloid leukemia	myeloid_malignancy	GSE116256_AML921A-D0_78cc83a998db::0	2269	0.011020364239811897	0.01900392794050283	0.18510356985456147	1849	0.3948080043266631	uncertain
GSE116256|AML921A-D0	GSE116256_AML921A-D0_78cc83a998db	GSE116256	Acute myeloid leukemia	myeloid_malignancy	GSE116256_AML921A-D0_78cc83a998db::2	547	0.001151606673374772	0.01900392794050283	0.0	209	0.22488038277511962	uncertain
GSE256136|GSM8086245_N2	GSE256136_GSM8086245_N2_16ed80679898	GSE256136	Pancreatic neuroendocrine tumor	neuroendocrine_malignancy	GSE256136_GSM8086245_N2_16ed80679898::0	364	0.019014811143279076	0.016431336663663382	0.5164835164835165	355	0.6338028169014085	malignant
GSE256136|GSM8086246_N3	GSE256136_GSM8086246_N3_e3ad8718f17e	GSE256136	Pancreatic neuroendocrine tumor	neuroendocrine_malignancy	GSE256136_GSM8086246_N3_e3ad8718f17e::0	288	0.019878659397363663	0.029754160903394222	0.2013888888888889	269	0.7843866171003717	malignant
GSE256136|GSM8086246_N3	GSE256136_GSM8086246_N3_e3ad8718f17e	GSE256136	Pancreatic neuroendocrine tumor	neuroendocrine_malignancy	GSE256136_GSM8086246_N3_e3ad8718f17e::1	55	0.003960787784308195	0.029754160903394222	0.0	28	0.07142857142857142	uncertain
GSE256136|GSM8086246_N3	GSE256136_GSM8086246_N3_e3ad8718f17e	GSE256136	Pancreatic neuroendocrine tumor	neuroendocrine_malignancy	GSE256136_GSM8086246_N3_e3ad8718f17e::2	25	0.001273716683499515	0.029754160903394222	0.0	9	0.2222222222222222	uncertain
GSE256136|GSM8086247_N10	GSE256136_GSM8086247_N10_98b2164be7dd	GSE256136	Pancreatic neuroendocrine tumor	neuroendocrine_malignancy	GSE256136_GSM8086247_N10_98b2164be7dd::0	2482	0.015513681806623936	0.022809979375451806	0.23972602739726026	2396	0.2491652754590985	uncertain
GSE256136|GSM8086247_N10	GSE256136_GSM8086247_N10_98b2164be7dd	GSE256136	Pancreatic neuroendocrine tumor	neuroendocrine_malignancy	GSE256136_GSM8086247_N10_98b2164be7dd::1	394	0.0013627890730276704	0.022809979375451806	0.0	257	0.0038910505836575876	uncertain
GSE256136|GSM8086247_N10	GSE256136_GSM8086247_N10_98b2164be7dd	GSE256136	Pancreatic neuroendocrine tumor	neuroendocrine_malignancy	GSE256136_GSM8086247_N10_98b2164be7dd::2	291	9.075930393009912e-06	0.022809979375451806	0.0	111	0.0	non_malignant
GSE256136|GSM8086248_T1	GSE256136_GSM8086248_T1_ee947de2e6b8	GSE256136	Pancreatic neuroendocrine tumor	neuroendocrine_malignancy	GSE256136_GSM8086248_T1_ee947de2e6b8::0	1250	0.030383113771677017	0.029986171480268168	0.4784	1249	0.8374699759807847	malignant
GSE256136|GSM8086248_T1	GSE256136_GSM8086248_T1_ee947de2e6b8	GSE256136	Pancreatic neuroendocrine tumor	neuroendocrine_malignancy	GSE256136_GSM8086248_T1_ee947de2e6b8::1	434	0.0032704579643905163	0.029986171480268168	0.0	177	0.1016949152542373	uncertain
GSE256136|GSM8086249_T10	GSE256136_GSM8086249_T10_e9162fbaf3dc	GSE256136	Pancreatic neuroendocrine tumor	neuroendocrine_malignancy	GSE256136_GSM8086249_T10_e9162fbaf3dc::0	814	0.06834772229194641	0.005099024623632431	1.0	814	0.995085995085995	malignant
GSE256136|GSM8086249_T10	GSE256136_GSM8086249_T10_e9162fbaf3dc	GSE256136	Pancreatic neuroendocrine tumor	neuroendocrine_malignancy	GSE256136_GSM8086249_T10_e9162fbaf3dc::1	294	0.0003062862087972462	0.005099024623632431	0.02040816326530612	136	0.022058823529411766	uncertain
GSE256136|GSM8086250_T11	GSE256136_GSM8086250_T11_5553dfd54553	GSE256136	Pancreatic neuroendocrine tumor	neuroendocrine_malignancy	GSE256136_GSM8086250_T11_5553dfd54553::4	450	0.0028183101676404476	0.026802080757915986	0.0	28	0.0	non_malignant
GSE256136|GSM8086250_T11	GSE256136_GSM8086250_T11_5553dfd54553	GSE256136	Pancreatic neuroendocrine tumor	neuroendocrine_malignancy	GSE256136_GSM8086250_T11_5553dfd54553::0	2096	0.010086835362017155	0.026802080757915986	0.019561068702290078	1754	0.06328392246294184	uncertain
GSE256136|GSM8086250_T11	GSE256136_GSM8086250_T11_5553dfd54553	GSE256136	Pancreatic neuroendocrine tumor	neuroendocrine_malignancy	GSE256136_GSM8086250_T11_5553dfd54553::6	295	0.0024977242574095726	0.026802080757915986	0.0	12	0.0	non_malignant
GSE256136|GSM8086250_T11	GSE256136_GSM8086250_T11_5553dfd54553	GSE256136	Pancreatic neuroendocrine tumor	neuroendocrine_malignancy	GSE256136_GSM8086250_T11_5553dfd54553::2	1194	0.0023805731907486916	0.026802080757915986	0.0	199	0.0	non_malignant
GSE256136|GSM8086250_T11	GSE256136_GSM8086250_T11_5553dfd54553	GSE256136	Pancreatic neuroendocrine tumor	neuroendocrine_malignancy	GSE256136_GSM8086250_T11_5553dfd54553::3	1100	0.05111125484108925	0.026802080757915986	0.9318181818181818	1100	0.8209090909090909	malignant
GSE256136|GSM8086250_T11	GSE256136_GSM8086250_T11_5553dfd54553	GSE256136	Pancreatic neuroendocrine tumor	neuroendocrine_malignancy	GSE256136_GSM8086250_T11_5553dfd54553::1	1789	0.003961438313126564	0.026802080757915986	0.0	562	0.0	non_malignant
GSE256136|GSM8086250_T11	GSE256136_GSM8086250_T11_5553dfd54553	GSE256136	Pancreatic neuroendocrine tumor	neuroendocrine_malignancy	GSE256136_GSM8086250_T11_5553dfd54553::5	414	0.00303449435159564	0.026802080757915986	0.0	19	0.0	non_malignant
GSE256136|GSM8086251_T12	GSE256136_GSM8086251_T12_9fef55641427	GSE256136	Pancreatic neuroendocrine tumor	neuroendocrine_malignancy	GSE256136_GSM8086251_T12_9fef55641427::0	87	0.023487642407417297	0.02996434224769472	0.20689655172413793	0		uncertain
GSE256136|GSM8086252_T13	GSE256136_GSM8086252_T13_609b533ef83c	GSE256136	Pancreatic neuroendocrine tumor	neuroendocrine_malignancy	GSE256136_GSM8086252_T13_609b533ef83c::0	215	0.03474908322095871	0.03328393306583166	0.5023255813953489	215	0.3674418604651163	uncertain
GSE256136|GSM8086252_T13	GSE256136_GSM8086252_T13_609b533ef83c	GSE256136	Pancreatic neuroendocrine tumor	neuroendocrine_malignancy	GSE256136_GSM8086252_T13_609b533ef83c::1	124	0.005409370642155409	0.03328393306583166	0.0	49	0.0	non_malignant
GSE256136|GSM8086253_T14	GSE256136_GSM8086253_T14_712f33f36c15	GSE256136	Pancreatic neuroendocrine tumor	neuroendocrine_malignancy	GSE256136_GSM8086253_T14_712f33f36c15::1	1326	1.609614810149651e-05	0.0223809460178014	0.0	100	0.0	non_malignant
GSE256136|GSM8086253_T14	GSE256136_GSM8086253_T14_712f33f36c15	GSE256136	Pancreatic neuroendocrine tumor	neuroendocrine_malignancy	GSE256136_GSM8086253_T14_712f33f36c15::0	1914	0.06732455641031265	0.0223809460178014	0.8406478578892372	1785	0.892436974789916	malignant
GSE256136|GSM8086253_T14	GSE256136_GSM8086253_T14_712f33f36c15	GSE256136	Pancreatic neuroendocrine tumor	neuroendocrine_malignancy	GSE256136_GSM8086253_T14_712f33f36c15::5	39	0.0011750169796869159	0.0223809460178014	0.0	2	0.0	non_malignant
GSE256136|GSM8086253_T14	GSE256136_GSM8086253_T14_712f33f36c15	GSE256136	Pancreatic neuroendocrine tumor	neuroendocrine_malignancy	GSE256136_GSM8086253_T14_712f33f36c15::3	136	0.0008989203488454223	0.0223809460178014	0.0	15	0.0	non_malignant
GSE256136|GSM8086253_T14	GSE256136_GSM8086253_T14_712f33f36c15	GSE256136	Pancreatic neuroendocrine tumor	neuroendocrine_malignancy	GSE256136_GSM8086253_T14_712f33f36c15::2	324	0.000284383277175948	0.0223809460178014	0.0	19	0.0	non_malignant
GSE256136|GSM8086253_T14	GSE256136_GSM8086253_T14_712f33f36c15	GSE256136	Pancreatic neuroendocrine tumor	neuroendocrine_malignancy	GSE256136_GSM8086253_T14_712f33f36c15::6	32	0.0011696729343384504	0.0223809460178014	0.0	8	0.0	non_malignant
GSE256136|GSM8086253_T14	GSE256136_GSM8086253_T14_712f33f36c15	GSE256136	Pancreatic neuroendocrine tumor	neuroendocrine_malignancy	GSE256136_GSM8086253_T14_712f33f36c15::4	77	0.0005695532890968025	0.0223809460178014	0.0	4	0.0	non_malignant
GSE256136|GSM8086254_T15	GSE256136_GSM8086254_T15_bbbb89877873	GSE256136	Pancreatic neuroendocrine tumor	neuroendocrine_malignancy	GSE256136_GSM8086254_T15_bbbb89877873::0	4234	0.030417736619710922	0.018075939491391173	0.6832782239017477	4223	0.5927066066777172	malignant
GSE256136|GSM8086254_T15	GSE256136_GSM8086254_T15_bbbb89877873	GSE256136	Pancreatic neuroendocrine tumor	neuroendocrine_malignancy	GSE256136_GSM8086254_T15_bbbb89877873::1	339	0.0006303733098320663	0.018075939491391173	0.0	265	0.0	non_malignant
GSE256136|GSM8086255_T2	GSE256136_GSM8086255_T2_d1b707b05894	GSE256136	Pancreatic neuroendocrine tumor	neuroendocrine_malignancy	GSE256136_GSM8086255_T2_d1b707b05894::1	1299	2.2160802473081276e-05	0.02902773767709747	0.0	205	0.0	non_malignant
GSE256136|GSM8086255_T2	GSE256136_GSM8086255_T2_d1b707b05894	GSE256136	Pancreatic neuroendocrine tumor	neuroendocrine_malignancy	GSE256136_GSM8086255_T2_d1b707b05894::0	2331	0.05049401894211769	0.02902773767709747	0.6374946374946375	2297	0.7575097953852852	malignant
GSE256136|GSM8086256_T3	GSE256136_GSM8086256_T3_5e6f3a9ecf60	GSE256136	Pancreatic neuroendocrine tumor	neuroendocrine_malignancy	GSE256136_GSM8086256_T3_5e6f3a9ecf60::1	185	0.008950457908213139	0.05363948315381989	0.0	87	0.011494252873563218	uncertain
GSE256136|GSM8086256_T3	GSE256136_GSM8086256_T3_5e6f3a9ecf60	GSE256136	Pancreatic neuroendocrine tumor	neuroendocrine_malignancy	GSE256136_GSM8086256_T3_5e6f3a9ecf60::0	448	0.032510437071323395	0.05363948315381989	0.12723214285714285	437	0.6086956521739131	malignant
GSE256136|GSM8086258_T5	GSE256136_GSM8086258_T5_e36939f7ff00	GSE256136	Pancreatic neuroendocrine tumor	neuroendocrine_malignancy	GSE256136_GSM8086258_T5_e36939f7ff00::0	1619	0.05961998924612999	0.007534480798058196	0.9666460778258185	1618	0.3621755253399258	malignant
GSE256136|GSM8086258_T5	GSE256136_GSM8086258_T5_e36939f7ff00	GSE256136	Pancreatic neuroendocrine tumor	neuroendocrine_malignancy	GSE256136_GSM8086258_T5_e36939f7ff00::1	185	0.0007440594490617514	0.007534480798058196	0.021621621621621623	115	0.0	non_malignant
GSE256136|GSM8086260_T7	GSE256136_GSM8086260_T7_4c702728f62e	GSE256136	Pancreatic neuroendocrine tumor	neuroendocrine_malignancy	GSE256136_GSM8086260_T7_4c702728f62e::0	568	0.04006624221801758	0.024265727363526793	0.5088028169014085	482	0.8029045643153527	malignant
GSE256136|GSM8086260_T7	GSE256136_GSM8086260_T7_4c702728f62e	GSE256136	Pancreatic neuroendocrine tumor	neuroendocrine_malignancy	GSE256136_GSM8086260_T7_4c702728f62e::1	219	0.00031948802643455565	0.024265727363526793	0.0	76	0.09210526315789473	uncertain
GSE256136|GSM8086261_T8	GSE256136_GSM8086261_T8_0f14b039dcf6	GSE256136	Pancreatic neuroendocrine tumor	neuroendocrine_malignancy	GSE256136_GSM8086261_T8_0f14b039dcf6::0	142	0.01339117530733347	0.03585355788469316	0.11971830985915492	61	0.01639344262295082	uncertain
GSE256136|GSM8086261_T8	GSE256136_GSM8086261_T8_0f14b039dcf6	GSE256136	Pancreatic neuroendocrine tumor	neuroendocrine_malignancy	GSE256136_GSM8086261_T8_0f14b039dcf6::1	69	0.1453039050102234	0.03585355788469316	1.0	69	0.9710144927536232	malignant
GSE256136|GSM8086262_T9	GSE256136_GSM8086262_T9_5331bdcf5875	GSE256136	Pancreatic neuroendocrine tumor	neuroendocrine_malignancy	GSE256136_GSM8086262_T9_5331bdcf5875::0	179	0.038955654948949814	0.04031564936041833	0.40782122905027934	179	0.3240223463687151	uncertain
GSE256136|GSM8086262_T9	GSE256136_GSM8086262_T9_5331bdcf5875	GSE256136	Pancreatic neuroendocrine tumor	neuroendocrine_malignancy	GSE256136_GSM8086262_T9_5331bdcf5875::1	75	0.004684993531554937	0.04031564936041833	0.0	33	0.21212121212121213	uncertain
GSE256136|GSM8086263_H1	GSE256136_GSM8086263_H1_393d39d91211	GSE256136	Pancreatic neuroendocrine tumor	neuroendocrine_malignancy	GSE256136_GSM8086263_H1_393d39d91211::2	424	3.4440145100234076e-05	0.01893524393439288	0.0	318	0.0	non_malignant
GSE256136|GSM8086263_H1	GSE256136_GSM8086263_H1_393d39d91211	GSE256136	Pancreatic neuroendocrine tumor	neuroendocrine_malignancy	GSE256136_GSM8086263_H1_393d39d91211::0	6114	0.024415070191025734	0.01893524393439288	0.5353287536800785	6110	0.2944353518821604	uncertain
GSE256136|GSM8086263_H1	GSE256136_GSM8086263_H1_393d39d91211	GSE256136	Pancreatic neuroendocrine tumor	neuroendocrine_malignancy	GSE256136_GSM8086263_H1_393d39d91211::1	475	0.0017632917733862996	0.01893524393439288	0.0	441	0.0	non_malignant
GSE256136|GSM8086264_H2	GSE256136_GSM8086264_H2_81c50a83b668	GSE256136	Pancreatic neuroendocrine tumor	neuroendocrine_malignancy	GSE256136_GSM8086264_H2_81c50a83b668::0	6254	0.023372985422611237	0.024997225180268354	0.3887112248161177	6249	0.319091054568731	uncertain
GSE256136|GSM8086264_H2	GSE256136_GSM8086264_H2_81c50a83b668	GSE256136	Pancreatic neuroendocrine tumor	neuroendocrine_malignancy	GSE256136_GSM8086264_H2_81c50a83b668::2	924	0.006012220401316881	0.024997225180268354	0.0010822510822510823	884	0.003393665158371041	uncertain
GSE256136|GSM8086264_H2	GSE256136_GSM8086264_H2_81c50a83b668	GSE256136	Pancreatic neuroendocrine tumor	neuroendocrine_malignancy	GSE256136_GSM8086264_H2_81c50a83b668::1	1016	0.003948879428207874	0.024997225180268354	0.000984251968503937	937	0.0021344717182497333	uncertain
GSE244101|GSM7806648_KK21-H-014	GSE244101_GSM7806648_KK21-H-014_f7962f2bf515	GSE244101	Pituitary neuroendocrine tumor	neuroendocrine_malignancy	GSE244101_GSM7806648_KK21-H-014_f7962f2bf515::0	259	0.0241444893181324	0.030855433084070696	0.26640926640926643	255	0.4745098039215686	uncertain
GSE244101|GSM7806648_KK21-H-014	GSE244101_GSM7806648_KK21-H-014_f7962f2bf515	GSE244101	Pituitary neuroendocrine tumor	neuroendocrine_malignancy	GSE244101_GSM7806648_KK21-H-014_f7962f2bf515::1	194	0.0017489170422777534	0.030855433084070696	0.0	40	0.1	uncertain
GSE244101|GSM7806649_KK21-H-018	GSE244101_GSM7806649_KK21-H-018_0bd98c4fabaa	GSE244101	Pituitary neuroendocrine tumor	neuroendocrine_malignancy	GSE244101_GSM7806649_KK21-H-018_0bd98c4fabaa::0	80	0.02532164379954338	0.038517397642135576	0.1625	0		non_malignant
GSE244101|GSM7806650_KK21-H-034	GSE244101_GSM7806650_KK21-H-034_859ed73acf1b	GSE244101	Pituitary neuroendocrine tumor	neuroendocrine_malignancy	GSE244101_GSM7806650_KK21-H-034_859ed73acf1b::0	184	0.018332520499825478	0.0347674613445997	0.10326086956521739	179	0.0223463687150838	uncertain
GSE244101|GSM7806650_KK21-H-034	GSE244101_GSM7806650_KK21-H-034_859ed73acf1b	GSE244101	Pituitary neuroendocrine tumor	neuroendocrine_malignancy	GSE244101_GSM7806650_KK21-H-034_859ed73acf1b::1	43	0.060685671865940094	0.0347674613445997	0.9767441860465116	43	0.9767441860465116	malignant
GSE244101|GSM7806651_KK21-H-082	GSE244101_GSM7806651_KK21-H-082_5330abf6ff2c	GSE244101	Pituitary neuroendocrine tumor	neuroendocrine_malignancy	GSE244101_GSM7806651_KK21-H-082_5330abf6ff2c::0	263	0.04277424141764641	0.030756020843982684	0.7300380228136882	263	0.5057034220532319	malignant
GSE244101|GSM7806653_KK21-H-111	GSE244101_GSM7806653_KK21-H-111_075cf7246a56	GSE244101	Pituitary neuroendocrine tumor	neuroendocrine_malignancy	GSE244101_GSM7806653_KK21-H-111_075cf7246a56::0	55	0.03336578980088234	0.08516357019543645	0.12727272727272726	0		non_malignant
GSE244101|GSM7806656_KK21-H-036	GSE244101_GSM7806656_KK21-H-036_4faf4c5bf0fc	GSE244101	Pituitary neuroendocrine tumor	neuroendocrine_malignancy	GSE244101_GSM7806656_KK21-H-036_4faf4c5bf0fc::0	2269	0.02760319598019123	0.01916124209761617	0.6527104451300132	2232	0.5649641577060932	malignant
GSE244101|GSM7806656_KK21-H-036	GSE244101_GSM7806656_KK21-H-036_4faf4c5bf0fc	GSE244101	Pituitary neuroendocrine tumor	neuroendocrine_malignancy	GSE244101_GSM7806656_KK21-H-036_4faf4c5bf0fc::2	227	2.9560165785369463e-05	0.01916124209761617	0.0	54	0.05555555555555555	uncertain
GSE244101|GSM7806656_KK21-H-036	GSE244101_GSM7806656_KK21-H-036_4faf4c5bf0fc	GSE244101	Pituitary neuroendocrine tumor	neuroendocrine_malignancy	GSE244101_GSM7806656_KK21-H-036_4faf4c5bf0fc::1	369	0.003584891092032194	0.01916124209761617	0.0	252	0.18253968253968253	uncertain
GSE244101|GSM7806657_KK21-H-129	GSE244101_GSM7806657_KK21-H-129_900072f52af3	GSE244101	Pituitary neuroendocrine tumor	neuroendocrine_malignancy	GSE244101_GSM7806657_KK21-H-129_900072f52af3::0	1874	0.044102687388658524	0.0031783111393451696	0.9754535752401281	1872	0.5587606837606838	malignant
GSE244101|GSM7806657_KK21-H-129	GSE244101_GSM7806657_KK21-H-129_900072f52af3	GSE244101	Pituitary neuroendocrine tumor	neuroendocrine_malignancy	GSE244101_GSM7806657_KK21-H-129_900072f52af3::1	176	0.0002913563512265682	0.0031783111393451696	0.011363636363636364	132	0.0	non_malignant
GSE244101|GSM7806658_KK21-H-171	GSE244101_GSM7806658_KK21-H-171_134d607bc825	GSE244101	Pituitary neuroendocrine tumor	neuroendocrine_malignancy	GSE244101_GSM7806658_KK21-H-171_134d607bc825::1	427	0.07265100628137589	0.0588709892705083	0.7096018735362998	426	0.9741784037558685	malignant
GSE244101|GSM7806658_KK21-H-171	GSE244101_GSM7806658_KK21-H-171_134d607bc825	GSE244101	Pituitary neuroendocrine tumor	neuroendocrine_malignancy	GSE244101_GSM7806658_KK21-H-171_134d607bc825::0	545	0.011510223150253296	0.0588709892705083	0.003669724770642202	444	0.038288288288288286	uncertain
GSE244101|GSM7806658_KK21-H-171	GSE244101_GSM7806658_KK21-H-171_134d607bc825	GSE244101	Pituitary neuroendocrine tumor	neuroendocrine_malignancy	GSE244101_GSM7806658_KK21-H-171_134d607bc825::2	101	0.05140984058380127	0.0588709892705083	0.24752475247524752	101	0.0	uncertain
GSE281740|Ru1080C	GSE281740_Ru1080C_6b7d924ad5f8	GSE281740	SCLC	neuroendocrine_malignancy	GSE281740_Ru1080C_6b7d924ad5f8::0	1744	0.03938843309879303	0.011346135027706646	0.8847477064220184	1738	0.8026467203682394	malignant
GSE281740|Ru1080C	GSE281740_Ru1080C_6b7d924ad5f8	GSE281740	SCLC	neuroendocrine_malignancy	GSE281740_Ru1080C_6b7d924ad5f8::1	981	0.033118441700935364	0.011346135027706646	0.8063200815494393	972	0.09156378600823045	malignant
GSE281740|Ru1080C	GSE281740_Ru1080C_6b7d924ad5f8	GSE281740	SCLC	neuroendocrine_malignancy	GSE281740_Ru1080C_6b7d924ad5f8::2	93	0.00013482420763466507	0.011346135027706646	0.0	88	0.0	non_malignant
GSE281740|Ru1108a	GSE281740_Ru1108a_94d170d698e9	GSE281740	SCLC	neuroendocrine_malignancy	GSE281740_Ru1108a_94d170d698e9::0	3486	0.030776560306549072	0.028335047885775677	0.48967297762478484	3483	0.35544071202985933	uncertain
GSE281740|Ru1108a	GSE281740_Ru1108a_94d170d698e9	GSE281740	SCLC	neuroendocrine_malignancy	GSE281740_Ru1108a_94d170d698e9::1	167	0.0003205236862413585	0.028335047885775677	0.0	151	0.0	non_malignant
GSE281740|Ru1124A	GSE281740_Ru1124A_d7e6161af155	GSE281740	SCLC	neuroendocrine_malignancy	GSE281740_Ru1124A_d7e6161af155::0	459	0.02941676788032055	0.00632813127711415	0.9498910675381264	455	0.14725274725274726	malignant
GSE281740|Ru1124A	GSE281740_Ru1124A_d7e6161af155	GSE281740	SCLC	neuroendocrine_malignancy	GSE281740_Ru1124A_d7e6161af155::1	242	0.08946256339550018	0.00632813127711415	1.0	242	0.9710743801652892	malignant
GSE281740|Ru1124A	GSE281740_Ru1124A_d7e6161af155	GSE281740	SCLC	neuroendocrine_malignancy	GSE281740_Ru1124A_d7e6161af155::2	114	0.011330378241837025	0.00632813127711415	0.4473684210526316	101	0.0	uncertain
GSE281740|Ru1144b	GSE281740_Ru1144b_db968c0cf16e	GSE281740	SCLC	neuroendocrine_malignancy	GSE281740_Ru1144b_db968c0cf16e::0	1270	0.043993689119815826	0.005493909604847445	1.0	1268	0.4384858044164038	malignant
GSE281740|Ru1144b	GSE281740_Ru1144b_db968c0cf16e	GSE281740	SCLC	neuroendocrine_malignancy	GSE281740_Ru1144b_db968c0cf16e::1	493	0.009946970269083977	0.005493909604847445	0.6146044624746451	481	0.014553014553014554	malignant
GSE281740|Ru1144b	GSE281740_Ru1144b_db968c0cf16e	GSE281740	SCLC	neuroendocrine_malignancy	GSE281740_Ru1144b_db968c0cf16e::2	73	9.6634314104449e-05	0.005493909604847445	0.0	63	0.0	non_malignant
GSE281740|Ru1152	GSE281740_Ru1152_b079821f6c1e	GSE281740	SCLC	neuroendocrine_malignancy	GSE281740_Ru1152_b079821f6c1e::0	1261	0.06252411752939224	0.006015687100589263	0.9817605075337034	1260	0.915079365079365	malignant
GSE281740|Ru1152	GSE281740_Ru1152_b079821f6c1e	GSE281740	SCLC	neuroendocrine_malignancy	GSE281740_Ru1152_b079821f6c1e::1	51	0.0029523249249905348	0.006015687100589263	0.09803921568627451	46	0.021739130434782608	uncertain
GSE281740|Ru1195A	GSE281740_Ru1195A_cab7afef0d56	GSE281740	SCLC	neuroendocrine_malignancy	GSE281740_Ru1195A_cab7afef0d56::1	73	0.10070949047803879	0.05666925258934494	0.9041095890410958	0		malignant
GSE281740|Ru1195A	GSE281740_Ru1195A_cab7afef0d56	GSE281740	SCLC	neuroendocrine_malignancy	GSE281740_Ru1195A_cab7afef0d56::0	80	0.02012910321354866	0.05666925258934494	0.0125	0		non_malignant
GSE281740|Ru1303B	GSE281740_Ru1303B_994425cc2749	GSE281740	SCLC	neuroendocrine_malignancy	GSE281740_Ru1303B_994425cc2749::3	108	0.04071526974439621	0.02268382646143436	0.8981481481481481	108	0.0	malignant
GSE281740|Ru1303B	GSE281740_Ru1303B_994425cc2749	GSE281740	SCLC	neuroendocrine_malignancy	GSE281740_Ru1303B_994425cc2749::0	350	0.023211142048239708	0.02268382646143436	0.37142857142857144	350	0.07714285714285714	uncertain
GSE281740|Ru1303B	GSE281740_Ru1303B_994425cc2749	GSE281740	SCLC	neuroendocrine_malignancy	GSE281740_Ru1303B_994425cc2749::2	141	0.0012959444429725409	0.02268382646143436	0.0	122	0.0	non_malignant
GSE281740|Ru1303B	GSE281740_Ru1303B_994425cc2749	GSE281740	SCLC	neuroendocrine_malignancy	GSE281740_Ru1303B_994425cc2749::1	158	0.11177747696638107	0.02268382646143436	1.0	158	0.9936708860759493	malignant
GSE281740|Ru1305A	GSE281740_Ru1305A_c75b3d85dfcd	GSE281740	SCLC	neuroendocrine_malignancy	GSE281740_Ru1305A_c75b3d85dfcd::0	1056	0.06138923764228821	0.0	1.0	1055	0.9829383886255925	malignant
GSE281740|Ru1305A	GSE281740_Ru1305A_c75b3d85dfcd	GSE281740	SCLC	neuroendocrine_malignancy	GSE281740_Ru1305A_c75b3d85dfcd::1	134	0.0002415649505564943	0.0	1.0	101	0.1188118811881188	malignant
GSE281740|Ru1308g	GSE281740_Ru1308g_71748a8b90aa	GSE281740	SCLC	neuroendocrine_malignancy	GSE281740_Ru1308g_71748a8b90aa::0	2530	0.0385863296687603	0.03197110636159775	0.4956521739130435	2511	0.9024293110314616	malignant
GSE281740|Ru1308g	GSE281740_Ru1308g_71748a8b90aa	GSE281740	SCLC	neuroendocrine_malignancy	GSE281740_Ru1308g_71748a8b90aa::1	411	0.0002577264385763556	0.03197110636159775	0.0024330900243309003	353	0.1558073654390935	uncertain
GSE281740|Ru1308g	GSE281740_Ru1308g_71748a8b90aa	GSE281740	SCLC	neuroendocrine_malignancy	GSE281740_Ru1308g_71748a8b90aa::2	58	0.0007601014222018421	0.03197110636159775	0.0	58	0.1206896551724138	uncertain
GSE281740|Ru1334	GSE281740_Ru1334_f49b7475ba7f	GSE281740	SCLC	neuroendocrine_malignancy	GSE281740_Ru1334_f49b7475ba7f::0	330	0.11497770249843597	0.002816131757572265	1.0	328	0.7682926829268293	malignant
GSE281740|Ru1334	GSE281740_Ru1334_f49b7475ba7f	GSE281740	SCLC	neuroendocrine_malignancy	GSE281740_Ru1334_f49b7475ba7f::1	137	0.009184831753373146	0.002816131757572265	0.5693430656934306	132	0.0	uncertain
GSE281740|Ru1338E	GSE281740_Ru1338E_7d99bb678e87	GSE281740	SCLC	neuroendocrine_malignancy	GSE281740_Ru1338E_7d99bb678e87::0	1236	0.04751214757561684	0.02168140694499019	0.7807443365695793	1225	0.32081632653061226	malignant
GSE281740|Ru1338E	GSE281740_Ru1338E_7d99bb678e87	GSE281740	SCLC	neuroendocrine_malignancy	GSE281740_Ru1338E_7d99bb678e87::1	268	0.013956263661384583	0.02168140694499019	0.19029850746268656	264	0.0	non_malignant
GSE281740|Ru1338E	GSE281740_Ru1338E_7d99bb678e87	GSE281740	SCLC	neuroendocrine_malignancy	GSE281740_Ru1338E_7d99bb678e87::2	148	0.0009873704984784126	0.02168140694499019	0.006756756756756757	117	0.0	non_malignant
GSE281740|Ru1408a	GSE281740_Ru1408a_a196367c101a	GSE281740	SCLC	neuroendocrine_malignancy	GSE281740_Ru1408a_a196367c101a::0	616	0.09843065589666367	0.016468424145132304	1.0	615	0.991869918699187	malignant
GSE281740|Ru1408a	GSE281740_Ru1408a_a196367c101a	GSE281740	SCLC	neuroendocrine_malignancy	GSE281740_Ru1408a_a196367c101a::1	161	0.014974764548242092	0.016468424145132304	0.36024844720496896	155	0.03870967741935484	uncertain
GSE281740|Ru1408a	GSE281740_Ru1408a_a196367c101a	GSE281740	SCLC	neuroendocrine_malignancy	GSE281740_Ru1408a_a196367c101a::2	124	0.0001593488996149972	0.016468424145132304	0.0	78	0.0	non_malignant
GSE281740|Ru1408e	GSE281740_Ru1408e_952c58a61f0d	GSE281740	SCLC	neuroendocrine_malignancy	GSE281740_Ru1408e_952c58a61f0d::0	2056	0.04281847923994064	0.004750401098281123	0.9995136186770428	2054	0.5121713729308666	malignant
GSE281740|Ru1408e	GSE281740_Ru1408e_952c58a61f0d	GSE281740	SCLC	neuroendocrine_malignancy	GSE281740_Ru1408e_952c58a61f0d::1	214	0.00015606280067004263	0.004750401098281123	0.014018691588785047	35	0.0	non_malignant
GSE281740|Ru1408e	GSE281740_Ru1408e_952c58a61f0d	GSE281740	SCLC	neuroendocrine_malignancy	GSE281740_Ru1408e_952c58a61f0d::2	153	0.007037147413939238	0.004750401098281123	0.7058823529411765	148	0.02702702702702703	malignant
GSE281740|Ru1441a	GSE281740_Ru1441a_5fc41372702a	GSE281740	SCLC	neuroendocrine_malignancy	GSE281740_Ru1441a_5fc41372702a::0	1625	0.035770174115896225	0.02660010758787365	0.5950769230769231	1622	0.7096177558569667	malignant
GSE281740|Ru1441a	GSE281740_Ru1441a_5fc41372702a	GSE281740	SCLC	neuroendocrine_malignancy	GSE281740_Ru1441a_5fc41372702a::1	268	0.007915920577943325	0.02660010758787365	0.014925373134328358	262	0.11450381679389313	uncertain
GSE281740|Ru1441a	GSE281740_Ru1441a_5fc41372702a	GSE281740	SCLC	neuroendocrine_malignancy	GSE281740_Ru1441a_5fc41372702a::2	128	0.00041839160257950425	0.02660010758787365	0.0	119	0.008403361344537815	uncertain
GSE281740|Ru1449A	GSE281740_Ru1449A_46fde3290bf9	GSE281740	SCLC	neuroendocrine_malignancy	GSE281740_Ru1449A_46fde3290bf9::1	385	0.038809359073638916	0.04746083535254002	0.3246753246753247	267	0.5093632958801498	malignant
GSE281740|Ru1449A	GSE281740_Ru1449A_46fde3290bf9	GSE281740	SCLC	neuroendocrine_malignancy	GSE281740_Ru1449A_46fde3290bf9::2	156	0.0065016793087124825	0.04746083535254002	0.019230769230769232	64	0.0	non_malignant
GSE281740|Ru1449A	GSE281740_Ru1449A_46fde3290bf9	GSE281740	SCLC	neuroendocrine_malignancy	GSE281740_Ru1449A_46fde3290bf9::0	515	0.00991859845817089	0.04746083535254002	0.0	260	0.007692307692307693	uncertain
GSE281740|Ru1473a	GSE281740_Ru1473a_22a47cf3e1c7	GSE281740	SCLC	neuroendocrine_malignancy	GSE281740_Ru1473a_22a47cf3e1c7::0	1243	0.03598499298095703	0.03400902301073063	0.4489139179404666	1194	0.6876046901172529	malignant
GSE281740|Ru1473a	GSE281740_Ru1473a_22a47cf3e1c7	GSE281740	SCLC	neuroendocrine_malignancy	GSE281740_Ru1473a_22a47cf3e1c7::2	251	8.709132089279592e-05	0.03400902301073063	0.0	65	0.03076923076923077	uncertain
GSE281740|Ru1473a	GSE281740_Ru1473a_22a47cf3e1c7	GSE281740	SCLC	neuroendocrine_malignancy	GSE281740_Ru1473a_22a47cf3e1c7::4	11	0.00039417293737642467	0.03400902301073063	0.0	2	0.0	non_malignant
GSE281740|Ru1473a	GSE281740_Ru1473a_22a47cf3e1c7	GSE281740	SCLC	neuroendocrine_malignancy	GSE281740_Ru1473a_22a47cf3e1c7::3	30	0.0007058951887302101	0.03400902301073063	0.0	3	0.0	non_malignant
GSE281740|Ru1473a	GSE281740_Ru1473a_22a47cf3e1c7	GSE281740	SCLC	neuroendocrine_malignancy	GSE281740_Ru1473a_22a47cf3e1c7::1	371	0.0038423954974859953	0.03400902301073063	0.0026954177897574125	95	0.042105263157894736	uncertain
GSE281740|Ru426B	GSE281740_Ru426B_eabfad153043	GSE281740	SCLC	neuroendocrine_malignancy	GSE281740_Ru426B_eabfad153043::0	1201	0.03510941192507744	0.06213103674352158	0.17985012489592006	1159	0.25366695427092323	uncertain
GSE281740|Ru426B	GSE281740_Ru426B_eabfad153043	GSE281740	SCLC	neuroendocrine_malignancy	GSE281740_Ru426B_eabfad153043::1	194	0.0007170751341618598	0.06213103674352158	0.0	173	0.04046242774566474	uncertain
GSE281740|Ru737D	GSE281740_Ru737D_5f5086c3a33b	GSE281740	SCLC	neuroendocrine_malignancy	GSE281740_Ru737D_5f5086c3a33b::0	131	0.061482857912778854	0.036202837340533534	0.8854961832061069	131	0.030534351145038167	malignant
GSE281740|Ru737D	GSE281740_Ru737D_5f5086c3a33b	GSE281740	SCLC	neuroendocrine_malignancy	GSE281740_Ru737D_5f5086c3a33b::2	71	0.013432319276034832	0.036202837340533534	0.056338028169014086	61	0.09836065573770492	uncertain
GSE281740|Ru737D	GSE281740_Ru737D_5f5086c3a33b	GSE281740	SCLC	neuroendocrine_malignancy	GSE281740_Ru737D_5f5086c3a33b::1	81	0.08763536065816879	0.036202837340533534	0.9753086419753086	81	1.0	malignant
