sample_uid	sample_token	gse_id	cancer_type	candidate_policy	input_cells	candidate_cells	reference_cells	infercnv_status	infercnv_output_rows	copykat_status	copykat_output_rows	mapped_cells	unmapped_cells	duplicate_or_conflict_cells
GSE182109|GSM5518596_rGBM-01-A	GSE182109_GSM5518596_rGBM-01-A_b4083608de6b	GSE182109	Glioblastoma	cns_malignancy	4348	121	3584	success	121	skipped_insufficient_cells	0	4348	0	0
GSE182109|GSM5518597_rGBM-01-B	GSE182109_GSM5518597_rGBM-01-B_f23c19478a72	GSE182109	Glioblastoma	cns_malignancy	11043	355	8303	success	355	success	355	11043	0	0
GSE182109|GSM5518598_rGBM-01-C	GSE182109_GSM5518598_rGBM-01-C_841895bb466a	GSE182109	Glioblastoma	cns_malignancy	5685	111	4912	success	111	skipped_insufficient_cells	0	5685	0	0
GSE182109|GSM5518599_rGBM-01-D	GSE182109_GSM5518599_rGBM-01-D_429d510a4918	GSE182109	Glioblastoma	cns_malignancy	6074	654	4038	success	654	success	654	6074	0	0
GSE182109|GSM5518600_ndGBM-01-A	GSE182109_GSM5518600_ndGBM-01-A_ee6e142c6e23	GSE182109	Glioblastoma	cns_malignancy	4702	3884	459	success	3884	success	3884	4702	0	0
GSE182109|GSM5518601_ndGBM-01-C	GSE182109_GSM5518601_ndGBM-01-C_bef23b1c7a0e	GSE182109	Glioblastoma	cns_malignancy	9587	8456	521	success	8456	success	8456	9587	0	0
GSE182109|GSM5518602_ndGBM-01-D	GSE182109_GSM5518602_ndGBM-01-D_1cd27c76b5e0	GSE182109	Glioblastoma	cns_malignancy	8708	6473	1937	success	6473	success	6473	8708	0	0
GSE182109|GSM5518603_ndGBM-01-F	GSE182109_GSM5518603_ndGBM-01-F_b0d019ec6243	GSE182109	Glioblastoma	cns_malignancy	5032	807	3980	success	807	success	807	5032	0	0
GSE182109|GSM5518604_ndGBM-11-A	GSE182109_GSM5518604_ndGBM-11-A_7451f837170f	GSE182109	Glioblastoma	cns_malignancy	561	0	442	skipped_insufficient_cells	0	skipped_insufficient_cells	0	561	0	0
GSE182109|GSM5518605_ndGBM-11-B	GSE182109_GSM5518605_ndGBM-11-B_b7844e8b3edc	GSE182109	Glioblastoma	cns_malignancy	374	0	323	skipped_insufficient_cells	0	skipped_insufficient_cells	0	374	0	0
GSE182109|GSM5518606_ndGBM-11-C	GSE182109_GSM5518606_ndGBM-11-C_3e10281f28fc	GSE182109	Glioblastoma	cns_malignancy	2472	83	2049	success	83	skipped_insufficient_cells	0	2472	0	0
GSE182109|GSM5518607_ndGBM-11-D	GSE182109_GSM5518607_ndGBM-11-D_25df314ed233	GSE182109	Glioblastoma	cns_malignancy	1096	2	898	skipped_insufficient_cells	0	skipped_insufficient_cells	0	1096	0	0
GSE182109|GSM5518608_ndGBM-02-1	GSE182109_GSM5518608_ndGBM-02-1_ac295836b7b6	GSE182109	Glioblastoma	cns_malignancy	7774	1232	2769	success	1232	success	1232	7774	0	0
GSE182109|GSM5518609_ndGBM-02-2	GSE182109_GSM5518609_ndGBM-02-2_bff417455389	GSE182109	Glioblastoma	cns_malignancy	5853	231	4343	success	231	success	231	5853	0	0
GSE182109|GSM5518610_ndGBM-02-4	GSE182109_GSM5518610_ndGBM-02-4_9aad433f6498	GSE182109	Glioblastoma	cns_malignancy	5858	951	3342	success	951	success	951	5858	0	0
GSE182109|GSM5518611_ndGBM-02-5	GSE182109_GSM5518611_ndGBM-02-5_43f7b3e67aac	GSE182109	Glioblastoma	cns_malignancy	6902	1258	3503	success	1258	success	1258	6902	0	0
GSE182109|GSM5518612_rGBM-02-2	GSE182109_GSM5518612_rGBM-02-2_44c6c474c240	GSE182109	Glioblastoma	cns_malignancy	2173	18	1071	skipped_insufficient_cells	0	skipped_insufficient_cells	0	2173	0	0
GSE182109|GSM5518613_rGBM-02-3	GSE182109_GSM5518613_rGBM-02-3_de0fe03dda96	GSE182109	Glioblastoma	cns_malignancy	9359	941	6836	success	941	success	941	9359	0	0
GSE182109|GSM5518614_rGBM-02-4	GSE182109_GSM5518614_rGBM-02-4_cfd37c1a0ce9	GSE182109	Glioblastoma	cns_malignancy	797	5	593	skipped_insufficient_cells	0	skipped_insufficient_cells	0	797	0	0
GSE182109|GSM5518615_rGBM-02-5	GSE182109_GSM5518615_rGBM-02-5_9038e747d3d5	GSE182109	Glioblastoma	cns_malignancy	10300	77	5653	success	77	skipped_insufficient_cells	0	10300	0	0
GSE182109|GSM5518616_rGBM-03-1	GSE182109_GSM5518616_rGBM-03-1_938705ae42c3	GSE182109	Glioblastoma	cns_malignancy	3717	2905	509	success	2905	success	2905	3717	0	0
GSE182109|GSM5518617_rGBM-03-2	GSE182109_GSM5518617_rGBM-03-2_8f8058544676	GSE182109	Glioblastoma	cns_malignancy	1657	711	541	success	711	success	711	1657	0	0
GSE182109|GSM5518618_rGBM-03-3	GSE182109_GSM5518618_rGBM-03-3_afd75af84a21	GSE182109	Glioblastoma	cns_malignancy	4024	1683	1910	success	1683	success	1683	4024	0	0
GSE182109|GSM5518619_rGBM-04-1	GSE182109_GSM5518619_rGBM-04-1_d787aed1075e	GSE182109	Glioblastoma	cns_malignancy	6318	4884	1142	success	4884	success	4884	6318	0	0
GSE182109|GSM5518620_rGBM-04-2	GSE182109_GSM5518620_rGBM-04-2_1c30547e093e	GSE182109	Glioblastoma	cns_malignancy	6411	4412	1527	success	4412	success	4412	6411	0	0
GSE182109|GSM5518621_rGBM-04-3	GSE182109_GSM5518621_rGBM-04-3_6ee3d7357e49	GSE182109	Glioblastoma	cns_malignancy	7810	5551	1830	success	5551	success	5551	7810	0	0
GSE182109|GSM5518622_rGBM-04-4	GSE182109_GSM5518622_rGBM-04-4_6a9d97fab6b5	GSE182109	Glioblastoma	cns_malignancy	6501	3258	2714	success	3258	success	3258	6501	0	0
GSE182109|GSM5518623_ndGBM-03-1	GSE182109_GSM5518623_ndGBM-03-1_9e8ea7737fd2	GSE182109	Glioblastoma	cns_malignancy	3665	2138	1256	success	2138	success	2138	3665	0	0
GSE182109|GSM5518624_ndGBM-03-2	GSE182109_GSM5518624_ndGBM-03-2_899302ae848b	GSE182109	Glioblastoma	cns_malignancy	2426	171	2185	success	171	skipped_insufficient_cells	0	2426	0	0
GSE182109|GSM5518625_ndGBM-03-3	GSE182109_GSM5518625_ndGBM-03-3_bb1587dc8eb0	GSE182109	Glioblastoma	cns_malignancy	3193	1472	1603	success	1472	success	1472	3193	0	0
GSE182109|GSM5518626_rGBM-05-1	GSE182109_GSM5518626_rGBM-05-1_80049c6e9766	GSE182109	Glioblastoma	cns_malignancy	4769	1872	2179	success	1872	success	1872	4769	0	0
GSE182109|GSM5518627_rGBM-05-2	GSE182109_GSM5518627_rGBM-05-2_983ff34d280e	GSE182109	Glioblastoma	cns_malignancy	3151	1464	760	success	1464	success	1464	3151	0	0
GSE182109|GSM5518628_rGBM-05-3	GSE182109_GSM5518628_rGBM-05-3_46bca155a8de	GSE182109	Glioblastoma	cns_malignancy	1894	463	1070	success	463	success	463	1894	0	0
GSE182109|GSM5518629_ndGBM-10	GSE182109_GSM5518629_ndGBM-10_1514b6cdbd91	GSE182109	Glioblastoma	cns_malignancy	11183	0	9993	skipped_insufficient_cells	0	skipped_insufficient_cells	0	11183	0	0
GSE182109|GSM5518630_LGG-04-1	GSE182109_GSM5518630_LGG-04-1_ed6a48f86b76	GSE182109	Glioblastoma	cns_malignancy	5513	3440	1647	success	3440	success	3440	5513	0	0
GSE182109|GSM5518631_LGG-04-2	GSE182109_GSM5518631_LGG-04-2_1883bb112a85	GSE182109	Glioblastoma	cns_malignancy	2491	1042	1320	success	1042	success	1042	2491	0	0
GSE182109|GSM5518632_LGG-04-3	GSE182109_GSM5518632_LGG-04-3_0b24c1466ba4	GSE182109	Glioblastoma	cns_malignancy	5501	4720	646	success	4720	success	4720	5501	0	0
GSE182109|GSM5518633_ndGBM-04	GSE182109_GSM5518633_ndGBM-04_c6b447d392a2	GSE182109	Glioblastoma	cns_malignancy	7444	3925	2622	success	3925	success	3925	7444	0	0
GSE182109|GSM5518634_ndGBM-05	GSE182109_GSM5518634_ndGBM-05_09bcbbcbb9ee	GSE182109	Glioblastoma	cns_malignancy	6458	2636	2357	success	2636	success	2636	6458	0	0
GSE182109|GSM5518635_ndGBM-06	GSE182109_GSM5518635_ndGBM-06_7171e8e7f955	GSE182109	Glioblastoma	cns_malignancy	3238	1924	68	success	1924	success	1924	3238	0	0
GSE182109|GSM5518636_ndGBM-07	GSE182109_GSM5518636_ndGBM-07_b72f077bff84	GSE182109	Glioblastoma	cns_malignancy	9171	383	7143	success	383	success	383	9171	0	0
GSE182109|GSM5518637_ndGBM-08	GSE182109_GSM5518637_ndGBM-08_72f5f317cd74	GSE182109	Glioblastoma	cns_malignancy	5816	1004	3653	success	1004	success	1004	5816	0	0
GSE182109|GSM5518638_LGG-03	GSE182109_GSM5518638_LGG-03_33fce5f6323b	GSE182109	Glioblastoma	cns_malignancy	7400	2932	3967	success	2932	success	2932	7400	0	0
GSE182109|GSM5518639_ndGBM-09	GSE182109_GSM5518639_ndGBM-09_55176ce30fdd	GSE182109	Glioblastoma	cns_malignancy	5202	920	3359	success	920	success	920	5202	0	0
GSE253013|US-10029425-1	GSE253013_US-10029425-1_b5a64d2b023c	GSE253013	ADENOCARCINOMA	epithelial_solid_default	5111	162	3828	success	162	skipped_insufficient_cells	0	5111	0	0
GSE253013|US-10029425-2	GSE253013_US-10029425-2_974a2a138ce1	GSE253013	ADENOCARCINOMA	epithelial_solid_default	4712	150	3496	success	150	skipped_insufficient_cells	0	4712	0	0
GSE253013|US-10029425-3	GSE253013_US-10029425-3_c9278f10076d	GSE253013	ADENOCARCINOMA	epithelial_solid_default	3897	120	2898	success	120	skipped_insufficient_cells	0	3897	0	0
GSE253013|US-10029425-4	GSE253013_US-10029425-4_7967b1f62b6b	GSE253013	ADENOCARCINOMA	epithelial_solid_default	4724	143	3402	success	143	skipped_insufficient_cells	0	4724	0	0
GSE253013|US-10029425-5	GSE253013_US-10029425-5_70bc584c84cc	GSE253013	ADENOCARCINOMA	epithelial_solid_default	5399	28	4583	skipped_insufficient_cells	0	skipped_insufficient_cells	0	5399	0	0
GSE253013|US-10029425-6	GSE253013_US-10029425-6_e3e079fb09e7	GSE253013	ADENOCARCINOMA	epithelial_solid_default	5255	31	4398	success	31	skipped_insufficient_cells	0	5255	0	0
GSE253013|US-10029425-7	GSE253013_US-10029425-7_89f2a3977c0e	GSE253013	ADENOCARCINOMA	epithelial_solid_default	5526	25	4611	skipped_insufficient_cells	0	skipped_insufficient_cells	0	5526	0	0
GSE253013|US-10029426-1	GSE253013_US-10029426-1_dc5ed0d3ba37	GSE253013	ADENOCARCINOMA	epithelial_solid_default	2912	3	2461	skipped_insufficient_cells	0	skipped_insufficient_cells	0	2912	0	0
GSE253013|US-10029426-2	GSE253013_US-10029426-2_cfe1e015e4f5	GSE253013	ADENOCARCINOMA	epithelial_solid_default	2537	3	2155	skipped_insufficient_cells	0	skipped_insufficient_cells	0	2537	0	0
GSE253013|US-10029426-3	GSE253013_US-10029426-3_16f6abd181f9	GSE253013	ADENOCARCINOMA	epithelial_solid_default	2716	0	2319	skipped_insufficient_cells	0	skipped_insufficient_cells	0	2716	0	0
GSE253013|US-10029426-4	GSE253013_US-10029426-4_f98bf494b361	GSE253013	ADENOCARCINOMA	epithelial_solid_default	2751	3	2304	skipped_insufficient_cells	0	skipped_insufficient_cells	0	2751	0	0
GSE253013|US-10029426-5	GSE253013_US-10029426-5_bcca5c8034a3	GSE253013	ADENOCARCINOMA	epithelial_solid_default	2373	149	1493	success	149	skipped_insufficient_cells	0	2373	0	0
GSE253013|US-10029426-6	GSE253013_US-10029426-6_0dad8f8353a0	GSE253013	ADENOCARCINOMA	epithelial_solid_default	2372	156	1464	success	156	skipped_insufficient_cells	0	2372	0	0
GSE253013|US-10029426-7	GSE253013_US-10029426-7_7c85116b8565	GSE253013	ADENOCARCINOMA	epithelial_solid_default	2495	177	1553	success	177	skipped_insufficient_cells	0	2495	0	0
GSE253013|US-10029426-8	GSE253013_US-10029426-8_565bea3c18bd	GSE253013	ADENOCARCINOMA	epithelial_solid_default	2229	175	1337	success	175	skipped_insufficient_cells	0	2229	0	0
GSE253013|US-10029431-1	GSE253013_US-10029431-1_753086f7ab73	GSE253013	ADENOCARCINOMA	epithelial_solid_default	2492	7	1758	skipped_insufficient_cells	0	skipped_insufficient_cells	0	2492	0	0
GSE253013|US-10029431-2	GSE253013_US-10029431-2_29de77514e99	GSE253013	ADENOCARCINOMA	epithelial_solid_default	2582	4	1804	skipped_insufficient_cells	0	skipped_insufficient_cells	0	2582	0	0
GSE253013|US-10029431-3	GSE253013_US-10029431-3_8cfe1211f3c6	GSE253013	ADENOCARCINOMA	epithelial_solid_default	2293	8	1628	skipped_insufficient_cells	0	skipped_insufficient_cells	0	2293	0	0
GSE253013|US-10029431-4	GSE253013_US-10029431-4_11e69bb4dff0	GSE253013	ADENOCARCINOMA	epithelial_solid_default	2424	6	1703	skipped_insufficient_cells	0	skipped_insufficient_cells	0	2424	0	0
GSE253013|US-10029431-5	GSE253013_US-10029431-5_714557fdafa1	GSE253013	ADENOCARCINOMA	epithelial_solid_default	1819	946	77	success	946	success	946	1819	0	0
GSE253013|US-10029431-6	GSE253013_US-10029431-6_20c00673c903	GSE253013	ADENOCARCINOMA	epithelial_solid_default	1755	763	87	success	763	success	763	1755	0	0
GSE253013|US-10029431-7	GSE253013_US-10029431-7_e9dd6f8b7557	GSE253013	ADENOCARCINOMA	epithelial_solid_default	1780	780	92	success	780	success	780	1780	0	0
GSE253013|US-10029431-8	GSE253013_US-10029431-8_8d10819dbd92	GSE253013	ADENOCARCINOMA	epithelial_solid_default	1516	871	75	success	871	success	871	1516	0	0
GSE253013|US-10029432-1	GSE253013_US-10029432-1_5aa1d45b2e28	GSE253013	ADENOCARCINOMA	epithelial_solid_default	4300	9	3465	skipped_insufficient_cells	0	skipped_insufficient_cells	0	4300	0	0
GSE253013|US-10029432-2	GSE253013_US-10029432-2_04ffc5ef0e28	GSE253013	ADENOCARCINOMA	epithelial_solid_default	4474	7	3626	skipped_insufficient_cells	0	skipped_insufficient_cells	0	4474	0	0
GSE253013|US-10029432-3	GSE253013_US-10029432-3_4b18c72002c8	GSE253013	ADENOCARCINOMA	epithelial_solid_default	4121	4	3354	skipped_insufficient_cells	0	skipped_insufficient_cells	0	4121	0	0
GSE253013|US-10029432-4	GSE253013_US-10029432-4_f06d8ae060d9	GSE253013	ADENOCARCINOMA	epithelial_solid_default	4148	2	3414	skipped_insufficient_cells	0	skipped_insufficient_cells	0	4148	0	0
GSE253013|US-10029432-5	GSE253013_US-10029432-5_fd146481ecae	GSE253013	ADENOCARCINOMA	epithelial_solid_default	2966	429	219	success	429	success	429	2966	0	0
GSE253013|US-10029432-6	GSE253013_US-10029432-6_6813717d3e1d	GSE253013	ADENOCARCINOMA	epithelial_solid_default	2720	376	218	success	376	success	376	2720	0	0
GSE253013|US-10029432-7	GSE253013_US-10029432-7_787070268da0	GSE253013	ADENOCARCINOMA	epithelial_solid_default	2922	447	214	success	447	success	447	2922	0	0
GSE253013|US-10029432-8	GSE253013_US-10029432-8_4c514bf2ba87	GSE253013	ADENOCARCINOMA	epithelial_solid_default	3017	465	204	success	465	success	465	3017	0	0
GSE274934|GSM8462125_AL02	GSE274934_GSM8462125_AL02_6e6db90cb965	GSE274934	ALK-positive/negative LUAD	epithelial_solid_default	9015	762	4571	success	762	success	762	9015	0	0
GSE274934|GSM8462126_AL03	GSE274934_GSM8462126_AL03_0487064541e2	GSE274934	ALK-positive/negative LUAD	epithelial_solid_default	10726	2171	5689	success	2171	success	2171	10726	0	0
GSE274934|GSM8462127_AL04	GSE274934_GSM8462127_AL04_38a1172b04ec	GSE274934	ALK-positive/negative LUAD	epithelial_solid_default	10198	800	7528	success	800	success	800	10198	0	0
GSE274934|GSM8462128_AL05	GSE274934_GSM8462128_AL05_f44f31d53994	GSE274934	ALK-positive/negative LUAD	epithelial_solid_default	7907	872	4503	success	872	success	872	7907	0	0
GSE274934|GSM8462129_AL06	GSE274934_GSM8462129_AL06_d9cc153416cf	GSE274934	ALK-positive/negative LUAD	epithelial_solid_default	2491	601	1302	success	601	success	601	2491	0	0
GSE274934|GSM8462130_AL08	GSE274934_GSM8462130_AL08_97f29a5cbc07	GSE274934	ALK-positive/negative LUAD	epithelial_solid_default	11550	4514	4214	success	4514	success	4514	11550	0	0
GSE274934|GSM8462131_AL10	GSE274934_GSM8462131_AL10_fe1e06efdfda	GSE274934	ALK-positive/negative LUAD	epithelial_solid_default	11424	2121	4859	success	2121	success	2121	11424	0	0
GSE274934|GSM8462132_AL11	GSE274934_GSM8462132_AL11_34f268419753	GSE274934	ALK-positive/negative LUAD	epithelial_solid_default	14054	2945	6171	success	2945	success	2945	14054	0	0
GSE274934|GSM8462133_AL12	GSE274934_GSM8462133_AL12_cad65fce9cc8	GSE274934	ALK-positive/negative LUAD	epithelial_solid_default	10642	421	4597	success	421	success	421	10642	0	0
GSE148071|P1	GSE148071_P1_f1355d458a0c	GSE148071	Advanced non-small cell lung cancer	epithelial_solid_default	4935	2971	769	success	2971	success	2971	4935	0	0
GSE148071|P10	GSE148071_P10_7b6e179ba7c8	GSE148071	Advanced non-small cell lung cancer	epithelial_solid_default	2769	1676	286	success	1676	success	1676	2769	0	0
GSE148071|P11	GSE148071_P11_34f89fcd4a2f	GSE148071	Advanced non-small cell lung cancer	epithelial_solid_default	492	6	174	skipped_insufficient_cells	0	skipped_insufficient_cells	0	492	0	0
GSE148071|P12	GSE148071_P12_259dc8fe941c	GSE148071	Advanced non-small cell lung cancer	epithelial_solid_default	774	146	248	success	146	skipped_insufficient_cells	0	774	0	0
GSE148071|P13	GSE148071_P13_c472ddd41414	GSE148071	Advanced non-small cell lung cancer	epithelial_solid_default	762	94	430	success	94	skipped_insufficient_cells	0	762	0	0
GSE148071|P14	GSE148071_P14_7ccd88482be8	GSE148071	Advanced non-small cell lung cancer	epithelial_solid_default	1417	527	245	success	527	success	527	1417	0	0
GSE148071|P15	GSE148071_P15_1c1106e5553d	GSE148071	Advanced non-small cell lung cancer	epithelial_solid_default	2027	204	276	success	204	success	204	2027	0	0
GSE148071|P16	GSE148071_P16_0be17b146e0a	GSE148071	Advanced non-small cell lung cancer	epithelial_solid_default	761	558	98	success	558	success	558	761	0	0
GSE148071|P17	GSE148071_P17_40f87a38c25e	GSE148071	Advanced non-small cell lung cancer	epithelial_solid_default	6948	6198	212	success	6198	success	6198	6948	0	0
GSE148071|P18	GSE148071_P18_0978710550aa	GSE148071	Advanced non-small cell lung cancer	epithelial_solid_default	2242	781	404	success	781	success	781	2242	0	0
GSE148071|P19	GSE148071_P19_3940eb40882e	GSE148071	Advanced non-small cell lung cancer	epithelial_solid_default	388	90	135	success	90	skipped_insufficient_cells	0	388	0	0
GSE148071|P2	GSE148071_P2_1eb23b8748d2	GSE148071	Advanced non-small cell lung cancer	epithelial_solid_default	285	248	23	skipped_insufficient_cells	0	success	248	285	0	0
GSE148071|P20	GSE148071_P20_bc49975b5cdd	GSE148071	Advanced non-small cell lung cancer	epithelial_solid_default	354	307	25	skipped_insufficient_cells	0	success	307	354	0	0
GSE148071|P21	GSE148071_P21_40b048aee1aa	GSE148071	Advanced non-small cell lung cancer	epithelial_solid_default	1652	1491	117	success	1491	success	1491	1652	0	0
GSE148071|P22	GSE148071_P22_83f8781e94ae	GSE148071	Advanced non-small cell lung cancer	epithelial_solid_default	591	132	325	success	132	skipped_insufficient_cells	0	591	0	0
GSE148071|P23	GSE148071_P23_891d90c74657	GSE148071	Advanced non-small cell lung cancer	epithelial_solid_default	1811	612	261	success	612	success	612	1811	0	0
GSE148071|P24	GSE148071_P24_65325eddc2fd	GSE148071	Advanced non-small cell lung cancer	epithelial_solid_default	355	60	230	success	60	skipped_insufficient_cells	0	355	0	0
GSE148071|P25	GSE148071_P25_286c90508d11	GSE148071	Advanced non-small cell lung cancer	epithelial_solid_default	2224	1650	261	success	1650	success	1650	2224	0	0
GSE148071|P26	GSE148071_P26_185f1603e84b	GSE148071	Advanced non-small cell lung cancer	epithelial_solid_default	362	28	189	skipped_insufficient_cells	0	skipped_insufficient_cells	0	362	0	0
GSE148071|P27	GSE148071_P27_bcdeedc0e775	GSE148071	Advanced non-small cell lung cancer	epithelial_solid_default	522	4	247	skipped_insufficient_cells	0	skipped_insufficient_cells	0	522	0	0
GSE148071|P28	GSE148071_P28_d4a0ee0a7bf6	GSE148071	Advanced non-small cell lung cancer	epithelial_solid_default	2056	383	1117	success	383	success	383	2056	0	0
GSE148071|P29	GSE148071_P29_b0eccda6c753	GSE148071	Advanced non-small cell lung cancer	epithelial_solid_default	924	299	92	success	299	success	299	924	0	0
GSE148071|P3	GSE148071_P3_2d0b86759a68	GSE148071	Advanced non-small cell lung cancer	epithelial_solid_default	7111	6702	189	success	6702	success	6702	7111	0	0
GSE148071|P30	GSE148071_P30_384524324ba1	GSE148071	Advanced non-small cell lung cancer	epithelial_solid_default	686	505	119	success	505	success	505	686	0	0
GSE148071|P31	GSE148071_P31_f00a510d138e	GSE148071	Advanced non-small cell lung cancer	epithelial_solid_default	368	149	40	skipped_insufficient_cells	0	skipped_insufficient_cells	0	368	0	0
GSE148071|P32	GSE148071_P32_82f2f6866505	GSE148071	Advanced non-small cell lung cancer	epithelial_solid_default	522	310	150	success	310	success	310	522	0	0
GSE148071|P33	GSE148071_P33_ee89868ed605	GSE148071	Advanced non-small cell lung cancer	epithelial_solid_default	314	263	25	skipped_insufficient_cells	0	success	263	314	0	0
GSE148071|P34	GSE148071_P34_08a85547e3e8	GSE148071	Advanced non-small cell lung cancer	epithelial_solid_default	868	299	342	success	299	success	299	868	0	0
GSE148071|P35	GSE148071_P35_2d5261df5e7a	GSE148071	Advanced non-small cell lung cancer	epithelial_solid_default	710	432	134	success	432	success	432	710	0	0
GSE148071|P36	GSE148071_P36_9bf836015582	GSE148071	Advanced non-small cell lung cancer	epithelial_solid_default	406	88	128	success	88	skipped_insufficient_cells	0	406	0	0
GSE148071|P37	GSE148071_P37_06e9d12d7ebd	GSE148071	Advanced non-small cell lung cancer	epithelial_solid_default	2051	8	1281	skipped_insufficient_cells	0	skipped_insufficient_cells	0	2051	0	0
GSE148071|P38	GSE148071_P38_fdf7fc227f79	GSE148071	Advanced non-small cell lung cancer	epithelial_solid_default	1059	115	753	success	115	skipped_insufficient_cells	0	1059	0	0
GSE148071|P39	GSE148071_P39_2b10bec38c78	GSE148071	Advanced non-small cell lung cancer	epithelial_solid_default	1643	341	882	success	341	success	341	1643	0	0
GSE148071|P4	GSE148071_P4_1191619d4399	GSE148071	Advanced non-small cell lung cancer	epithelial_solid_default	3998	28	1598	skipped_insufficient_cells	0	skipped_insufficient_cells	0	3998	0	0
GSE148071|P40	GSE148071_P40_0475749c0cbb	GSE148071	Advanced non-small cell lung cancer	epithelial_solid_default	972	83	303	success	83	skipped_insufficient_cells	0	972	0	0
GSE148071|P41	GSE148071_P41_b84d39a0c8fa	GSE148071	Advanced non-small cell lung cancer	epithelial_solid_default	5825	5032	142	success	5032	success	5032	5825	0	0
GSE148071|P42	GSE148071_P42_c51233c72dc0	GSE148071	Advanced non-small cell lung cancer	epithelial_solid_default	853	95	525	success	95	skipped_insufficient_cells	0	853	0	0
GSE148071|P5	GSE148071_P5_d1e520c9c246	GSE148071	Advanced non-small cell lung cancer	epithelial_solid_default	1569	947	424	success	947	success	947	1569	0	0
GSE148071|P6	GSE148071_P6_2e9adf9f5c1f	GSE148071	Advanced non-small cell lung cancer	epithelial_solid_default	1689	297	171	success	297	success	297	1689	0	0
GSE148071|P7	GSE148071_P7_c50035d520cb	GSE148071	Advanced non-small cell lung cancer	epithelial_solid_default	2238	96	1466	success	96	skipped_insufficient_cells	0	2238	0	0
GSE148071|P8	GSE148071_P8_59d2ae998683	GSE148071	Advanced non-small cell lung cancer	epithelial_solid_default	1188	334	586	success	334	success	334	1188	0	0
GSE148071|P9	GSE148071_P9_f0b0c8a7a97b	GSE148071	Advanced non-small cell lung cancer	epithelial_solid_default	3173	449	310	success	449	success	449	3173	0	0
GSE141526|GSM4205686_BCC2	GSE141526_GSM4205686_BCC2_f702820a50ab	GSE141526	Basal cell carcinoma	epithelial_solid_default	10025	5714	1111	success	5714	success	5714	10025	0	0
GSE141526|GSM4205687_BCC3	GSE141526_GSM4205687_BCC3_796cec0b84ff	GSE141526	Basal cell carcinoma	epithelial_solid_default	12153	1344	723	success	1344	success	1344	12153	0	0
GSE141526|GSM4205688_BCC8	GSE141526_GSM4205688_BCC8_f435b2ac9251	GSE141526	Basal cell carcinoma	epithelial_solid_default	6962	180	102	success	180	skipped_insufficient_cells	0	6962	0	0
GSE141526|GSM4205689_BCC10	GSE141526_GSM4205689_BCC10_4114b438d363	GSE141526	Basal cell carcinoma	epithelial_solid_default	8827	7881	172	success	7881	success	7881	8827	0	0
GSE141526|GSM4205690_ADWST10	GSE141526_GSM4205690_ADWST10_cbbb2b8f9115	GSE141526	Basal cell carcinoma	epithelial_solid_default	7160	568	76	success	568	success	568	7160	0	0
GSE141526|GSM4205691_ADWST11	GSE141526_GSM4205691_ADWST11_e4e27dbf9097	GSE141526	Basal cell carcinoma	epithelial_solid_default	10395	816	577	success	816	success	816	10395	0	0
GSE222315|p1_BCa	GSE222315_p1_BCa_cdf7823b6613	GSE222315	Bladder cancer	epithelial_solid_default	9601	257	3340	success	257	success	257	9601	0	0
GSE222315|p2_BCa	GSE222315_p2_BCa_5484e69065b0	GSE222315	Bladder cancer	epithelial_solid_default	14755	2157	506	success	2157	success	2157	14755	0	0
GSE222315|p2_NAT	GSE222315_p2_NAT_74e0797bc5ae	GSE222315	Bladder cancer	epithelial_solid_default	9644	134	8316	success	134	skipped_insufficient_cells	0	9644	0	0
GSE222315|p3_BCa	GSE222315_p3_BCa_0c667a4d75be	GSE222315	Bladder cancer	epithelial_solid_default	8390	2	5430	skipped_insufficient_cells	0	skipped_insufficient_cells	0	8390	0	0
GSE222315|p3_NAT	GSE222315_p3_NAT_5d06f2a6d587	GSE222315	Bladder cancer	epithelial_solid_default	800	50	426	success	50	skipped_insufficient_cells	0	800	0	0
GSE222315|p4_BCa	GSE222315_p4_BCa_7ee95a5cee21	GSE222315	Bladder cancer	epithelial_solid_default	6160	2	3388	skipped_insufficient_cells	0	skipped_insufficient_cells	0	6160	0	0
GSE222315|p4_NAT	GSE222315_p4_NAT_644d60f79cff	GSE222315	Bladder cancer	epithelial_solid_default	6695	197	4285	success	197	skipped_insufficient_cells	0	6695	0	0
GSE222315|p5_BCa	GSE222315_p5_BCa_73ee5368377c	GSE222315	Bladder cancer	epithelial_solid_default	6832	242	2129	success	242	success	242	6832	0	0
GSE222315|p5_NAT	GSE222315_p5_NAT_482be86ec3d0	GSE222315	Bladder cancer	epithelial_solid_default	5827	199	4326	success	199	skipped_insufficient_cells	0	5827	0	0
GSE222315|p6_BCa	GSE222315_p6_BCa_f3248ee34a28	GSE222315	Bladder cancer	epithelial_solid_default	5617	4866	387	success	4866	success	4866	5617	0	0
GSE222315|p7_BCa	GSE222315_p7_BCa_51bf407b9d64	GSE222315	Bladder cancer	epithelial_solid_default	4953	3986	50	success	3986	success	3986	4953	0	0
GSE222315|p8_BCa	GSE222315_p8_BCa_d08dcce81237	GSE222315	Bladder cancer	epithelial_solid_default	6708	7	1690	skipped_insufficient_cells	0	skipped_insufficient_cells	0	6708	0	0
GSE222315|p9_BCa	GSE222315_p9_BCa_b0fff3ce5ec0	GSE222315	Bladder cancer	epithelial_solid_default	6691	5906	267	success	5906	success	5906	6691	0	0
GSE161529|GSM4909253_N-PM0092-Total	GSE161529_GSM4909253_N-PM0092-Total_025ae380e310	GSE161529	Breast cancer	epithelial_solid_default	4427	3586	458	success	3586	success	3586	4427	0	0
GSE161529|GSM4909254_N-PM0019-Total	GSE161529_GSM4909254_N-PM0019-Total_9a9c654c5456	GSE161529	Breast cancer	epithelial_solid_default	6229	4150	110	success	4150	success	4150	6229	0	0
GSE161529|GSM4909255_N-N280-Epi	GSE161529_GSM4909255_N-N280-Epi_2d619c4edea7	GSE161529	Breast cancer	epithelial_solid_default	1108	897	33	skipped_insufficient_cells	0	success	897	1108	0	0
GSE161529|GSM4909256_N-PM0095-Epi	GSE161529_GSM4909256_N-PM0095-Epi_6ce419d442c4	GSE161529	Breast cancer	epithelial_solid_default	7703	6563	70	success	6563	success	6563	7703	0	0
GSE161529|GSM4909257_N-PM0095-Total	GSE161529_GSM4909257_N-PM0095-Total_1c470cdcf9ae	GSE161529	Breast cancer	epithelial_solid_default	4831	2169	78	success	2169	success	2169	4831	0	0
GSE161529|GSM4909258_N-NF-Epi	GSE161529_GSM4909258_N-NF-Epi_b000db28f609	GSE161529	Breast cancer	epithelial_solid_default	2842	2453	192	success	2453	success	2453	2842	0	0
GSE161529|GSM4909259_N-NE-Epi	GSE161529_GSM4909259_N-NE-Epi_5b8620918914	GSE161529	Breast cancer	epithelial_solid_default	3017	2862	30	skipped_insufficient_cells	0	success	2862	3017	0	0
GSE161529|GSM4909260_N-N1105-Epi	GSE161529_GSM4909260_N-N1105-Epi_fb5973f98896	GSE161529	Breast cancer	epithelial_solid_default	4888	3700	76	success	3700	success	3700	4888	0	0
GSE161529|GSM4909261_N-PM0230-Total	GSE161529_GSM4909261_N-PM0230-Total_6c1b56e40fea	GSE161529	Breast cancer	epithelial_solid_default	3298	894	55	success	894	success	894	3298	0	0
GSE161529|GSM4909262_N-MH0064-Epi	GSE161529_GSM4909262_N-MH0064-Epi_99e1fa4e7457	GSE161529	Breast cancer	epithelial_solid_default	4730	3868	59	success	3868	success	3868	4730	0	0
GSE161529|GSM4909263_N-MH0064-Total	GSE161529_GSM4909263_N-MH0064-Total_6d02623c282e	GSE161529	Breast cancer	epithelial_solid_default	1242	699	222	success	699	success	699	1242	0	0
GSE161529|GSM4909264_N-N1B-Epi	GSE161529_GSM4909264_N-N1B-Epi_8e81f4d79aec	GSE161529	Breast cancer	epithelial_solid_default	1775	1672	59	success	1672	success	1672	1775	0	0
GSE161529|GSM4909265_N-PM0233-Total	GSE161529_GSM4909265_N-PM0233-Total_2c5edca32a71	GSE161529	Breast cancer	epithelial_solid_default	5165	2276	300	success	2276	success	2276	5165	0	0
GSE161529|GSM4909266_N-MH0169-Total	GSE161529_GSM4909266_N-MH0169-Total_20b57fa778db	GSE161529	Breast cancer	epithelial_solid_default	4197	728	618	success	728	success	728	4197	0	0
GSE161529|GSM4909267_N-MH0023-Epi	GSE161529_GSM4909267_N-MH0023-Epi_a0adc9ffd725	GSE161529	Breast cancer	epithelial_solid_default	2704	2532	18	skipped_insufficient_cells	0	success	2532	2704	0	0
GSE161529|GSM4909268_N-MH0023-Total	GSE161529_GSM4909268_N-MH0023-Total_f58ae6e97664	GSE161529	Breast cancer	epithelial_solid_default	6200	4661	67	success	4661	success	4661	6200	0	0
GSE161529|GSM4909269_N-PM0342-Epi	GSE161529_GSM4909269_N-PM0342-Epi_f5f6e6a0592e	GSE161529	Breast cancer	epithelial_solid_default	7376	7038	59	success	7038	success	7038	7376	0	0
GSE161529|GSM4909270_N-PM0342-Total	GSE161529_GSM4909270_N-PM0342-Total_37fbbc5d1f55	GSE161529	Breast cancer	epithelial_solid_default	8810	4819	105	success	4819	success	4819	8810	0	0
GSE161529|GSM4909271_N-MH288-Total	GSE161529_GSM4909271_N-MH288-Total_8ccd04c26715	GSE161529	Breast cancer	epithelial_solid_default	1830	994	282	success	994	success	994	1830	0	0
GSE161529|GSM4909272_N-MH0021-Total	GSE161529_GSM4909272_N-MH0021-Total_542bf98817b4	GSE161529	Breast cancer	epithelial_solid_default	2452	1239	247	success	1239	success	1239	2452	0	0
GSE161529|GSM4909273_N-MH275-Epi	GSE161529_GSM4909273_N-MH275-Epi_bb285b9ec2b5	GSE161529	Breast cancer	epithelial_solid_default	5952	5771	20	skipped_insufficient_cells	0	success	5771	5952	0	0
GSE161529|GSM4909274_N-MH275-Total	GSE161529_GSM4909274_N-MH275-Total_867a39526b6a	GSE161529	Breast cancer	epithelial_solid_default	1454	977	215	success	977	success	977	1454	0	0
GSE161529|GSM4909275_N-PM0372-Epi	GSE161529_GSM4909275_N-PM0372-Epi_806cd0d9a94d	GSE161529	Breast cancer	epithelial_solid_default	10717	10290	78	success	10290	success	10290	10717	0	0
GSE161529|GSM4909276_N-PM0372-Total	GSE161529_GSM4909276_N-PM0372-Total_1decdb19cfde	GSE161529	Breast cancer	epithelial_solid_default	3763	2072	178	success	2072	success	2072	3763	0	0
GSE161529|GSM4909277_B1-KCF0894	GSE161529_GSM4909277_B1-KCF0894_0aec6c158d79	GSE161529	Breast cancer	epithelial_solid_default	7262	3042	113	success	3042	success	3042	7262	0	0
GSE161529|GSM4909278_B1-MH0033	GSE161529_GSM4909278_B1-MH0033_3d772c4c0446	GSE161529	Breast cancer	epithelial_solid_default	5923	1431	86	success	1431	success	1431	5923	0	0
GSE161529|GSM4909279_B1-MH0023	GSE161529_GSM4909279_B1-MH0023_e3b81e5b94de	GSE161529	Breast cancer	epithelial_solid_default	4935	2187	99	success	2187	success	2187	4935	0	0
GSE161529|GSM4909280_B1-MH0090	GSE161529_GSM4909280_B1-MH0090_e1a326022563	GSE161529	Breast cancer	epithelial_solid_default	4923	250	489	success	250	success	250	4923	0	0
GSE161529|GSM4909281_TN-MH0126	GSE161529_GSM4909281_TN-MH0126_dd269b52d405	GSE161529	Breast cancer	epithelial_solid_default	2586	1168	940	success	1168	success	1168	2586	0	0
GSE161529|GSM4909282_TN-MH0135	GSE161529_GSM4909282_TN-MH0135_6c57bb7fba8b	GSE161529	Breast cancer	epithelial_solid_default	14939	8754	540	success	8754	success	8754	14939	0	0
GSE161529|GSM4909283_TN-SH0106	GSE161529_GSM4909283_TN-SH0106_104c376f391f	GSE161529	Breast cancer	epithelial_solid_default	886	54	512	success	54	skipped_insufficient_cells	0	886	0	0
GSE161529|GSM4909284_TN-MH0114-T2	GSE161529_GSM4909284_TN-MH0114-T2_b659039da987	GSE161529	Breast cancer	epithelial_solid_default	1544	142	1113	success	142	skipped_insufficient_cells	0	1544	0	0
GSE161529|GSM4909285_TN-B1-MH4031	GSE161529_GSM4909285_TN-B1-MH4031_084480f3c343	GSE161529	Breast cancer	epithelial_solid_default	5241	5164	53	success	5164	success	5164	5241	0	0
GSE161529|GSM4909286_TN-B1-MH0131	GSE161529_GSM4909286_TN-B1-MH0131_3a6618499176	GSE161529	Breast cancer	epithelial_solid_default	5340	5155	52	success	5155	success	5155	5340	0	0
GSE161529|GSM4909287_TN-B1-Tum0554	GSE161529_GSM4909287_TN-B1-Tum0554_5ce0d1a08fb2	GSE161529	Breast cancer	epithelial_solid_default	5786	1151	2391	success	1151	success	1151	5786	0	0
GSE161529|GSM4909288_TN-B1-MH0177	GSE161529_GSM4909288_TN-B1-MH0177_5a53c137271a	GSE161529	Breast cancer	epithelial_solid_default	14338	462	9200	success	462	success	462	14338	0	0
GSE161529|GSM4909289_HER2-AH0308	GSE161529_GSM4909289_HER2-AH0308_49c3af8289e6	GSE161529	Breast cancer	epithelial_solid_default	3887	3179	434	success	3179	success	3179	3887	0	0
GSE161529|GSM4909290_HER2-PM0337	GSE161529_GSM4909290_HER2-PM0337_d8cada1d9194	GSE161529	Breast cancer	epithelial_solid_default	11083	3365	5815	success	3365	success	3365	11083	0	0
GSE161529|GSM4909291_HER2-MH0031	GSE161529_GSM4909291_HER2-MH0031_c9945e56497c	GSE161529	Breast cancer	epithelial_solid_default	3961	1523	713	success	1523	success	1523	3961	0	0
GSE161529|GSM4909292_HER2-MH0069	GSE161529_GSM4909292_HER2-MH0069_1c135fa3c5cd	GSE161529	Breast cancer	epithelial_solid_default	525	154	203	success	154	skipped_insufficient_cells	0	525	0	0
GSE161529|GSM4909293_HER2-MH0161	GSE161529_GSM4909293_HER2-MH0161_e6b14d21f8bc	GSE161529	Breast cancer	epithelial_solid_default	4523	3978	267	success	3978	success	3978	4523	0	0
GSE161529|GSM4909294_HER2-MH0176	GSE161529_GSM4909294_HER2-MH0176_a53d3021c983	GSE161529	Breast cancer	epithelial_solid_default	17207	5687	7884	success	5687	success	5687	17207	0	0
GSE161529|GSM4909295_ER-AH0319	GSE161529_GSM4909295_ER-AH0319_d7bc565d1965	GSE161529	Breast cancer	epithelial_solid_default	2779	567	1384	success	567	success	567	2779	0	0
GSE161529|GSM4909296_ER-MH0001	GSE161529_GSM4909296_ER-MH0001_79ea82a92b1d	GSE161529	Breast cancer	epithelial_solid_default	7259	5315	356	success	5315	success	5315	7259	0	0
GSE161529|GSM4909297_ER-MH0125	GSE161529_GSM4909297_ER-MH0125_f986fe589f76	GSE161529	Breast cancer	epithelial_solid_default	7249	6145	291	success	6145	success	6145	7249	0	0
GSE161529|GSM4909298_ER-PM0360	GSE161529_GSM4909298_ER-PM0360_700f93576365	GSE161529	Breast cancer	epithelial_solid_default	6059	1878	3058	success	1878	success	1878	6059	0	0
GSE161529|GSM4909299_ER-MH0114-T3	GSE161529_GSM4909299_ER-MH0114-T3_e6dadcd5037d	GSE161529	Breast cancer	epithelial_solid_default	7591	5697	532	success	5697	success	5697	7591	0	0
GSE161529|GSM4909300_ER-MH0032	GSE161529_GSM4909300_ER-MH0032_f39e02205b68	GSE161529	Breast cancer	epithelial_solid_default	1061	527	158	success	527	success	527	1061	0	0
GSE161529|GSM4909301_ER-MH0042	GSE161529_GSM4909301_ER-MH0042_291acf6afab3	GSE161529	Breast cancer	epithelial_solid_default	5217	2898	1518	success	2898	success	2898	5217	0	0
GSE161529|GSM4909302_ER-MH0025	GSE161529_GSM4909302_ER-MH0025_afc87eada2f2	GSE161529	Breast cancer	epithelial_solid_default	7562	3939	394	success	3939	success	3939	7562	0	0
GSE161529|GSM4909303_ER-MH0151	GSE161529_GSM4909303_ER-MH0151_aad56d72bf9a	GSE161529	Breast cancer	epithelial_solid_default	2421	746	797	success	746	success	746	2421	0	0
GSE161529|GSM4909304_ER-MH0163	GSE161529_GSM4909304_ER-MH0163_cf23c4615843	GSE161529	Breast cancer	epithelial_solid_default	5623	5182	239	success	5182	success	5182	5623	0	0
GSE161529|GSM4909305_ER-MH0029-7C	GSE161529_GSM4909305_ER-MH0029-7C_db0ee654d109	GSE161529	Breast cancer	epithelial_solid_default	2993	2307	347	success	2307	success	2307	2993	0	0
GSE161529|GSM4909306_ER-MH0029-9C	GSE161529_GSM4909306_ER-MH0029-9C_60f0d642f3ef	GSE161529	Breast cancer	epithelial_solid_default	7043	6621	178	success	6621	success	6621	7043	0	0
GSE161529|GSM4909307_ER-MH0040	GSE161529_GSM4909307_ER-MH0040_a73b41369786	GSE161529	Breast cancer	epithelial_solid_default	5834	5476	143	success	5476	success	5476	5834	0	0
GSE161529|GSM4909308_ER-MH0040-LN	GSE161529_GSM4909308_ER-MH0040-LN_e34a8d5e8bf2	GSE161529	Breast cancer	epithelial_solid_default	5520	4967	195	success	4967	success	4967	5520	0	0
GSE161529|GSM4909309_ER-MH0043-T	GSE161529_GSM4909309_ER-MH0043-T_ebe3a8f3707f	GSE161529	Breast cancer	epithelial_solid_default	3737	2666	557	success	2666	success	2666	3737	0	0
GSE161529|GSM4909310_ER-MH0043-LN	GSE161529_GSM4909310_ER-MH0043-LN_d6e2ebdf2424	GSE161529	Breast cancer	epithelial_solid_default	503	440	50	success	440	success	440	503	0	0
GSE161529|GSM4909311_ER-MH0056-T	GSE161529_GSM4909311_ER-MH0056-T_e4afe663adb0	GSE161529	Breast cancer	epithelial_solid_default	3195	3005	50	success	3005	success	3005	3195	0	0
GSE161529|GSM4909312_ER-MH0056-LN	GSE161529_GSM4909312_ER-MH0056-LN_69cbc1ea25d9	GSE161529	Breast cancer	epithelial_solid_default	7106	6918	87	success	6918	success	6918	7106	0	0
GSE161529|GSM4909313_ER-MH0064-T	GSE161529_GSM4909313_ER-MH0064-T_0f2d09e5f02f	GSE161529	Breast cancer	epithelial_solid_default	3978	3390	191	success	3390	success	3390	3978	0	0
GSE161529|GSM4909314_ER-MH0064-LN	GSE161529_GSM4909314_ER-MH0064-LN_0dfcda2cba1c	GSE161529	Breast cancer	epithelial_solid_default	2392	431	1172	success	431	success	431	2392	0	0
GSE161529|GSM4909315_ER-MH0167-T	GSE161529_GSM4909315_ER-MH0167-T_b0382945605e	GSE161529	Breast cancer	epithelial_solid_default	11484	5441	4004	success	5441	success	5441	11484	0	0
GSE161529|GSM4909316_ER-MH0167-LN	GSE161529_GSM4909316_ER-MH0167-LN_d43afa425281	GSE161529	Breast cancer	epithelial_solid_default	4842	669	3125	success	669	success	669	4842	0	0
GSE161529|GSM4909317_ER-MH0173-T	GSE161529_GSM4909317_ER-MH0173-T_1dcedd7ac2d5	GSE161529	Breast cancer	epithelial_solid_default	6968	2654	2490	success	2654	success	2654	6968	0	0
GSE161529|GSM4909318_ER-MH0173-LN	GSE161529_GSM4909318_ER-MH0173-LN_3d9d159e5a34	GSE161529	Breast cancer	epithelial_solid_default	3070	863	1220	success	863	success	863	3070	0	0
GSE161529|GSM4909319_mER-PM0178	GSE161529_GSM4909319_mER-PM0178_9e809fa242d9	GSE161529	Breast cancer	epithelial_solid_default	7417	6159	477	success	6159	skipped_algorithm_data_limitation	6159	7417	0	0
GSE161529|GSM4909320_mER-MH0068-T	GSE161529_GSM4909320_mER-MH0068-T_c5e7b8ae31e4	GSE161529	Breast cancer	epithelial_solid_default	911	863	14	skipped_insufficient_cells	0	success	863	911	0	0
GSE161529|GSM4909321_mER-MH0068-LN	GSE161529_GSM4909321_mER-MH0068-LN_ae40e3f26c39	GSE161529	Breast cancer	epithelial_solid_default	4754	4703	12	skipped_insufficient_cells	0	success	4703	4754	0	0
GSE261774|GSE261774__GSM8151500_BC17079_filtered_feature_bc_matrix.h5	GSE261774_GSE261774__GSM8151500_BC17079_filtered_feature_bc_matr_368fa13bf0d0	GSE261774	Breast cancer	epithelial_solid_default	1945	20	1576	skipped_insufficient_cells	0	skipped_insufficient_cells	0	1945	0	0
GSE261774|GSE261774__GSM8151501_BC17080_filtered_feature_bc_matrix.h5	GSE261774_GSE261774__GSM8151501_BC17080_filtered_feature_bc_matr_d8982a122bf6	GSE261774	Breast cancer	epithelial_solid_default	2662	6	2160	skipped_insufficient_cells	0	skipped_insufficient_cells	0	2662	0	0
GSE261774|GSE261774__GSM8151502_BC17083_filtered_feature_bc_matrix.h5	GSE261774_GSE261774__GSM8151502_BC17083_filtered_feature_bc_matr_af381d5c265c	GSE261774	Breast cancer	epithelial_solid_default	243	35	187	success	35	skipped_insufficient_cells	0	243	0	0
GSE261774|GSE261774__GSM8151503_BC17087_filtered_feature_bc_matrix.h5	GSE261774_GSE261774__GSM8151503_BC17087_filtered_feature_bc_matr_cdf1b30606d1	GSE261774	Breast cancer	epithelial_solid_default	2701	789	1568	success	789	success	789	2701	0	0
GSE261774|GSE261774__GSM8151504_BC17100_filtered_feature_bc_matrix.h5	GSE261774_GSE261774__GSM8151504_BC17100_filtered_feature_bc_matr_6407c5518135	GSE261774	Breast cancer	epithelial_solid_default	1768	233	1231	success	233	success	233	1768	0	0
GSE261774|GSE261774__GSM8151505_BC17114_filtered_feature_bc_matrix.h5	GSE261774_GSE261774__GSM8151505_BC17114_filtered_feature_bc_matr_1fafefe9ba3a	GSE261774	Breast cancer	epithelial_solid_default	1549	7	1320	skipped_insufficient_cells	0	skipped_insufficient_cells	0	1549	0	0
GSE261774|GSE261774__GSM8151506_BC17121_filtered_feature_bc_matrix.h5	GSE261774_GSE261774__GSM8151506_BC17121_filtered_feature_bc_matr_4b467a49db42	GSE261774	Breast cancer	epithelial_solid_default	2862	8	2577	skipped_insufficient_cells	0	skipped_insufficient_cells	0	2862	0	0
GSE261774|GSE261774__GSM8151507_BC17122_filtered_feature_bc_matrix.h5	GSE261774_GSE261774__GSM8151507_BC17122_filtered_feature_bc_matr_83c1938f31bf	GSE261774	Breast cancer	epithelial_solid_default	1119	481	499	success	481	success	481	1119	0	0
GSE261774|GSE261774__GSM8151508_BC17134_filtered_feature_bc_matrix.h5	GSE261774_GSE261774__GSM8151508_BC17134_filtered_feature_bc_matr_583188e3492e	GSE261774	Breast cancer	epithelial_solid_default	1673	0	1517	skipped_insufficient_cells	0	skipped_insufficient_cells	0	1673	0	0
GSE261774|GSE261774__GSM8151509_BC17140_filtered_feature_bc_matrix.h5	GSE261774_GSE261774__GSM8151509_BC17140_filtered_feature_bc_matr_8c7448a50b28	GSE261774	Breast cancer	epithelial_solid_default	1422	1	1285	skipped_insufficient_cells	0	skipped_insufficient_cells	0	1422	0	0
GSE261774|GSE261774__GSM8151510_BC17146_filtered_feature_bc_matrix.h5	GSE261774_GSE261774__GSM8151510_BC17146_filtered_feature_bc_matr_85da43ba520a	GSE261774	Breast cancer	epithelial_solid_default	2153	1588	314	success	1588	success	1588	2153	0	0
GSE261774|GSE261774__GSM8151511_BC17148_filtered_feature_bc_matrix.h5	GSE261774_GSE261774__GSM8151511_BC17148_filtered_feature_bc_matr_029612231d1d	GSE261774	Breast cancer	epithelial_solid_default	1016	216	607	success	216	success	216	1016	0	0
GSE261774|GSE261774__GSM8151512_BC17157_filtered_feature_bc_matrix.h5	GSE261774_GSE261774__GSM8151512_BC17157_filtered_feature_bc_matr_12dcc17f50c2	GSE261774	Breast cancer	epithelial_solid_default	1956	0	1679	skipped_insufficient_cells	0	skipped_insufficient_cells	0	1956	0	0
GSE261774|GSE261774__GSM8151513_BC17166_filtered_feature_bc_matrix.h5	GSE261774_GSE261774__GSM8151513_BC17166_filtered_feature_bc_matr_a652bc18e46a	GSE261774	Breast cancer	epithelial_solid_default	2914	1	2731	skipped_insufficient_cells	0	skipped_insufficient_cells	0	2914	0	0
GSE261774|GSE261774__GSM8151514_BC17172_filtered_feature_bc_matrix.h5	GSE261774_GSE261774__GSM8151514_BC17172_filtered_feature_bc_matr_09a200dce7f8	GSE261774	Breast cancer	epithelial_solid_default	2802	4	1984	skipped_insufficient_cells	0	skipped_insufficient_cells	0	2802	0	0
GSE261774|GSE261774__GSM8151515_BC18050_filtered_feature_bc_matrix.h5	GSE261774_GSE261774__GSM8151515_BC18050_filtered_feature_bc_matr_3a8074f8cb1c	GSE261774	Breast cancer	epithelial_solid_default	2275	5	1516	skipped_insufficient_cells	0	skipped_insufficient_cells	0	2275	0	0
GSE261774|GSE261774__GSM8151516_BC18051_filtered_feature_bc_matrix.h5	GSE261774_GSE261774__GSM8151516_BC18051_filtered_feature_bc_matr_cd6b9ecda387	GSE261774	Breast cancer	epithelial_solid_default	2042	14	1576	skipped_insufficient_cells	0	skipped_insufficient_cells	0	2042	0	0
GSE261774|GSE261774__GSM8151517_BC19104_filtered_feature_bc_matrix.h5	GSE261774_GSE261774__GSM8151517_BC19104_filtered_feature_bc_matr_bbeb33cbdced	GSE261774	Breast cancer	epithelial_solid_default	3173	4	1699	skipped_insufficient_cells	0	skipped_insufficient_cells	0	3173	0	0
GSE261774|GSE261774__GSM8151518_BC19108_filtered_feature_bc_matrix.h5	GSE261774_GSE261774__GSM8151518_BC19108_filtered_feature_bc_matr_1b13eae0a898	GSE261774	Breast cancer	epithelial_solid_default	2880	0	2733	skipped_insufficient_cells	0	skipped_insufficient_cells	0	2880	0	0
GSE261774|GSE261774__GSM8151519_BC19115_filtered_feature_bc_matrix.h5	GSE261774_GSE261774__GSM8151519_BC19115_filtered_feature_bc_matr_19a3f57a07b8	GSE261774	Breast cancer	epithelial_solid_default	3449	13	1662	skipped_insufficient_cells	0	skipped_insufficient_cells	0	3449	0	0
GSE261774|GSE261774__GSM8151520_BC19127_filtered_feature_bc_matrix.h5	GSE261774_GSE261774__GSM8151520_BC19127_filtered_feature_bc_matr_c09250c55824	GSE261774	Breast cancer	epithelial_solid_default	3600	0	3022	skipped_insufficient_cells	0	skipped_insufficient_cells	0	3600	0	0
GSE200997|B_cac10	GSE200997_B_cac10_8c7d022ec7a9	GSE200997	CRC	epithelial_solid_default	2515	230	1975	success	230	success	230	2515	0	0
GSE200997|B_cac11	GSE200997_B_cac11_77c76e56d979	GSE200997	CRC	epithelial_solid_default	4201	150	3496	success	150	skipped_insufficient_cells	0	4201	0	0
GSE200997|B_cac14	GSE200997_B_cac14_9f1dbacca8a0	GSE200997	CRC	epithelial_solid_default	4311	52	3741	success	52	skipped_insufficient_cells	0	4311	0	0
GSE200997|B_cac15	GSE200997_B_cac15_2fd5e051a315	GSE200997	CRC	epithelial_solid_default	761	223	461	success	223	success	223	761	0	0
GSE200997|B_cac4	GSE200997_B_cac4_2fbce8115862	GSE200997	CRC	epithelial_solid_default	2285	144	1841	success	144	skipped_insufficient_cells	0	2285	0	0
GSE200997|B_cac6	GSE200997_B_cac6_50afbd0aee93	GSE200997	CRC	epithelial_solid_default	516	56	374	success	56	skipped_insufficient_cells	0	516	0	0
GSE200997|B_cac7	GSE200997_B_cac7_fe141dc09f51	GSE200997	CRC	epithelial_solid_default	1427	554	663	success	554	success	554	1427	0	0
GSE200997|T_cac1	GSE200997_T_cac1_821833dfd1c2	GSE200997	CRC	epithelial_solid_default	1198	862	180	success	862	success	862	1198	0	0
GSE200997|T_cac10	GSE200997_T_cac10_360ca6b7de16	GSE200997	CRC	epithelial_solid_default	611	25	519	skipped_insufficient_cells	0	skipped_insufficient_cells	0	611	0	0
GSE200997|T_cac11	GSE200997_T_cac11_705ddf230f97	GSE200997	CRC	epithelial_solid_default	2509	566	1701	success	566	success	566	2509	0	0
GSE200997|T_cac12	GSE200997_T_cac12_f5a6abf17a6e	GSE200997	CRC	epithelial_solid_default	3621	129	2958	success	129	skipped_insufficient_cells	0	3621	0	0
GSE200997|T_cac13	GSE200997_T_cac13_a79ffc7e3fc4	GSE200997	CRC	epithelial_solid_default	2590	11	2163	skipped_insufficient_cells	0	skipped_insufficient_cells	0	2590	0	0
GSE200997|T_cac14	GSE200997_T_cac14_bca38a895669	GSE200997	CRC	epithelial_solid_default	3407	621	2437	success	621	success	621	3407	0	0
GSE200997|T_cac15	GSE200997_T_cac15_bf2fec7b828f	GSE200997	CRC	epithelial_solid_default	3468	25	2886	skipped_insufficient_cells	0	skipped_insufficient_cells	0	3468	0	0
GSE200997|T_cac16	GSE200997_T_cac16_1ad54970a432	GSE200997	CRC	epithelial_solid_default	1248	51	1001	success	51	skipped_insufficient_cells	0	1248	0	0
GSE200997|T_cac2	GSE200997_T_cac2_bbd5085fabb0	GSE200997	CRC	epithelial_solid_default	1671	1022	233	success	1022	success	1022	1671	0	0
GSE200997|T_cac3	GSE200997_T_cac3_4543460197a7	GSE200997	CRC	epithelial_solid_default	939	612	82	success	612	success	612	939	0	0
GSE200997|T_cac4	GSE200997_T_cac4_ff77dd8f7bc8	GSE200997	CRC	epithelial_solid_default	1484	17	1237	skipped_insufficient_cells	0	skipped_insufficient_cells	0	1484	0	0
GSE200997|T_cac5	GSE200997_T_cac5_82fc76fb8ac8	GSE200997	CRC	epithelial_solid_default	160	1	129	skipped_insufficient_cells	0	skipped_insufficient_cells	0	160	0	0
GSE200997|T_cac6	GSE200997_T_cac6_56d6cba136ee	GSE200997	CRC	epithelial_solid_default	1541	32	1320	success	32	skipped_insufficient_cells	0	1541	0	0
GSE200997|T_cac7	GSE200997_T_cac7_849e9b5b6118	GSE200997	CRC	epithelial_solid_default	1357	850	298	success	850	success	850	1357	0	0
GSE200997|T_cac8	GSE200997_T_cac8_6d949fc45692	GSE200997	CRC	epithelial_solid_default	786	169	520	success	169	skipped_insufficient_cells	0	786	0	0
GSE200997|T_cac9	GSE200997_T_cac9_298e650747bb	GSE200997	CRC	epithelial_solid_default	1459	99	1142	success	99	skipped_insufficient_cells	0	1459	0	0
GSE197461|GSM5917937_SCC_1	GSE197461_GSM5917937_SCC_1_1386c00ed1e1	GSE197461	Cervical SCC/adenocarcinoma	epithelial_solid_default	2378	210	1020	success	210	success	210	2378	0	0
GSE197461|GSM5917938_SCC_2	GSE197461_GSM5917938_SCC_2_da0edd6ad64b	GSE197461	Cervical SCC/adenocarcinoma	epithelial_solid_default	6123	91	4121	success	91	skipped_insufficient_cells	0	6123	0	0
GSE197461|GSM5917939_SCC_3	GSE197461_GSM5917939_SCC_3_2067a59d0500	GSE197461	Cervical SCC/adenocarcinoma	epithelial_solid_default	4860	405	905	success	405	success	405	4860	0	0
GSE197461|GSM5917940_ADC_1	GSE197461_GSM5917940_ADC_1_21c34b995baa	GSE197461	Cervical SCC/adenocarcinoma	epithelial_solid_default	3701	1247	1812	success	1247	success	1247	3701	0	0
GSE197461|GSM5917941_ADC_2	GSE197461_GSM5917941_ADC_2_fd8c0f9d683c	GSE197461	Cervical SCC/adenocarcinoma	epithelial_solid_default	1634	297	262	success	297	success	297	1634	0	0
GSE197461|GSM5917942_ADC_3	GSE197461_GSM5917942_ADC_3_335066c1d9f9	GSE197461	Cervical SCC/adenocarcinoma	epithelial_solid_default	2252	1497	316	success	1497	success	1497	2252	0	0
GSE197461|GSM5917943_ADC_4	GSE197461_GSM5917943_ADC_4_d4b01dd40ec5	GSE197461	Cervical SCC/adenocarcinoma	epithelial_solid_default	3606	197	2677	success	197	skipped_insufficient_cells	0	3606	0	0
GSE197461|GSM5917944_ADC_5	GSE197461_GSM5917944_ADC_5_92112c52830d	GSE197461	Cervical SCC/adenocarcinoma	epithelial_solid_default	2819	265	1917	success	265	success	265	2819	0	0
GSE297041|TWDD_CE321_C3A1G_HPV	GSE297041_TWDD_CE321_C3A1G_HPV_89d6beef88c7	GSE297041	Cervical cancer	epithelial_solid_default	1042	3	366	skipped_insufficient_cells	0	skipped_insufficient_cells	0	1042	0	0
GSE297041|TWDD_CE326_1	GSE297041_TWDD_CE326_1_60a8db5a901a	GSE297041	Cervical cancer	epithelial_solid_default	6019	499	443	success	499	success	499	6019	0	0
GSE297041|TWDD_CE326_2	GSE297041_TWDD_CE326_2_d3a8ce108ca8	GSE297041	Cervical cancer	epithelial_solid_default	5778	20	3327	skipped_insufficient_cells	0	skipped_insufficient_cells	0	5778	0	0
GSE297041|TWDD_CE326_3	GSE297041_TWDD_CE326_3_9aa7f0a7caff	GSE297041	Cervical cancer	epithelial_solid_default	8517	5	4176	skipped_insufficient_cells	0	skipped_insufficient_cells	0	8517	0	0
GSE297041|TWDD_CE327_1	GSE297041_TWDD_CE327_1_0839fc735fbd	GSE297041	Cervical cancer	epithelial_solid_default	6462	247	2690	success	247	success	247	6462	0	0
GSE297041|TWDD_CE330_XBc1_1	GSE297041_TWDD_CE330_XBc1_1_d0810e347e78	GSE297041	Cervical cancer	epithelial_solid_default	4518	626	1000	success	626	success	626	4518	0	0
GSE297041|TWDD_CE331E2_XBc1_1	GSE297041_TWDD_CE331E2_XBc1_1_ba4b16c99894	GSE297041	Cervical cancer	epithelial_solid_default	2777	252	1192	success	252	success	252	2777	0	0
GSE297041|TWDD_CE331E3_XBc3_1	GSE297041_TWDD_CE331E3_XBc3_1_4f2511e02f09	GSE297041	Cervical cancer	epithelial_solid_default	1626	28	894	skipped_insufficient_cells	0	skipped_insufficient_cells	0	1626	0	0
GSE297041|TWDD_CE331_XBc1_1	GSE297041_TWDD_CE331_XBc1_1_c34c84962c6e	GSE297041	Cervical cancer	epithelial_solid_default	2282	100	1483	success	100	skipped_insufficient_cells	0	2282	0	0
GSE297041|TWDD_CE332E1_XBc1_1	GSE297041_TWDD_CE332E1_XBc1_1_487e897c7e8c	GSE297041	Cervical cancer	epithelial_solid_default	6218	797	4244	success	797	success	797	6218	0	0
GSE297041|TWDD_CE468_XB1_1_HPV	GSE297041_TWDD_CE468_XB1_1_HPV_776b4d0201ac	GSE297041	Cervical cancer	epithelial_solid_default	2769	26	1627	skipped_insufficient_cells	0	skipped_insufficient_cells	0	2769	0	0
GSE297041|TWDD_CE468_XB2_2_HPV	GSE297041_TWDD_CE468_XB2_2_HPV_c1ab217de79c	GSE297041	Cervical cancer	epithelial_solid_default	132	1	58	skipped_insufficient_cells	0	skipped_insufficient_cells	0	132	0	0
GSE297041|TWDD_CE468_XB3_2_HPV	GSE297041_TWDD_CE468_XB3_2_HPV_cae6077124fe	GSE297041	Cervical cancer	epithelial_solid_default	313	31	174	success	31	skipped_insufficient_cells	0	313	0	0
GSE297041|TWDD_CE470_XB1_1_HPV	GSE297041_TWDD_CE470_XB1_1_HPV_d35919ad7c7f	GSE297041	Cervical cancer	epithelial_solid_default	3819	2407	442	success	2407	success	2407	3819	0	0
GSE297041|TWDD_CE470_XB2_1_HPV	GSE297041_TWDD_CE470_XB2_1_HPV_5e2ff52608cc	GSE297041	Cervical cancer	epithelial_solid_default	1045	605	128	success	605	success	605	1045	0	0
GSE297041|TWDD_CE470_XB3_1_HPV	GSE297041_TWDD_CE470_XB3_1_HPV_2eed419d31fd	GSE297041	Cervical cancer	epithelial_solid_default	5381	3635	941	success	3635	success	3635	5381	0	0
GSE297041|TWDD_CE507_XB1_1_HPV	GSE297041_TWDD_CE507_XB1_1_HPV_a7fde249075b	GSE297041	Cervical cancer	epithelial_solid_default	2433	1491	247	success	1491	success	1491	2433	0	0
GSE297041|TWDD_CE574_XB1_1_HPV	GSE297041_TWDD_CE574_XB1_1_HPV_e1cd1bdd87a0	GSE297041	Cervical cancer	epithelial_solid_default	6886	1704	1331	success	1704	success	1704	6886	0	0
GSE178481|GSE178481__GSM5392398_RCC-PR6-Normal.csv	GSE178481_GSE178481__GSM5392398_RCC-PR6-Normal.csv_2f6de0e4e3d4	GSE178481	Clear cell renal cell carcinoma	epithelial_solid_default	1026	13	625	skipped_insufficient_cells	0	skipped_insufficient_cells	0	1026	0	0
GSE178481|GSE178481__GSM5392400_RCC-PR8-Normal.csv	GSE178481_GSE178481__GSM5392400_RCC-PR8-Normal.csv_181709a2bca3	GSE178481	Clear cell renal cell carcinoma	epithelial_solid_default	1162	2	961	skipped_insufficient_cells	0	skipped_insufficient_cells	0	1162	0	0
GSE178481|GSE178481__GSM5392401_RCC-PR7-PTumor.csv	GSE178481_GSE178481__GSM5392401_RCC-PR7-PTumor.csv_fc7aace6f883	GSE178481	Clear cell renal cell carcinoma	epithelial_solid_default	2991	158	1637	success	158	skipped_insufficient_cells	0	2991	0	0
GSE178481|GSE178481__GSM5392402_RCC-PR9-Normal.csv	GSE178481_GSE178481__GSM5392402_RCC-PR9-Normal.csv_20479ef5a3fb	GSE178481	Clear cell renal cell carcinoma	epithelial_solid_default	3089	34	2348	success	34	skipped_insufficient_cells	0	3089	0	0
GSE178481|GSE178481__GSM5392403_RCC-PR9-PTumor.csv	GSE178481_GSE178481__GSM5392403_RCC-PR9-PTumor.csv_adab2fa73ffc	GSE178481	Clear cell renal cell carcinoma	epithelial_solid_default	4950	9	4408	skipped_insufficient_cells	0	skipped_insufficient_cells	0	4950	0	0
GSE178481|GSE178481__GSM5392404_RCC-PR9-PTumor2.csv	GSE178481_GSE178481__GSM5392404_RCC-PR9-PTumor2.csv_343a4c073fe8	GSE178481	Clear cell renal cell carcinoma	epithelial_solid_default	4767	11	3676	skipped_insufficient_cells	0	skipped_insufficient_cells	0	4767	0	0
GSE178481|GSE178481__GSM5392405_RCC-PR5-Normal.csv	GSE178481_GSE178481__GSM5392405_RCC-PR5-Normal.csv_241c6cc889e2	GSE178481	Clear cell renal cell carcinoma	epithelial_solid_default	3253	4	2872	skipped_insufficient_cells	0	skipped_insufficient_cells	0	3253	0	0
GSE178481|GSE178481__GSM5392406_RCC-PR5-PTumor1.csv	GSE178481_GSE178481__GSM5392406_RCC-PR5-PTumor1.csv_454641ad3b62	GSE178481	Clear cell renal cell carcinoma	epithelial_solid_default	6191	17	5136	skipped_insufficient_cells	0	skipped_insufficient_cells	0	6191	0	0
GSE178481|GSE178481__GSM5392407_RCC-PR5-PTumor2.csv	GSE178481_GSE178481__GSM5392407_RCC-PR5-PTumor2.csv_bafbdcfad466	GSE178481	Clear cell renal cell carcinoma	epithelial_solid_default	4085	3	3367	skipped_insufficient_cells	0	skipped_insufficient_cells	0	4085	0	0
GSE178481|GSE178481__GSM5392408_RCC-PR5-PTumor3.csv	GSE178481_GSE178481__GSM5392408_RCC-PR5-PTumor3.csv_175c06b8b85e	GSE178481	Clear cell renal cell carcinoma	epithelial_solid_default	5367	7	4435	skipped_insufficient_cells	0	skipped_insufficient_cells	0	5367	0	0
GSE178481|GSE178481__GSM5392409_RCC-BM1-PTumor.csv	GSE178481_GSE178481__GSM5392409_RCC-BM1-PTumor.csv_f6aa319a11f0	GSE178481	Clear cell renal cell carcinoma	epithelial_solid_default	6527	5	5819	skipped_insufficient_cells	0	skipped_insufficient_cells	0	6527	0	0
GSE178481|GSE178481__GSM5392410_RCC-BM1-Normal.csv	GSE178481_GSE178481__GSM5392410_RCC-BM1-Normal.csv_f6fe81d84efd	GSE178481	Clear cell renal cell carcinoma	epithelial_solid_default	4478	279	2499	success	279	success	279	4478	0	0
GSE178481|GSE178481__GSM5392411_RCC-BM2-PTumor1.csv	GSE178481_GSE178481__GSM5392411_RCC-BM2-PTumor1.csv_4678cb0656f7	GSE178481	Clear cell renal cell carcinoma	epithelial_solid_default	4038	13	3337	skipped_insufficient_cells	0	skipped_insufficient_cells	0	4038	0	0
GSE178481|GSE178481__GSM5392412_RCC-BM2-PTumor2.csv	GSE178481_GSE178481__GSM5392412_RCC-BM2-PTumor2.csv_b706701c489c	GSE178481	Clear cell renal cell carcinoma	epithelial_solid_default	4223	19	3837	skipped_insufficient_cells	0	skipped_insufficient_cells	0	4223	0	0
GSE178481|GSE178481__GSM5392413_RCC-BM2-Normal.csv	GSE178481_GSE178481__GSM5392413_RCC-BM2-Normal.csv_68bb9907d4d9	GSE178481	Clear cell renal cell carcinoma	epithelial_solid_default	1825	372	1005	success	372	success	372	1825	0	0
GSE178481|GSE178481__GSM5392414_RCC-PR1-Normal.csv	GSE178481_GSE178481__GSM5392414_RCC-PR1-Normal.csv_012465b8521e	GSE178481	Clear cell renal cell carcinoma	epithelial_solid_default	1233	102	753	success	102	skipped_insufficient_cells	0	1233	0	0
GSE178481|GSE178481__GSM5392415_RCC-PR1-PTumor.csv	GSE178481_GSE178481__GSM5392415_RCC-PR1-PTumor.csv_16b48c4f3659	GSE178481	Clear cell renal cell carcinoma	epithelial_solid_default	4421	3415	546	success	3415	success	3415	4421	0	0
GSE178481|GSE178481__GSM5392416_RCC-PR2-Normal.csv	GSE178481_GSE178481__GSM5392416_RCC-PR2-Normal.csv_11e5840c27b0	GSE178481	Clear cell renal cell carcinoma	epithelial_solid_default	917	69	518	success	69	skipped_insufficient_cells	0	917	0	0
GSE178481|GSE178481__GSM5392417_RCC-PR2-PTumor.csv	GSE178481_GSE178481__GSM5392417_RCC-PR2-PTumor.csv_58a69499ed08	GSE178481	Clear cell renal cell carcinoma	epithelial_solid_default	4654	27	3666	skipped_insufficient_cells	0	skipped_insufficient_cells	0	4654	0	0
GSE178481|GSE178481__GSM5392418_RCC-PR4-Normal.csv	GSE178481_GSE178481__GSM5392418_RCC-PR4-Normal.csv_ee021aef40fb	GSE178481	Clear cell renal cell carcinoma	epithelial_solid_default	743	4	626	skipped_insufficient_cells	0	skipped_insufficient_cells	0	743	0	0
GSE178481|GSE178481__GSM5392419_RCC-PR4-PTumor.csv	GSE178481_GSE178481__GSM5392419_RCC-PR4-PTumor.csv_be6fc4686971	GSE178481	Clear cell renal cell carcinoma	epithelial_solid_default	4816	49	4271	success	49	skipped_insufficient_cells	0	4816	0	0
GSE178481|GSE178481__GSM5392420_RCC-PR3-Normal.csv	GSE178481_GSE178481__GSM5392420_RCC-PR3-Normal.csv_776da34d7809	GSE178481	Clear cell renal cell carcinoma	epithelial_solid_default	2119	238	1357	success	238	success	238	2119	0	0
GSE178481|GSE178481__GSM5392421_RCC-PR3-PTumor1.csv	GSE178481_GSE178481__GSM5392421_RCC-PR3-PTumor1.csv_64738d5d548f	GSE178481	Clear cell renal cell carcinoma	epithelial_solid_default	6999	31	6267	success	31	skipped_insufficient_cells	0	6999	0	0
GSE178481|GSE178481__GSM5392422_RCC-PR3-PTumor2.csv	GSE178481_GSE178481__GSM5392422_RCC-PR3-PTumor2.csv_9ca091f74fe8	GSE178481	Clear cell renal cell carcinoma	epithelial_solid_default	5947	42	4416	success	42	skipped_insufficient_cells	0	5947	0	0
GSE178481|GSE178481__GSM5392423_RCC-PR3-PTumor3.csv	GSE178481_GSE178481__GSM5392423_RCC-PR3-PTumor3.csv_56a8aff36d09	GSE178481	Clear cell renal cell carcinoma	epithelial_solid_default	7830	188	5689	success	188	skipped_insufficient_cells	0	7830	0	0
GSE269826|T17A	GSE269826_T17A_14e09f97a17b	GSE269826	Clear cell renal cell carcinoma	epithelial_solid_default	1170	1161	2	skipped_insufficient_cells	0	success	1161	1170	0	0
GSE269826|T17B	GSE269826_T17B_d23291c593e0	GSE269826	Clear cell renal cell carcinoma	epithelial_solid_default	405	387	7	skipped_insufficient_cells	0	success	387	405	0	0
GSE269826|T17C	GSE269826_T17C_93dc2443e9a8	GSE269826	Clear cell renal cell carcinoma	epithelial_solid_default	185	157	14	skipped_insufficient_cells	0	skipped_insufficient_cells	0	185	0	0
GSE269826|T17D	GSE269826_T17D_6025fd7b4409	GSE269826	Clear cell renal cell carcinoma	epithelial_solid_default	788	747	5	skipped_insufficient_cells	0	success	747	788	0	0
GSE269826|T17E	GSE269826_T17E_94a67c67cf7f	GSE269826	Clear cell renal cell carcinoma	epithelial_solid_default	191	163	13	skipped_insufficient_cells	0	skipped_insufficient_cells	0	191	0	0
GSE269826|T17F	GSE269826_T17F_f087f0e8268c	GSE269826	Clear cell renal cell carcinoma	epithelial_solid_default	160	149	4	skipped_insufficient_cells	0	skipped_insufficient_cells	0	160	0	0
GSE269826|T17G	GSE269826_T17G_3f96986471dc	GSE269826	Clear cell renal cell carcinoma	epithelial_solid_default	512	437	39	skipped_insufficient_cells	0	success	437	512	0	0
GSE132465|GSE132465__SMC01-N	GSE132465_GSE132465__SMC01-N_34578b51595d	GSE132465	Colorectal cancer	epithelial_solid_default	1460	30	1053	success	30	skipped_insufficient_cells	0	1460	0	0
GSE132465|GSE132465__SMC01-T	GSE132465_GSE132465__SMC01-T_fdc0e7e5585b	GSE132465	Colorectal cancer	epithelial_solid_default	2282	736	1269	success	736	success	736	2282	0	0
GSE132465|GSE132465__SMC02-N	GSE132465_GSE132465__SMC02-N_184fd0e5042f	GSE132465	Colorectal cancer	epithelial_solid_default	729	23	497	skipped_insufficient_cells	0	skipped_insufficient_cells	0	729	0	0
GSE132465|GSE132465__SMC02-T	GSE132465_GSE132465__SMC02-T_4f9e4c007e0b	GSE132465	Colorectal cancer	epithelial_solid_default	1067	72	789	success	72	skipped_insufficient_cells	0	1067	0	0
GSE132465|GSE132465__SMC03-N	GSE132465_GSE132465__SMC03-N_e09b6d775ce7	GSE132465	Colorectal cancer	epithelial_solid_default	758	8	730	skipped_insufficient_cells	0	skipped_insufficient_cells	0	758	0	0
GSE132465|GSE132465__SMC03-T	GSE132465_GSE132465__SMC03-T_c8cf6a73732e	GSE132465	Colorectal cancer	epithelial_solid_default	1639	594	687	success	594	success	594	1639	0	0
GSE132465|GSE132465__SMC04-N	GSE132465_GSE132465__SMC04-N_90f0ab6163a2	GSE132465	Colorectal cancer	epithelial_solid_default	1016	24	629	skipped_insufficient_cells	0	skipped_insufficient_cells	0	1016	0	0
GSE132465|GSE132465__SMC04-T	GSE132465_GSE132465__SMC04-T_aafa79c2b827	GSE132465	Colorectal cancer	epithelial_solid_default	1264	55	827	success	55	skipped_insufficient_cells	0	1264	0	0
GSE132465|GSE132465__SMC05-N	GSE132465_GSE132465__SMC05-N_d25882946c6f	GSE132465	Colorectal cancer	epithelial_solid_default	690	17	494	skipped_insufficient_cells	0	skipped_insufficient_cells	0	690	0	0
GSE132465|GSE132465__SMC05-T	GSE132465_GSE132465__SMC05-T_db5fdade4df0	GSE132465	Colorectal cancer	epithelial_solid_default	506	1	482	skipped_insufficient_cells	0	skipped_insufficient_cells	0	506	0	0
GSE132465|GSE132465__SMC06-N	GSE132465_GSE132465__SMC06-N_6c02c4d61107	GSE132465	Colorectal cancer	epithelial_solid_default	926	5	869	skipped_insufficient_cells	0	skipped_insufficient_cells	0	926	0	0
GSE132465|GSE132465__SMC06-T	GSE132465_GSE132465__SMC06-T_3eb6bdd959aa	GSE132465	Colorectal cancer	epithelial_solid_default	1042	3	930	skipped_insufficient_cells	0	skipped_insufficient_cells	0	1042	0	0
GSE132465|GSE132465__SMC07-N	GSE132465_GSE132465__SMC07-N_a0ff3f05c018	GSE132465	Colorectal cancer	epithelial_solid_default	1469	14	1115	skipped_insufficient_cells	0	skipped_insufficient_cells	0	1469	0	0
GSE132465|GSE132465__SMC07-T	GSE132465_GSE132465__SMC07-T_6b2ac9a4db3a	GSE132465	Colorectal cancer	epithelial_solid_default	2568	98	2239	success	98	skipped_insufficient_cells	0	2568	0	0
GSE132465|GSE132465__SMC08-N	GSE132465_GSE132465__SMC08-N_e64babee98cd	GSE132465	Colorectal cancer	epithelial_solid_default	1110	0	1028	skipped_insufficient_cells	0	skipped_insufficient_cells	0	1110	0	0
GSE132465|GSE132465__SMC08-T	GSE132465_GSE132465__SMC08-T_fe1d9547f462	GSE132465	Colorectal cancer	epithelial_solid_default	1374	106	1102	success	106	skipped_insufficient_cells	0	1374	0	0
GSE132465|GSE132465__SMC09-N	GSE132465_GSE132465__SMC09-N_31533aadacb7	GSE132465	Colorectal cancer	epithelial_solid_default	588	29	432	skipped_insufficient_cells	0	skipped_insufficient_cells	0	588	0	0
GSE132465|GSE132465__SMC09-T	GSE132465_GSE132465__SMC09-T_911db547ff4b	GSE132465	Colorectal cancer	epithelial_solid_default	3334	1497	1533	success	1497	success	1497	3334	0	0
GSE132465|GSE132465__SMC10-N	GSE132465_GSE132465__SMC10-N_df1685dfac57	GSE132465	Colorectal cancer	epithelial_solid_default	1361	19	663	skipped_insufficient_cells	0	skipped_insufficient_cells	0	1361	0	0
GSE132465|GSE132465__SMC10-T	GSE132465_GSE132465__SMC10-T_b21b8013e0c6	GSE132465	Colorectal cancer	epithelial_solid_default	1708	262	1018	success	262	success	262	1708	0	0
GSE132465|GSE132465__SMC11-T	GSE132465_GSE132465__SMC11-T_058e95446b55	GSE132465	Colorectal cancer	epithelial_solid_default	1129	27	985	skipped_insufficient_cells	0	skipped_insufficient_cells	0	1129	0	0
GSE132465|GSE132465__SMC14-T	GSE132465_GSE132465__SMC14-T_df1f58d556dc	GSE132465	Colorectal cancer	epithelial_solid_default	1224	31	818	success	31	skipped_insufficient_cells	0	1224	0	0
GSE132465|GSE132465__SMC15-T	GSE132465_GSE132465__SMC15-T_0ab61b734078	GSE132465	Colorectal cancer	epithelial_solid_default	1388	24	1074	skipped_insufficient_cells	0	skipped_insufficient_cells	0	1388	0	0
GSE132465|GSE132465__SMC16-T	GSE132465_GSE132465__SMC16-T_f2c11e61cea4	GSE132465	Colorectal cancer	epithelial_solid_default	2300	2281	16	skipped_insufficient_cells	0	success	2281	2300	0	0
GSE132465|GSE132465__SMC17-T	GSE132465_GSE132465__SMC17-T_01cb04f5029c	GSE132465	Colorectal cancer	epithelial_solid_default	1003	337	363	success	337	success	337	1003	0	0
GSE132465|GSE132465__SMC18-T	GSE132465_GSE132465__SMC18-T_c1a56f9be271	GSE132465	Colorectal cancer	epithelial_solid_default	1252	1198	20	skipped_insufficient_cells	0	success	1198	1252	0	0
GSE132465|GSE132465__SMC19-T	GSE132465_GSE132465__SMC19-T_5d78088be279	GSE132465	Colorectal cancer	epithelial_solid_default	1017	62	922	success	62	skipped_insufficient_cells	0	1017	0	0
GSE132465|GSE132465__SMC20-T	GSE132465_GSE132465__SMC20-T_30a4f36405fd	GSE132465	Colorectal cancer	epithelial_solid_default	1318	298	547	success	298	success	298	1318	0	0
GSE132465|GSE132465__SMC21-T	GSE132465_GSE132465__SMC21-T_f9cc3abef1e5	GSE132465	Colorectal cancer	epithelial_solid_default	1748	1499	198	success	1499	success	1499	1748	0	0
GSE132465|GSE132465__SMC22-T	GSE132465_GSE132465__SMC22-T_0f89f28b9a36	GSE132465	Colorectal cancer	epithelial_solid_default	1605	1497	38	skipped_insufficient_cells	0	success	1497	1605	0	0
GSE132465|GSE132465__SMC23-T	GSE132465_GSE132465__SMC23-T_d5fa18215252	GSE132465	Colorectal cancer	epithelial_solid_default	1062	208	685	success	208	success	208	1062	0	0
GSE132465|GSE132465__SMC24-T	GSE132465_GSE132465__SMC24-T_0a4673a3678d	GSE132465	Colorectal cancer	epithelial_solid_default	1035	54	769	success	54	skipped_insufficient_cells	0	1035	0	0
GSE132465|GSE132465__SMC25-T	GSE132465_GSE132465__SMC25-T_4b899b4dd97b	GSE132465	Colorectal cancer	epithelial_solid_default	1102	58	968	success	58	skipped_insufficient_cells	0	1102	0	0
GSE166555|GSE166555__SeuratProject	GSE166555_GSE166555__SeuratProject_b39957b09c1e	GSE166555	Colorectal cancer	epithelial_solid_default	9847	4886	4131	success	4886	success	4886	9847	0	0
GSE166555|GSE166555__cellranger	GSE166555_GSE166555__cellranger_1114f1107282	GSE166555	Colorectal cancer	epithelial_solid_default	38972	18991	15628	success	18991	success	18991	38972	0	0
GSE178341|GSE178341__C103_T_1_1_0_c1_v2	GSE178341_GSE178341__C103_T_1_1_0_c1_v2_e3462f91d74e	GSE178341	Colorectal cancer	epithelial_solid_default	3934	3188	556	success	3188	success	3188	3934	0	0
GSE178341|GSE178341__C103_T_1_1_3_c1_v2	GSE178341_GSE178341__C103_T_1_1_3_c1_v2_10216ab44f2f	GSE178341	Colorectal cancer	epithelial_solid_default	617	10	553	skipped_insufficient_cells	0	skipped_insufficient_cells	0	617	0	0
GSE178341|GSE178341__C104_T_1_1_0_c1_v2	GSE178341_GSE178341__C104_T_1_1_0_c1_v2_f96825c32a90	GSE178341	Colorectal cancer	epithelial_solid_default	720	283	375	success	283	success	283	720	0	0
GSE178341|GSE178341__C104_T_1_1_3_c1_v2	GSE178341_GSE178341__C104_T_1_1_3_c1_v2_e28db40745ad	GSE178341	Colorectal cancer	epithelial_solid_default	285	73	187	success	73	skipped_insufficient_cells	0	285	0	0
GSE178341|GSE178341__C105_T_1_1_0_c1_v2	GSE178341_GSE178341__C105_T_1_1_0_c1_v2_89cfcd798fc8	GSE178341	Colorectal cancer	epithelial_solid_default	1310	632	495	success	632	success	632	1310	0	0
GSE178341|GSE178341__C105_T_1_1_3_c1_v2	GSE178341_GSE178341__C105_T_1_1_3_c1_v2_f66dab867307	GSE178341	Colorectal cancer	epithelial_solid_default	695	36	516	success	36	skipped_insufficient_cells	0	695	0	0
GSE178341|GSE178341__C106_N_1_1_0_c1_v2	GSE178341_GSE178341__C106_N_1_1_0_c1_v2_67bf59e5bdd7	GSE178341	Colorectal cancer	epithelial_solid_default	505	282	138	success	282	success	282	505	0	0
GSE178341|GSE178341__C106_N_1_1_3_c1_v2	GSE178341_GSE178341__C106_N_1_1_3_c1_v2_2f1bc20bfd1c	GSE178341	Colorectal cancer	epithelial_solid_default	85	7	51	skipped_insufficient_cells	0	skipped_insufficient_cells	0	85	0	0
GSE178341|GSE178341__C106_T_1_1_0_c1_v2	GSE178341_GSE178341__C106_T_1_1_0_c1_v2_fffeaa9dc2d1	GSE178341	Colorectal cancer	epithelial_solid_default	684	308	323	success	308	success	308	684	0	0
GSE178341|GSE178341__C106_T_1_1_3_c1_v2	GSE178341_GSE178341__C106_T_1_1_3_c1_v2_28a23642d2ce	GSE178341	Colorectal cancer	epithelial_solid_default	396	58	298	success	58	skipped_insufficient_cells	0	396	0	0
GSE178341|GSE178341__C107_N_1_1_0_c1_v2	GSE178341_GSE178341__C107_N_1_1_0_c1_v2_1657d74ad689	GSE178341	Colorectal cancer	epithelial_solid_default	881	379	381	success	379	success	379	881	0	0
GSE178341|GSE178341__C107_T_1_1_0_c1_v2	GSE178341_GSE178341__C107_T_1_1_0_c1_v2_9d1ba98ffb5c	GSE178341	Colorectal cancer	epithelial_solid_default	1952	1055	793	success	1055	success	1055	1952	0	0
GSE178341|GSE178341__C107_T_1_1_1_c1_v2	GSE178341_GSE178341__C107_T_1_1_1_c1_v2_90c1a2518c25	GSE178341	Colorectal cancer	epithelial_solid_default	861	233	509	success	233	success	233	861	0	0
GSE178341|GSE178341__C107_T_1_1_3_c1_v2	GSE178341_GSE178341__C107_T_1_1_3_c1_v2_ef91f86c6516	GSE178341	Colorectal cancer	epithelial_solid_default	1043	12	954	skipped_insufficient_cells	0	skipped_insufficient_cells	0	1043	0	0
GSE178341|GSE178341__C109_N_0_1_0_c1_v2	GSE178341_GSE178341__C109_N_0_1_0_c1_v2_83af0673d3eb	GSE178341	Colorectal cancer	epithelial_solid_default	941	525	184	success	525	success	525	941	0	0
GSE178341|GSE178341__C109_T_0_1_0_c1_v2	GSE178341_GSE178341__C109_T_0_1_0_c1_v2_6735c1af0b75	GSE178341	Colorectal cancer	epithelial_solid_default	810	626	123	success	626	success	626	810	0	0
GSE178341|GSE178341__C109_T_0_1_1_c1_v2	GSE178341_GSE178341__C109_T_0_1_1_c1_v2_8ebbfa8be3bd	GSE178341	Colorectal cancer	epithelial_solid_default	351	106	208	success	106	skipped_insufficient_cells	0	351	0	0
GSE178341|GSE178341__C110_N_1_1_0_c1_v2	GSE178341_GSE178341__C110_N_1_1_0_c1_v2_28e5cf50e2bc	GSE178341	Colorectal cancer	epithelial_solid_default	1484	17	1351	skipped_insufficient_cells	0	skipped_insufficient_cells	0	1484	0	0
GSE178341|GSE178341__C110_T_1_1_0_c1_v2	GSE178341_GSE178341__C110_T_1_1_0_c1_v2_0299d90e083e	GSE178341	Colorectal cancer	epithelial_solid_default	773	217	464	success	217	success	217	773	0	0
GSE178341|GSE178341__C110_T_1_1_1_c1_v2	GSE178341_GSE178341__C110_T_1_1_1_c1_v2_3e48c624041a	GSE178341	Colorectal cancer	epithelial_solid_default	967	209	613	success	209	success	209	967	0	0
GSE178341|GSE178341__C111_N_0_2_0_c1_v2	GSE178341_GSE178341__C111_N_0_2_0_c1_v2_b075b3d92cc3	GSE178341	Colorectal cancer	epithelial_solid_default	554	21	419	skipped_insufficient_cells	0	skipped_insufficient_cells	0	554	0	0
GSE178341|GSE178341__C111_N_0_2_1_c1_v2	GSE178341_GSE178341__C111_N_0_2_1_c1_v2_9c686156cfa8	GSE178341	Colorectal cancer	epithelial_solid_default	888	16	620	skipped_insufficient_cells	0	skipped_insufficient_cells	0	888	0	0
GSE178341|GSE178341__C111_T_0_2_0_c1_v2	GSE178341_GSE178341__C111_T_0_2_0_c1_v2_83728c80e432	GSE178341	Colorectal cancer	epithelial_solid_default	746	159	388	success	159	skipped_insufficient_cells	0	746	0	0
GSE178341|GSE178341__C111_T_0_2_0_c2_v2	GSE178341_GSE178341__C111_T_0_2_0_c2_v2_05685417b934	GSE178341	Colorectal cancer	epithelial_solid_default	144	42	84	success	42	skipped_insufficient_cells	0	144	0	0
GSE178341|GSE178341__C111_T_0_2_1_c1_v2	GSE178341_GSE178341__C111_T_0_2_1_c1_v2_96d6d20c807c	GSE178341	Colorectal cancer	epithelial_solid_default	430	39	267	success	39	skipped_insufficient_cells	0	430	0	0
GSE178341|GSE178341__C112_N_0_1_2_c1_v2	GSE178341_GSE178341__C112_N_0_1_2_c1_v2_179c6872fb1c	GSE178341	Colorectal cancer	epithelial_solid_default	1150	66	809	success	66	skipped_insufficient_cells	0	1150	0	0
GSE178341|GSE178341__C112_T_0_1_0_c1_v2	GSE178341_GSE178341__C112_T_0_1_0_c1_v2_85faaeae9880	GSE178341	Colorectal cancer	epithelial_solid_default	1905	984	709	success	984	success	984	1905	0	0
GSE178341|GSE178341__C112_T_0_1_1_c1_v2	GSE178341_GSE178341__C112_T_0_1_1_c1_v2_00eb5859b2c6	GSE178341	Colorectal cancer	epithelial_solid_default	1044	98	776	success	98	skipped_insufficient_cells	0	1044	0	0
GSE178341|GSE178341__C113_N_1_1_0_c1_v2	GSE178341_GSE178341__C113_N_1_1_0_c1_v2_61f81c0545c9	GSE178341	Colorectal cancer	epithelial_solid_default	230	62	123	success	62	skipped_insufficient_cells	0	230	0	0
GSE178341|GSE178341__C113_T_1_1_0_c1_v2	GSE178341_GSE178341__C113_T_1_1_0_c1_v2_6c5cff9988a1	GSE178341	Colorectal cancer	epithelial_solid_default	1217	639	539	success	639	success	639	1217	0	0
GSE178341|GSE178341__C113_T_1_1_1_c1_v2	GSE178341_GSE178341__C113_T_1_1_1_c1_v2_43bd3d510735	GSE178341	Colorectal cancer	epithelial_solid_default	1053	601	395	success	601	success	601	1053	0	0
GSE178341|GSE178341__C114_N_1_1_2_c1_v2	GSE178341_GSE178341__C114_N_1_1_2_c1_v2_dbe75fa1291b	GSE178341	Colorectal cancer	epithelial_solid_default	993	59	830	success	59	skipped_insufficient_cells	0	993	0	0
GSE178341|GSE178341__C114_T_1_1_0_c1_v2	GSE178341_GSE178341__C114_T_1_1_0_c1_v2_569db58136aa	GSE178341	Colorectal cancer	epithelial_solid_default	652	294	317	success	294	success	294	652	0	0
GSE178341|GSE178341__C114_T_1_1_1_c1_v2	GSE178341_GSE178341__C114_T_1_1_1_c1_v2_73b700e24fc2	GSE178341	Colorectal cancer	epithelial_solid_default	795	321	403	success	321	success	321	795	0	0
GSE178341|GSE178341__C115_N_1_1_2_c1_v2	GSE178341_GSE178341__C115_N_1_1_2_c1_v2_f9795f46f125	GSE178341	Colorectal cancer	epithelial_solid_default	405	24	317	skipped_insufficient_cells	0	skipped_insufficient_cells	0	405	0	0
GSE178341|GSE178341__C115_T_1_1_1_c1_v2	GSE178341_GSE178341__C115_T_1_1_1_c1_v2_13ed8dcb560a	GSE178341	Colorectal cancer	epithelial_solid_default	46	1	39	skipped_insufficient_cells	0	skipped_insufficient_cells	0	46	0	0
GSE178341|GSE178341__C115_T_1_1_2_c1_v2	GSE178341_GSE178341__C115_T_1_1_2_c1_v2_4c8832c4be9d	GSE178341	Colorectal cancer	epithelial_solid_default	502	196	231	success	196	skipped_insufficient_cells	0	502	0	0
GSE178341|GSE178341__C116_N_0_2_2_c1_v2	GSE178341_GSE178341__C116_N_0_2_2_c1_v2_f81b69761bcd	GSE178341	Colorectal cancer	epithelial_solid_default	1038	437	534	success	437	success	437	1038	0	0
GSE178341|GSE178341__C116_T_0_2_0_c1_v2	GSE178341_GSE178341__C116_T_0_2_0_c1_v2_55b85a58985d	GSE178341	Colorectal cancer	epithelial_solid_default	521	22	484	skipped_insufficient_cells	0	skipped_insufficient_cells	0	521	0	0
GSE178341|GSE178341__C116_T_0_2_1_c1_v2	GSE178341_GSE178341__C116_T_0_2_1_c1_v2_63c5be2241cd	GSE178341	Colorectal cancer	epithelial_solid_default	610	95	470	success	95	skipped_insufficient_cells	0	610	0	0
GSE178341|GSE178341__C116_T_0_2_2_c1_v2	GSE178341_GSE178341__C116_T_0_2_2_c1_v2_42cc1f48ea76	GSE178341	Colorectal cancer	epithelial_solid_default	612	126	454	success	126	skipped_insufficient_cells	0	612	0	0
GSE178341|GSE178341__C118_T_1_1_1_c1_v2	GSE178341_GSE178341__C118_T_1_1_1_c1_v2_397f17d423d4	GSE178341	Colorectal cancer	epithelial_solid_default	892	157	655	success	157	skipped_insufficient_cells	0	892	0	0
GSE178341|GSE178341__C118_T_1_1_2_c1_v2	GSE178341_GSE178341__C118_T_1_1_2_c1_v2_2b9df4fabbda	GSE178341	Colorectal cancer	epithelial_solid_default	925	293	565	success	293	success	293	925	0	0
GSE178341|GSE178341__C119_N_0_2_0_c1_v2	GSE178341_GSE178341__C119_N_0_2_0_c1_v2_91c75a2348f8	GSE178341	Colorectal cancer	epithelial_solid_default	26	7	16	skipped_insufficient_cells	0	skipped_insufficient_cells	0	26	0	0
GSE178341|GSE178341__C119_T_0_2_0_c1_v2	GSE178341_GSE178341__C119_T_0_2_0_c1_v2_0027c4b0642e	GSE178341	Colorectal cancer	epithelial_solid_default	1003	594	362	success	594	success	594	1003	0	0
GSE178341|GSE178341__C122_N_1_1_0_c1_v2	GSE178341_GSE178341__C122_N_1_1_0_c1_v2_9412c4daab93	GSE178341	Colorectal cancer	epithelial_solid_default	777	384	260	success	384	success	384	777	0	0
GSE178341|GSE178341__C122_N_1_1_1_c1_v2	GSE178341_GSE178341__C122_N_1_1_1_c1_v2_0aa2835bd102	GSE178341	Colorectal cancer	epithelial_solid_default	925	468	329	success	468	success	468	925	0	0
GSE178341|GSE178341__C122_T_1_1_0_c1_v2	GSE178341_GSE178341__C122_T_1_1_0_c1_v2_02b14073b58f	GSE178341	Colorectal cancer	epithelial_solid_default	1301	777	422	success	777	success	777	1301	0	0
GSE178341|GSE178341__C122_T_1_1_1_c1_v2	GSE178341_GSE178341__C122_T_1_1_1_c1_v2_54e469c15169	GSE178341	Colorectal cancer	epithelial_solid_default	429	243	153	success	243	success	243	429	0	0
GSE178341|GSE178341__C123_N_1_1_0_c1_v2	GSE178341_GSE178341__C123_N_1_1_0_c1_v2_67bf9bf62a0c	GSE178341	Colorectal cancer	epithelial_solid_default	920	271	530	success	271	success	271	920	0	0
GSE178341|GSE178341__C123_N_1_1_1_c1_v2	GSE178341_GSE178341__C123_N_1_1_1_c1_v2_269e55b9b93e	GSE178341	Colorectal cancer	epithelial_solid_default	1658	85	1402	success	85	skipped_insufficient_cells	0	1658	0	0
GSE178341|GSE178341__C123_T_1_1_0_c1_v2	GSE178341_GSE178341__C123_T_1_1_0_c1_v2_0a26732e7231	GSE178341	Colorectal cancer	epithelial_solid_default	3391	1297	1862	success	1297	success	1297	3391	0	0
GSE178341|GSE178341__C123_T_1_1_1_c1_v2	GSE178341_GSE178341__C123_T_1_1_1_c1_v2_43f01b9e2ddb	GSE178341	Colorectal cancer	epithelial_solid_default	2216	545	1436	success	545	success	545	2216	0	0
GSE178341|GSE178341__C124_N_0_3_0_c1_v2	GSE178341_GSE178341__C124_N_0_3_0_c1_v2_0f3c13182f2e	GSE178341	Colorectal cancer	epithelial_solid_default	3167	2654	277	success	2654	success	2654	3167	0	0
GSE178341|GSE178341__C124_N_0_3_1_c1_v2	GSE178341_GSE178341__C124_N_0_3_1_c1_v2_184a8c307fd8	GSE178341	Colorectal cancer	epithelial_solid_default	3483	2247	1012	success	2247	success	2247	3483	0	0
GSE178341|GSE178341__C124_T_0_3_0_c1_v2	GSE178341_GSE178341__C124_T_0_3_0_c1_v2_d8d3b5918ef5	GSE178341	Colorectal cancer	epithelial_solid_default	1863	164	1361	success	164	skipped_insufficient_cells	0	1863	0	0
GSE178341|GSE178341__C124_T_0_3_1_c1_v2	GSE178341_GSE178341__C124_T_0_3_1_c1_v2_529321a1a767	GSE178341	Colorectal cancer	epithelial_solid_default	2262	16	1790	skipped_insufficient_cells	0	skipped_insufficient_cells	0	2262	0	0
GSE178341|GSE178341__C125_N_1_1_0_c1_v2	GSE178341_GSE178341__C125_N_1_1_0_c1_v2_85b66ff0ea9d	GSE178341	Colorectal cancer	epithelial_solid_default	1258	576	469	success	576	success	576	1258	0	0
GSE178341|GSE178341__C125_N_1_1_1_c1_v2	GSE178341_GSE178341__C125_N_1_1_1_c1_v2_8cdeba81ae1a	GSE178341	Colorectal cancer	epithelial_solid_default	1451	351	837	success	351	success	351	1451	0	0
GSE178341|GSE178341__C125_T_1_1_0_c1_v2	GSE178341_GSE178341__C125_T_1_1_0_c1_v2_079102cc7594	GSE178341	Colorectal cancer	epithelial_solid_default	1221	664	440	success	664	success	664	1221	0	0
GSE178341|GSE178341__C125_T_1_1_1_c1_v2	GSE178341_GSE178341__C125_T_1_1_1_c1_v2_6437c0a5699f	GSE178341	Colorectal cancer	epithelial_solid_default	1387	176	1006	success	176	skipped_insufficient_cells	0	1387	0	0
GSE178341|GSE178341__C125_T_1_1_1_c2_v2	GSE178341_GSE178341__C125_T_1_1_1_c2_v2_8ed102e890b0	GSE178341	Colorectal cancer	epithelial_solid_default	1328	175	984	success	175	skipped_insufficient_cells	0	1328	0	0
GSE178341|GSE178341__C126_N_1_1_0_c1_v2	GSE178341_GSE178341__C126_N_1_1_0_c1_v2_92debb9c847d	GSE178341	Colorectal cancer	epithelial_solid_default	1326	601	548	success	601	success	601	1326	0	0
GSE178341|GSE178341__C126_N_1_1_1_c1_v2	GSE178341_GSE178341__C126_N_1_1_1_c1_v2_40140e0c89c5	GSE178341	Colorectal cancer	epithelial_solid_default	2384	59	2166	success	59	skipped_insufficient_cells	0	2384	0	0
GSE178341|GSE178341__C126_N_1_1_1_c2_v2	GSE178341_GSE178341__C126_N_1_1_1_c2_v2_daeaedd03ca2	GSE178341	Colorectal cancer	epithelial_solid_default	2303	45	2105	success	45	skipped_insufficient_cells	0	2303	0	0
GSE178341|GSE178341__C126_T_1_1_0_c1_v2	GSE178341_GSE178341__C126_T_1_1_0_c1_v2_3c429ee65ad3	GSE178341	Colorectal cancer	epithelial_solid_default	830	328	374	success	328	success	328	830	0	0
GSE178341|GSE178341__C126_T_1_1_1_c1_v2	GSE178341_GSE178341__C126_T_1_1_1_c1_v2_d00c5d16dd85	GSE178341	Colorectal cancer	epithelial_solid_default	492	81	319	success	81	skipped_insufficient_cells	0	492	0	0
GSE178341|GSE178341__C126_T_1_1_1_c2_v2	GSE178341_GSE178341__C126_T_1_1_1_c2_v2_43581a006455	GSE178341	Colorectal cancer	epithelial_solid_default	495	76	341	success	76	skipped_insufficient_cells	0	495	0	0
GSE178341|GSE178341__C129_N_1_1_0_c1_v2	GSE178341_GSE178341__C129_N_1_1_0_c1_v2_3802cd28b45f	GSE178341	Colorectal cancer	epithelial_solid_default	780	54	687	success	54	skipped_insufficient_cells	0	780	0	0
GSE178341|GSE178341__C129_N_1_1_1_c1_v2	GSE178341_GSE178341__C129_N_1_1_1_c1_v2_fddd28ef68fc	GSE178341	Colorectal cancer	epithelial_solid_default	2495	2	2400	skipped_insufficient_cells	0	skipped_insufficient_cells	0	2495	0	0
GSE178341|GSE178341__C129_T_1_1_0_c1_v2	GSE178341_GSE178341__C129_T_1_1_0_c1_v2_8ffd3fb72a8b	GSE178341	Colorectal cancer	epithelial_solid_default	1714	696	864	success	696	success	696	1714	0	0
GSE178341|GSE178341__C129_T_1_1_1_c1_v2	GSE178341_GSE178341__C129_T_1_1_1_c1_v2_8c001ab4df2f	GSE178341	Colorectal cancer	epithelial_solid_default	1709	563	948	success	563	success	563	1709	0	0
GSE178341|GSE178341__C130_N_1_1_0_c1_v2	GSE178341_GSE178341__C130_N_1_1_0_c1_v2_936c3cf24091	GSE178341	Colorectal cancer	epithelial_solid_default	1221	561	523	success	561	success	561	1221	0	0
GSE178341|GSE178341__C130_N_1_1_1_c1_v2	GSE178341_GSE178341__C130_N_1_1_1_c1_v2_4fe914038af2	GSE178341	Colorectal cancer	epithelial_solid_default	921	54	760	success	54	skipped_insufficient_cells	0	921	0	0
GSE178341|GSE178341__C130_TA_1_1_0_c1_v2	GSE178341_GSE178341__C130_TA_1_1_0_c1_v2_60168847c025	GSE178341	Colorectal cancer	epithelial_solid_default	1001	516	430	success	516	success	516	1001	0	0
GSE178341|GSE178341__C130_TA_1_1_1_c1_v2	GSE178341_GSE178341__C130_TA_1_1_1_c1_v2_fc33cbb9e3ff	GSE178341	Colorectal cancer	epithelial_solid_default	811	187	530	success	187	skipped_insufficient_cells	0	811	0	0
GSE178341|GSE178341__C130_TB_1_1_0_c1_v2	GSE178341_GSE178341__C130_TB_1_1_0_c1_v2_464783f36f2d	GSE178341	Colorectal cancer	epithelial_solid_default	1433	517	841	success	517	success	517	1433	0	0
GSE178341|GSE178341__C130_TB_1_1_1_c1_v2	GSE178341_GSE178341__C130_TB_1_1_1_c1_v2_7498dc7bdd30	GSE178341	Colorectal cancer	epithelial_solid_default	1302	378	831	success	378	success	378	1302	0	0
GSE178341|GSE178341__C132_N_1_1_0_c1_v2	GSE178341_GSE178341__C132_N_1_1_0_c1_v2_150fe37d23d9	GSE178341	Colorectal cancer	epithelial_solid_default	990	211	758	success	211	success	211	990	0	0
GSE178341|GSE178341__C132_T_1_1_0_c1_v2	GSE178341_GSE178341__C132_T_1_1_0_c1_v2_2fd7936818a8	GSE178341	Colorectal cancer	epithelial_solid_default	2308	163	2089	success	163	skipped_insufficient_cells	0	2308	0	0
GSE178341|GSE178341__C132_T_1_1_1_c1_v2	GSE178341_GSE178341__C132_T_1_1_1_c1_v2_981516cefea5	GSE178341	Colorectal cancer	epithelial_solid_default	1377	71	1226	success	71	skipped_insufficient_cells	0	1377	0	0
GSE178341|GSE178341__C133_N_0_0_0_c1_v2	GSE178341_GSE178341__C133_N_0_0_0_c1_v2_facdefc84ab0	GSE178341	Colorectal cancer	epithelial_solid_default	324	173	117	success	173	skipped_insufficient_cells	0	324	0	0
GSE178341|GSE178341__C133_T_0_0_0_c1_v2	GSE178341_GSE178341__C133_T_0_0_0_c1_v2_0563d1b1681c	GSE178341	Colorectal cancer	epithelial_solid_default	1074	204	773	success	204	success	204	1074	0	0
GSE178341|GSE178341__C133_T_0_0_0_c2_v2	GSE178341_GSE178341__C133_T_0_0_0_c2_v2_372880909e93	GSE178341	Colorectal cancer	epithelial_solid_default	1052	219	751	success	219	success	219	1052	0	0
GSE178341|GSE178341__C134_N_0_3_0_c1_v2	GSE178341_GSE178341__C134_N_0_3_0_c1_v2_5df7b97b382c	GSE178341	Colorectal cancer	epithelial_solid_default	914	59	690	success	59	skipped_insufficient_cells	0	914	0	0
GSE178341|GSE178341__C134_N_0_3_1_c1_v2	GSE178341_GSE178341__C134_N_0_3_1_c1_v2_1bb2597b5e70	GSE178341	Colorectal cancer	epithelial_solid_default	1963	57	1738	success	57	skipped_insufficient_cells	0	1963	0	0
GSE178341|GSE178341__C134_T_0_3_0_c1_v2	GSE178341_GSE178341__C134_T_0_3_0_c1_v2_e40bc99b9299	GSE178341	Colorectal cancer	epithelial_solid_default	516	314	185	success	314	success	314	516	0	0
GSE178341|GSE178341__C134_T_0_3_0_c2_v2	GSE178341_GSE178341__C134_T_0_3_0_c2_v2_35523e50a0d7	GSE178341	Colorectal cancer	epithelial_solid_default	574	352	203	success	352	success	352	574	0	0
GSE178341|GSE178341__C134_T_0_3_1_c1_v2	GSE178341_GSE178341__C134_T_0_3_1_c1_v2_a21c180c214b	GSE178341	Colorectal cancer	epithelial_solid_default	262	6	230	skipped_insufficient_cells	0	skipped_insufficient_cells	0	262	0	0
GSE178341|GSE178341__C134_T_0_3_1_c2_v2	GSE178341_GSE178341__C134_T_0_3_1_c2_v2_b80efe2f87d6	GSE178341	Colorectal cancer	epithelial_solid_default	258	8	222	skipped_insufficient_cells	0	skipped_insufficient_cells	0	258	0	0
GSE178341|GSE178341__C135_N_1_1_0_c1_v2	GSE178341_GSE178341__C135_N_1_1_0_c1_v2_91acb20b8b40	GSE178341	Colorectal cancer	epithelial_solid_default	478	251	181	success	251	success	251	478	0	0
GSE178341|GSE178341__C135_T_1_1_0_c1_v2	GSE178341_GSE178341__C135_T_1_1_0_c1_v2_97e33a62d48b	GSE178341	Colorectal cancer	epithelial_solid_default	1063	111	870	success	111	skipped_insufficient_cells	0	1063	0	0
GSE178341|GSE178341__C135_T_1_1_1_c1_v2	GSE178341_GSE178341__C135_T_1_1_1_c1_v2_976762542084	GSE178341	Colorectal cancer	epithelial_solid_default	829	45	667	success	45	skipped_insufficient_cells	0	829	0	0
GSE178341|GSE178341__C135_T_1_1_1_c2_v2	GSE178341_GSE178341__C135_T_1_1_1_c2_v2_2d5fc5cc85d5	GSE178341	Colorectal cancer	epithelial_solid_default	782	28	624	skipped_insufficient_cells	0	skipped_insufficient_cells	0	782	0	0
GSE178341|GSE178341__C136_N_1_1_0_c1_v2	GSE178341_GSE178341__C136_N_1_1_0_c1_v2_b3908865481d	GSE178341	Colorectal cancer	epithelial_solid_default	760	526	146	success	526	success	526	760	0	0
GSE178341|GSE178341__C136_N_1_1_1_c1_v2	GSE178341_GSE178341__C136_N_1_1_1_c1_v2_de2adf886c76	GSE178341	Colorectal cancer	epithelial_solid_default	780	324	368	success	324	success	324	780	0	0
GSE178341|GSE178341__C136_T_1_1_0_c1_v2	GSE178341_GSE178341__C136_T_1_1_0_c1_v2_13a370c3cbc0	GSE178341	Colorectal cancer	epithelial_solid_default	1127	585	502	success	585	success	585	1127	0	0
GSE178341|GSE178341__C136_T_1_1_1_c1_v2	GSE178341_GSE178341__C136_T_1_1_1_c1_v2_bc613bc79ee4	GSE178341	Colorectal cancer	epithelial_solid_default	679	224	419	success	224	success	224	679	0	0
GSE178341|GSE178341__C136_T_1_1_1_c2_v2	GSE178341_GSE178341__C136_T_1_1_1_c2_v2_de97e75b1ae9	GSE178341	Colorectal cancer	epithelial_solid_default	618	169	414	success	169	skipped_insufficient_cells	0	618	0	0
GSE178341|GSE178341__C137_N_1_1_0_c1_v2	GSE178341_GSE178341__C137_N_1_1_0_c1_v2_1511004942d4	GSE178341	Colorectal cancer	epithelial_solid_default	670	37	527	success	37	skipped_insufficient_cells	0	670	0	0
GSE178341|GSE178341__C137_N_1_1_1_c1_v2	GSE178341_GSE178341__C137_N_1_1_1_c1_v2_fac19fa8d2e3	GSE178341	Colorectal cancer	epithelial_solid_default	853	17	772	skipped_insufficient_cells	0	skipped_insufficient_cells	0	853	0	0
GSE178341|GSE178341__C137_T_1_1_0_c1_v2	GSE178341_GSE178341__C137_T_1_1_0_c1_v2_0c3763e0967f	GSE178341	Colorectal cancer	epithelial_solid_default	742	313	371	success	313	success	313	742	0	0
GSE178341|GSE178341__C137_T_1_1_1_c1_v2	GSE178341_GSE178341__C137_T_1_1_1_c1_v2_67165b086418	GSE178341	Colorectal cancer	epithelial_solid_default	410	9	343	skipped_insufficient_cells	0	skipped_insufficient_cells	0	410	0	0
GSE178341|GSE178341__C137_T_1_1_1_c2_v2	GSE178341_GSE178341__C137_T_1_1_1_c2_v2_ca2df330bc8b	GSE178341	Colorectal cancer	epithelial_solid_default	535	12	455	skipped_insufficient_cells	0	skipped_insufficient_cells	0	535	0	0
GSE178341|GSE178341__C138_N_0_0_0_c1_v2	GSE178341_GSE178341__C138_N_0_0_0_c1_v2_517068777b7d	GSE178341	Colorectal cancer	epithelial_solid_default	336	60	241	success	60	skipped_insufficient_cells	0	336	0	0
GSE178341|GSE178341__C138_N_0_0_1_c1_v2	GSE178341_GSE178341__C138_N_0_0_1_c1_v2_b925f7594fc9	GSE178341	Colorectal cancer	epithelial_solid_default	619	10	552	skipped_insufficient_cells	0	skipped_insufficient_cells	0	619	0	0
GSE178341|GSE178341__C138_T_0_0_0_c1_v2	GSE178341_GSE178341__C138_T_0_0_0_c1_v2_458d80c3b91b	GSE178341	Colorectal cancer	epithelial_solid_default	673	109	495	success	109	skipped_insufficient_cells	0	673	0	0
GSE178341|GSE178341__C138_T_0_0_0_c2_v2	GSE178341_GSE178341__C138_T_0_0_0_c2_v2_847a704ef87f	GSE178341	Colorectal cancer	epithelial_solid_default	18	4	14	skipped_insufficient_cells	0	skipped_insufficient_cells	0	18	0	0
GSE178341|GSE178341__C138_T_0_0_1_c1_v2	GSE178341_GSE178341__C138_T_0_0_1_c1_v2_65b0306ee796	GSE178341	Colorectal cancer	epithelial_solid_default	322	4	286	skipped_insufficient_cells	0	skipped_insufficient_cells	0	322	0	0
GSE178341|GSE178341__C138_T_0_0_1_c2_v2	GSE178341_GSE178341__C138_T_0_0_1_c2_v2_5e2c0063d65b	GSE178341	Colorectal cancer	epithelial_solid_default	275	2	245	skipped_insufficient_cells	0	skipped_insufficient_cells	0	275	0	0
GSE178341|GSE178341__C139_N_1_1_0_c1_v2	GSE178341_GSE178341__C139_N_1_1_0_c1_v2_062b5ad609ef	GSE178341	Colorectal cancer	epithelial_solid_default	635	254	251	success	254	success	254	635	0	0
GSE178341|GSE178341__C139_N_1_1_1_c1_v2	GSE178341_GSE178341__C139_N_1_1_1_c1_v2_3dbefed55d0d	GSE178341	Colorectal cancer	epithelial_solid_default	1108	18	857	skipped_insufficient_cells	0	skipped_insufficient_cells	0	1108	0	0
GSE178341|GSE178341__C139_T_1_1_0_c1_v2	GSE178341_GSE178341__C139_T_1_1_0_c1_v2_93811895e0f3	GSE178341	Colorectal cancer	epithelial_solid_default	1637	826	659	success	826	success	826	1637	0	0
GSE178341|GSE178341__C139_T_1_1_0_c2_v2	GSE178341_GSE178341__C139_T_1_1_0_c2_v2_ebce310d1b35	GSE178341	Colorectal cancer	epithelial_solid_default	1417	808	480	success	808	success	808	1417	0	0
GSE178341|GSE178341__C139_T_1_1_1_c1_v2	GSE178341_GSE178341__C139_T_1_1_1_c1_v2_3e3df858f5aa	GSE178341	Colorectal cancer	epithelial_solid_default	731	90	536	success	90	skipped_insufficient_cells	0	731	0	0
GSE178341|GSE178341__C140_N_1_1_0_c1_v2	GSE178341_GSE178341__C140_N_1_1_0_c1_v2_47ce08e2817c	GSE178341	Colorectal cancer	epithelial_solid_default	592	179	329	success	179	skipped_insufficient_cells	0	592	0	0
GSE178341|GSE178341__C140_T_1_1_0_c1_v2	GSE178341_GSE178341__C140_T_1_1_0_c1_v2_a8e7c0435767	GSE178341	Colorectal cancer	epithelial_solid_default	1823	1025	597	success	1025	success	1025	1823	0	0
GSE178341|GSE178341__C140_T_1_1_1_c1_v2	GSE178341_GSE178341__C140_T_1_1_1_c1_v2_0546231e5ca8	GSE178341	Colorectal cancer	epithelial_solid_default	728	213	421	success	213	success	213	728	0	0
GSE178341|GSE178341__C140_T_1_1_1_c2_v2	GSE178341_GSE178341__C140_T_1_1_1_c2_v2_3e1b89f96eeb	GSE178341	Colorectal cancer	epithelial_solid_default	650	171	401	success	171	skipped_insufficient_cells	0	650	0	0
GSE178341|GSE178341__C142_N_1_1_0_c1_v2	GSE178341_GSE178341__C142_N_1_1_0_c1_v2_df4697047e65	GSE178341	Colorectal cancer	epithelial_solid_default	903	473	318	success	473	success	473	903	0	0
GSE178341|GSE178341__C142_T_1_1_0_c1_v2	GSE178341_GSE178341__C142_T_1_1_0_c1_v2_37a1e99de773	GSE178341	Colorectal cancer	epithelial_solid_default	943	174	689	success	174	skipped_insufficient_cells	0	943	0	0
GSE178341|GSE178341__C142_T_1_1_1_c1_v2	GSE178341_GSE178341__C142_T_1_1_1_c1_v2_944ecffe33df	GSE178341	Colorectal cancer	epithelial_solid_default	521	128	350	success	128	skipped_insufficient_cells	0	521	0	0
GSE178341|GSE178341__C143_N_1_1_0_c1_v2	GSE178341_GSE178341__C143_N_1_1_0_c1_v2_b498c9cf5f02	GSE178341	Colorectal cancer	epithelial_solid_default	1596	880	652	success	880	success	880	1596	0	0
GSE178341|GSE178341__C143_T_1_1_0_c1_v2	GSE178341_GSE178341__C143_T_1_1_0_c1_v2_66cb6a0b0188	GSE178341	Colorectal cancer	epithelial_solid_default	1522	270	1103	success	270	success	270	1522	0	0
GSE178341|GSE178341__C143_T_1_1_1_c1_v2	GSE178341_GSE178341__C143_T_1_1_1_c1_v2_c41a89962ca2	GSE178341	Colorectal cancer	epithelial_solid_default	531	89	340	success	89	skipped_insufficient_cells	0	531	0	0
GSE178341|GSE178341__C144_T_1_1_0_c1_v2	GSE178341_GSE178341__C144_T_1_1_0_c1_v2_3044a04f5ccf	GSE178341	Colorectal cancer	epithelial_solid_default	1330	109	1173	success	109	skipped_insufficient_cells	0	1330	0	0
GSE178341|GSE178341__C144_T_1_1_1_c1_v2	GSE178341_GSE178341__C144_T_1_1_1_c1_v2_106115b82119	GSE178341	Colorectal cancer	epithelial_solid_default	926	9	882	skipped_insufficient_cells	0	skipped_insufficient_cells	0	926	0	0
GSE178341|GSE178341__C145_T_1_1_0_c1_v2	GSE178341_GSE178341__C145_T_1_1_0_c1_v2_5a3c25cdb143	GSE178341	Colorectal cancer	epithelial_solid_default	1667	1303	182	success	1303	success	1303	1667	0	0
GSE178341|GSE178341__C145_T_1_1_1_c1_v2	GSE178341_GSE178341__C145_T_1_1_1_c1_v2_d7527f7d0b76	GSE178341	Colorectal cancer	epithelial_solid_default	657	296	288	success	296	success	296	657	0	0
GSE178341|GSE178341__C146_T_1_1_0_c1_v2	GSE178341_GSE178341__C146_T_1_1_0_c1_v2_d6c5b6588a25	GSE178341	Colorectal cancer	epithelial_solid_default	1762	809	778	success	809	success	809	1762	0	0
GSE178341|GSE178341__C146_T_1_1_1_c1_v2	GSE178341_GSE178341__C146_T_1_1_1_c1_v2_1fe70c424525	GSE178341	Colorectal cancer	epithelial_solid_default	807	211	502	success	211	success	211	807	0	0
GSE178341|GSE178341__C147_T_1_1_0_c1_v2	GSE178341_GSE178341__C147_T_1_1_0_c1_v2_65e0a6be13bd	GSE178341	Colorectal cancer	epithelial_solid_default	1527	1022	410	success	1022	success	1022	1527	0	0
GSE178341|GSE178341__C147_T_1_1_1_c1_v2	GSE178341_GSE178341__C147_T_1_1_1_c1_v2_4cb9722bd726	GSE178341	Colorectal cancer	epithelial_solid_default	1134	328	716	success	328	success	328	1134	0	0
GSE178341|GSE178341__C149_T_1_1_0_c1_v2	GSE178341_GSE178341__C149_T_1_1_0_c1_v2_c98b9b4ffa6a	GSE178341	Colorectal cancer	epithelial_solid_default	1114	144	834	success	144	skipped_insufficient_cells	0	1114	0	0
GSE178341|GSE178341__C149_T_1_1_1_c1_v2	GSE178341_GSE178341__C149_T_1_1_1_c1_v2_3be1b524b49d	GSE178341	Colorectal cancer	epithelial_solid_default	845	39	666	success	39	skipped_insufficient_cells	0	845	0	0
GSE178341|GSE178341__C150_T_1_1_0_c1_v2	GSE178341_GSE178341__C150_T_1_1_0_c1_v2_0eddeb8c5716	GSE178341	Colorectal cancer	epithelial_solid_default	1196	1006	126	success	1006	success	1006	1196	0	0
GSE178341|GSE178341__C150_T_1_1_1_c1_v2	GSE178341_GSE178341__C150_T_1_1_1_c1_v2_fa79ad1752a0	GSE178341	Colorectal cancer	epithelial_solid_default	457	158	244	success	158	skipped_insufficient_cells	0	457	0	0
GSE178341|GSE178341__C151_N_0_0_0_c1_v2	GSE178341_GSE178341__C151_N_0_0_0_c1_v2_964d3a3d1084	GSE178341	Colorectal cancer	epithelial_solid_default	1726	1140	462	success	1140	success	1140	1726	0	0
GSE178341|GSE178341__C151_T_0_0_0_c1_v2	GSE178341_GSE178341__C151_T_0_0_0_c1_v2_88a1bea7d833	GSE178341	Colorectal cancer	epithelial_solid_default	313	252	53	success	252	success	252	313	0	0
GSE178341|GSE178341__C152_N_0_0_0_c1_v2	GSE178341_GSE178341__C152_N_0_0_0_c1_v2_867620bf8361	GSE178341	Colorectal cancer	epithelial_solid_default	744	613	54	success	613	success	613	744	0	0
GSE178341|GSE178341__C152_T_0_0_0_c1_v2	GSE178341_GSE178341__C152_T_0_0_0_c1_v2_9ece5ac62468	GSE178341	Colorectal cancer	epithelial_solid_default	880	541	260	success	541	success	541	880	0	0
GSE178341|GSE178341__C153_T_1_1_0_c1_v2	GSE178341_GSE178341__C153_T_1_1_0_c1_v2_5b3a0a651910	GSE178341	Colorectal cancer	epithelial_solid_default	1647	1285	198	success	1285	success	1285	1647	0	0
GSE178341|GSE178341__C153_T_1_1_1_c1_v2	GSE178341_GSE178341__C153_T_1_1_1_c1_v2_8eb3a0fe61bc	GSE178341	Colorectal cancer	epithelial_solid_default	1268	156	967	success	156	skipped_insufficient_cells	0	1268	0	0
GSE178341|GSE178341__C154_T_1_1_0_c1_v3	GSE178341_GSE178341__C154_T_1_1_0_c1_v3_9db1fa6e04f3	GSE178341	Colorectal cancer	epithelial_solid_default	2084	1241	663	success	1241	success	1241	2084	0	0
GSE178341|GSE178341__C155_N_0_0_0_c1_v3	GSE178341_GSE178341__C155_N_0_0_0_c1_v3_eb770842cc64	GSE178341	Colorectal cancer	epithelial_solid_default	557	97	292	success	97	skipped_insufficient_cells	0	557	0	0
GSE178341|GSE178341__C155_T_0_0_0_c1_v3	GSE178341_GSE178341__C155_T_0_0_0_c1_v3_f4070ab4379b	GSE178341	Colorectal cancer	epithelial_solid_default	2192	424	1395	success	424	success	424	2192	0	0
GSE178341|GSE178341__C156_T_1_1_0_c1_v3	GSE178341_GSE178341__C156_T_1_1_0_c1_v3_beb7020997a2	GSE178341	Colorectal cancer	epithelial_solid_default	1552	122	991	success	122	skipped_insufficient_cells	0	1552	0	0
GSE178341|GSE178341__C156_T_1_1_1_c1_v3	GSE178341_GSE178341__C156_T_1_1_1_c1_v3_7a1c81dce641	GSE178341	Colorectal cancer	epithelial_solid_default	820	8	538	skipped_insufficient_cells	0	skipped_insufficient_cells	0	820	0	0
GSE178341|GSE178341__C157_N_0_0_0_c1_v3	GSE178341_GSE178341__C157_N_0_0_0_c1_v3_2badab8ba2af	GSE178341	Colorectal cancer	epithelial_solid_default	1114	205	495	success	205	success	205	1114	0	0
GSE178341|GSE178341__C157_T_0_0_0_c1_v3	GSE178341_GSE178341__C157_T_0_0_0_c1_v3_46d26ae7d036	GSE178341	Colorectal cancer	epithelial_solid_default	1689	118	852	success	118	skipped_insufficient_cells	0	1689	0	0
GSE178341|GSE178341__C158_T_1_1_0_c1_v3	GSE178341_GSE178341__C158_T_1_1_0_c1_v3_735c96cdf792	GSE178341	Colorectal cancer	epithelial_solid_default	755	320	227	success	320	success	320	755	0	0
GSE178341|GSE178341__C158_T_1_1_1_c1_v3	GSE178341_GSE178341__C158_T_1_1_1_c1_v3_27b5df9fdef2	GSE178341	Colorectal cancer	epithelial_solid_default	749	54	351	success	54	skipped_insufficient_cells	0	749	0	0
GSE178341|GSE178341__C159_T_1_1_0_c1_v3	GSE178341_GSE178341__C159_T_1_1_0_c1_v3_1d49029e52f5	GSE178341	Colorectal cancer	epithelial_solid_default	626	163	357	success	163	skipped_insufficient_cells	0	626	0	0
GSE178341|GSE178341__C159_T_1_1_1_c1_v3	GSE178341_GSE178341__C159_T_1_1_1_c1_v3_770e9ff33778	GSE178341	Colorectal cancer	epithelial_solid_default	556	20	414	skipped_insufficient_cells	0	skipped_insufficient_cells	0	556	0	0
GSE178341|GSE178341__C160_T_1_1_0_c1_v3	GSE178341_GSE178341__C160_T_1_1_0_c1_v3_a4590e180913	GSE178341	Colorectal cancer	epithelial_solid_default	2312	1121	761	success	1121	success	1121	2312	0	0
GSE178341|GSE178341__C161_T_1_1_0_c1_v3	GSE178341_GSE178341__C161_T_1_1_0_c1_v3_8a05aa6d424d	GSE178341	Colorectal cancer	epithelial_solid_default	1463	877	325	success	877	success	877	1463	0	0
GSE178341|GSE178341__C162_N_0_0_0_c1_v3	GSE178341_GSE178341__C162_N_0_0_0_c1_v3_04030fd2493b	GSE178341	Colorectal cancer	epithelial_solid_default	1727	8	1464	skipped_insufficient_cells	0	skipped_insufficient_cells	0	1727	0	0
GSE178341|GSE178341__C162_N_0_0_0_c2_v2	GSE178341_GSE178341__C162_N_0_0_0_c2_v2_b22e1e94670c	GSE178341	Colorectal cancer	epithelial_solid_default	1690	14	1449	skipped_insufficient_cells	0	skipped_insufficient_cells	0	1690	0	0
GSE178341|GSE178341__C162_T_0_0_0_c1_v3	GSE178341_GSE178341__C162_T_0_0_0_c1_v3_6f6ac25560fe	GSE178341	Colorectal cancer	epithelial_solid_default	2242	826	841	success	826	success	826	2242	0	0
GSE178341|GSE178341__C162_T_0_0_0_c2_v2	GSE178341_GSE178341__C162_T_0_0_0_c2_v2_efb4a8a07fa7	GSE178341	Colorectal cancer	epithelial_solid_default	2711	1505	774	success	1505	success	1505	2711	0	0
GSE178341|GSE178341__C162_T_0_0_1_c1_v3	GSE178341_GSE178341__C162_T_0_0_1_c1_v3_84b96089a4b1	GSE178341	Colorectal cancer	epithelial_solid_default	2180	455	1123	success	455	success	455	2180	0	0
GSE178341|GSE178341__C162_T_0_0_1_c2_v2	GSE178341_GSE178341__C162_T_0_0_1_c2_v2_3739c93015d9	GSE178341	Colorectal cancer	epithelial_solid_default	2227	1143	773	success	1143	success	1143	2227	0	0
GSE178341|GSE178341__C163_T_1_1_0_c1_v3	GSE178341_GSE178341__C163_T_1_1_0_c1_v3_3b67b2dcbede	GSE178341	Colorectal cancer	epithelial_solid_default	2721	774	1688	success	774	success	774	2721	0	0
GSE178341|GSE178341__C164_T_1_1_0_c1_v3	GSE178341_GSE178341__C164_T_1_1_0_c1_v3_bd94d5e9969c	GSE178341	Colorectal cancer	epithelial_solid_default	2195	325	1644	success	325	success	325	2195	0	0
GSE178341|GSE178341__C165_N_0_0_0_c1_v3	GSE178341_GSE178341__C165_N_0_0_0_c1_v3_5a2da5d726f9	GSE178341	Colorectal cancer	epithelial_solid_default	822	47	509	success	47	skipped_insufficient_cells	0	822	0	0
GSE178341|GSE178341__C165_T_0_0_0_c1_v3	GSE178341_GSE178341__C165_T_0_0_0_c1_v3_1f8814b4b7de	GSE178341	Colorectal cancer	epithelial_solid_default	1214	509	381	success	509	success	509	1214	0	0
GSE178341|GSE178341__C165_T_0_0_1_c1_v3	GSE178341_GSE178341__C165_T_0_0_1_c1_v3_94f78aa5d267	GSE178341	Colorectal cancer	epithelial_solid_default	816	85	454	success	85	skipped_insufficient_cells	0	816	0	0
GSE178341|GSE178341__C166_T_0_0_0_c1_v3	GSE178341_GSE178341__C166_T_0_0_0_c1_v3_aaf8e9f95a0c	GSE178341	Colorectal cancer	epithelial_solid_default	3626	3371	105	success	3371	success	3371	3626	0	0
GSE178341|GSE178341__C167_T_1_1_0_c1_v3	GSE178341_GSE178341__C167_T_1_1_0_c1_v3_3e9c9a63aeaa	GSE178341	Colorectal cancer	epithelial_solid_default	856	45	718	success	45	skipped_insufficient_cells	0	856	0	0
GSE178341|GSE178341__C168_T_1_1_0_c1_v3	GSE178341_GSE178341__C168_T_1_1_0_c1_v3_c3c2afdd3e1a	GSE178341	Colorectal cancer	epithelial_solid_default	1840	277	943	success	277	success	277	1840	0	0
GSE178341|GSE178341__C169_T_1_1_0_c1_v3	GSE178341_GSE178341__C169_T_1_1_0_c1_v3_62f8fc87be6d	GSE178341	Colorectal cancer	epithelial_solid_default	1405	145	996	success	145	skipped_insufficient_cells	0	1405	0	0
GSE178341|GSE178341__C170_N_0_0_0_c1_v3	GSE178341_GSE178341__C170_N_0_0_0_c1_v3_9f5a386ee543	GSE178341	Colorectal cancer	epithelial_solid_default	1668	12	904	skipped_insufficient_cells	0	skipped_insufficient_cells	0	1668	0	0
GSE178341|GSE178341__C170_T_0_0_0_c1_v3	GSE178341_GSE178341__C170_T_0_0_0_c1_v3_6f10f7adc29a	GSE178341	Colorectal cancer	epithelial_solid_default	2954	1143	1041	success	1143	success	1143	2954	0	0
GSE178341|GSE178341__C170_T_0_0_1_c1_v3	GSE178341_GSE178341__C170_T_0_0_1_c1_v3_8edc872382ad	GSE178341	Colorectal cancer	epithelial_solid_default	2925	254	1663	success	254	success	254	2925	0	0
GSE178341|GSE178341__C171_TA_1_1_0_c1_v3	GSE178341_GSE178341__C171_TA_1_1_0_c1_v3_7745e774047e	GSE178341	Colorectal cancer	epithelial_solid_default	1828	427	1207	success	427	success	427	1828	0	0
GSE178341|GSE178341__C171_TA_1_1_1_c1_v3	GSE178341_GSE178341__C171_TA_1_1_1_c1_v3_bedcaafd844b	GSE178341	Colorectal cancer	epithelial_solid_default	5181	26	5086	skipped_insufficient_cells	0	skipped_insufficient_cells	0	5181	0	0
GSE178341|GSE178341__C171_TB_1_1_0_c1_v3	GSE178341_GSE178341__C171_TB_1_1_0_c1_v3_3f18a87fe3a2	GSE178341	Colorectal cancer	epithelial_solid_default	1111	342	643	success	342	success	342	1111	0	0
GSE178341|GSE178341__C171_TB_1_1_1_c1_v3	GSE178341_GSE178341__C171_TB_1_1_1_c1_v3_66baf069d1a3	GSE178341	Colorectal cancer	epithelial_solid_default	1466	312	1031	success	312	success	312	1466	0	0
GSE178341|GSE178341__C172_T_0_0_0_c1_v3	GSE178341_GSE178341__C172_T_0_0_0_c1_v3_87637a655f6d	GSE178341	Colorectal cancer	epithelial_solid_default	1007	159	681	success	159	skipped_insufficient_cells	0	1007	0	0
GSE178341|GSE178341__C173_T_0_0_0_c1_v3	GSE178341_GSE178341__C173_T_0_0_0_c1_v3_4f5b7614a24c	GSE178341	Colorectal cancer	epithelial_solid_default	1587	271	963	success	271	success	271	1587	0	0
GSE273127|GSE273127__GSM8422221_EC01	GSE273127_GSE273127__GSM8422221_EC01_3e043bb170f6	GSE273127	Esophageal cancer	epithelial_solid_default	2727	1088	873	success	1088	success	1088	2727	0	0
GSE273127|GSE273127__GSM8422222_EC02	GSE273127_GSE273127__GSM8422222_EC02_e6f367086be9	GSE273127	Esophageal cancer	epithelial_solid_default	4454	391	2972	success	391	success	391	4454	0	0
GSE273127|GSE273127__GSM8422223_EC03	GSE273127_GSE273127__GSM8422223_EC03_afed2040c321	GSE273127	Esophageal cancer	epithelial_solid_default	3738	454	2383	success	454	success	454	3738	0	0
GSE273127|GSE273127__GSM8422224_EC04	GSE273127_GSE273127__GSM8422224_EC04_124474aabbdc	GSE273127	Esophageal cancer	epithelial_solid_default	2032	339	982	success	339	success	339	2032	0	0
GSE273127|GSE273127__GSM8422225_EC05	GSE273127_GSE273127__GSM8422225_EC05_cc50f26ffc25	GSE273127	Esophageal cancer	epithelial_solid_default	3202	2254	534	success	2254	success	2254	3202	0	0
GSE273127|GSE273127__GSM8422226_EC06	GSE273127_GSE273127__GSM8422226_EC06_92b9de0c47dd	GSE273127	Esophageal cancer	epithelial_solid_default	3179	1380	1107	success	1380	success	1380	3179	0	0
GSE273127|GSE273127__GSM8422227_EC07	GSE273127_GSE273127__GSM8422227_EC07_2c79db4920a3	GSE273127	Esophageal cancer	epithelial_solid_default	6354	448	5155	success	448	success	448	6354	0	0
GSE273127|GSE273127__GSM8422228_EC08	GSE273127_GSE273127__GSM8422228_EC08_d5868506de46	GSE273127	Esophageal cancer	epithelial_solid_default	9304	6453	1859	success	6453	success	6453	9304	0	0
GSE273127|GSE273127__GSM8422229_EC09	GSE273127_GSE273127__GSM8422229_EC09_2fe1057291dc	GSE273127	Esophageal cancer	epithelial_solid_default	9092	5858	2190	success	5858	success	5858	9092	0	0
GSE273127|GSE273127__GSM8422230_EC11	GSE273127_GSE273127__GSM8422230_EC11_ce216857836c	GSE273127	Esophageal cancer	epithelial_solid_default	7890	410	3778	success	410	success	410	7890	0	0
GSE273127|GSE273127__GSM8422231_EC12	GSE273127_GSE273127__GSM8422231_EC12_c7ec698c2493	GSE273127	Esophageal cancer	epithelial_solid_default	9050	3507	3794	success	3507	success	3507	9050	0	0
GSE163558|GSM5004180_PT1	GSE163558_GSM5004180_PT1_76ceb686cba7	GSE163558	Gastric cancer	epithelial_solid_default	2175	211	883	success	211	success	211	2175	0	0
GSE163558|GSM5004181_PT2	GSE163558_GSM5004181_PT2_cf5c6de339fb	GSE163558	Gastric cancer	epithelial_solid_default	6175	1975	2186	success	1975	success	1975	6175	0	0
GSE163558|GSM5004182_PT3	GSE163558_GSM5004182_PT3_c50a37f3e052	GSE163558	Gastric cancer	epithelial_solid_default	2532	46	2167	success	46	skipped_insufficient_cells	0	2532	0	0
GSE163558|GSM5004183_NT1	GSE163558_GSM5004183_NT1_4b0fd21f404d	GSE163558	Gastric cancer	epithelial_solid_default	2026	69	1744	success	69	skipped_insufficient_cells	0	2026	0	0
GSE163558|GSM5004184_LN1	GSE163558_GSM5004184_LN1_d8ab21dc4492	GSE163558	Gastric cancer	epithelial_solid_default	3712	4	3468	skipped_insufficient_cells	0	skipped_insufficient_cells	0	3712	0	0
GSE163558|GSM5004185_LN2	GSE163558_GSM5004185_LN2_f3ce7e3c59fc	GSE163558	Gastric cancer	epithelial_solid_default	7090	26	6267	skipped_insufficient_cells	0	skipped_insufficient_cells	0	7090	0	0
GSE163558|GSM5004186_O1	GSE163558_GSM5004186_O1_f75711116c37	GSE163558	Gastric cancer	epithelial_solid_default	1569	432	647	success	432	success	432	1569	0	0
GSE163558|GSM5004187_P1	GSE163558_GSM5004187_P1_d6d66e9b95dd	GSE163558	Gastric cancer	epithelial_solid_default	3708	143	2802	success	143	skipped_insufficient_cells	0	3708	0	0
GSE163558|GSM5004188_Li1	GSE163558_GSM5004188_Li1_8d025f9e1471	GSE163558	Gastric cancer	epithelial_solid_default	1179	4	881	skipped_insufficient_cells	0	skipped_insufficient_cells	0	1179	0	0
GSE163558|GSM5004189_Li2	GSE163558_GSM5004189_Li2_2fefcafdc7a0	GSE163558	Gastric cancer	epithelial_solid_default	9579	17	7786	skipped_insufficient_cells	0	skipped_insufficient_cells	0	9579	0	0
GSE183904|GSE183904__GSM5573466_sample1	GSE183904_GSE183904__GSM5573466_sample1_b792fbeb732e	GSE183904	Gastric cancer	epithelial_solid_default	1802	475	1074	success	475	success	475	1802	0	0
GSE183904|GSE183904__GSM5573467_sample2	GSE183904_GSE183904__GSM5573467_sample2_5d4b99692696	GSE183904	Gastric cancer	epithelial_solid_default	1794	122	1476	success	122	skipped_insufficient_cells	0	1794	0	0
GSE183904|GSE183904__GSM5573468_sample3	GSE183904_GSE183904__GSM5573468_sample3_3fec41da5626	GSE183904	Gastric cancer	epithelial_solid_default	2073	170	1252	success	170	skipped_insufficient_cells	0	2073	0	0
GSE183904|GSE183904__GSM5573469_sample4	GSE183904_GSE183904__GSM5573469_sample4_fe95e603d603	GSE183904	Gastric cancer	epithelial_solid_default	1427	439	824	success	439	success	439	1427	0	0
GSE183904|GSE183904__GSM5573470_sample5	GSE183904_GSE183904__GSM5573470_sample5_a5ff775c9c1b	GSE183904	Gastric cancer	epithelial_solid_default	2118	338	1355	success	338	success	338	2118	0	0
GSE183904|GSE183904__GSM5573471_sample6	GSE183904_GSE183904__GSM5573471_sample6_843214a70d4a	GSE183904	Gastric cancer	epithelial_solid_default	1221	187	814	success	187	skipped_insufficient_cells	0	1221	0	0
GSE183904|GSE183904__GSM5573472_sample7	GSE183904_GSE183904__GSM5573472_sample7_f72f949cfd8b	GSE183904	Gastric cancer	epithelial_solid_default	1341	402	688	success	402	success	402	1341	0	0
GSE183904|GSE183904__GSM5573473_sample8	GSE183904_GSE183904__GSM5573473_sample8_87435bf70f1b	GSE183904	Gastric cancer	epithelial_solid_default	4860	163	3635	success	163	skipped_insufficient_cells	0	4860	0	0
GSE183904|GSE183904__GSM5573474_sample9	GSE183904_GSE183904__GSM5573474_sample9_2e5bf0177de6	GSE183904	Gastric cancer	epithelial_solid_default	1980	691	919	success	691	success	691	1980	0	0
GSE183904|GSE183904__GSM5573475_sample10	GSE183904_GSE183904__GSM5573475_sample10_df2420637cb1	GSE183904	Gastric cancer	epithelial_solid_default	1528	154	1177	success	154	skipped_insufficient_cells	0	1528	0	0
GSE183904|GSE183904__GSM5573476_sample11	GSE183904_GSE183904__GSM5573476_sample11_989703b13b67	GSE183904	Gastric cancer	epithelial_solid_default	693	23	412	skipped_insufficient_cells	0	skipped_insufficient_cells	0	693	0	0
GSE183904|GSE183904__GSM5573477_sample12	GSE183904_GSE183904__GSM5573477_sample12_13711b3df76a	GSE183904	Gastric cancer	epithelial_solid_default	437	21	282	skipped_insufficient_cells	0	skipped_insufficient_cells	0	437	0	0
GSE183904|GSE183904__GSM5573478_sample13	GSE183904_GSE183904__GSM5573478_sample13_3b8f7614f1d5	GSE183904	Gastric cancer	epithelial_solid_default	1197	114	755	success	114	skipped_insufficient_cells	0	1197	0	0
GSE183904|GSE183904__GSM5573479_sample14	GSE183904_GSE183904__GSM5573479_sample14_42f1b89fe3af	GSE183904	Gastric cancer	epithelial_solid_default	5293	551	4123	success	551	success	551	5293	0	0
GSE183904|GSE183904__GSM5573480_sample15	GSE183904_GSE183904__GSM5573480_sample15_6c74c9b0fc79	GSE183904	Gastric cancer	epithelial_solid_default	8996	410	7209	success	410	success	410	8996	0	0
GSE183904|GSE183904__GSM5573481_sample16	GSE183904_GSE183904__GSM5573481_sample16_e7e548cb114d	GSE183904	Gastric cancer	epithelial_solid_default	1054	182	677	success	182	skipped_insufficient_cells	0	1054	0	0
GSE183904|GSE183904__GSM5573482_sample17	GSE183904_GSE183904__GSM5573482_sample17_2c52434a666e	GSE183904	Gastric cancer	epithelial_solid_default	6524	419	2935	success	419	success	419	6524	0	0
GSE183904|GSE183904__GSM5573483_sample18	GSE183904_GSE183904__GSM5573483_sample18_035e5409fac2	GSE183904	Gastric cancer	epithelial_solid_default	3839	612	2340	success	612	success	612	3839	0	0
GSE183904|GSE183904__GSM5573484_sample19	GSE183904_GSE183904__GSM5573484_sample19_bcdd9dcacc73	GSE183904	Gastric cancer	epithelial_solid_default	962	1	222	skipped_insufficient_cells	0	skipped_insufficient_cells	0	962	0	0
GSE183904|GSE183904__GSM5573485_sample20	GSE183904_GSE183904__GSM5573485_sample20_aeddab6d2cb2	GSE183904	Gastric cancer	epithelial_solid_default	3221	30	2485	success	30	skipped_insufficient_cells	0	3221	0	0
GSE183904|GSE183904__GSM5573486_sample21	GSE183904_GSE183904__GSM5573486_sample21_cd5e17ce42ba	GSE183904	Gastric cancer	epithelial_solid_default	1253	484	555	success	484	success	484	1253	0	0
GSE183904|GSE183904__GSM5573487_sample22	GSE183904_GSE183904__GSM5573487_sample22_85ed176c1861	GSE183904	Gastric cancer	epithelial_solid_default	327	4	240	skipped_insufficient_cells	0	skipped_insufficient_cells	0	327	0	0
GSE183904|GSE183904__GSM5573488_sample23	GSE183904_GSE183904__GSM5573488_sample23_009c71feb79b	GSE183904	Gastric cancer	epithelial_solid_default	2679	553	634	success	553	success	553	2679	0	0
GSE183904|GSE183904__GSM5573489_sample24	GSE183904_GSE183904__GSM5573489_sample24_fd5f255136eb	GSE183904	Gastric cancer	epithelial_solid_default	1670	276	985	success	276	success	276	1670	0	0
GSE183904|GSE183904__GSM5573490_sample25	GSE183904_GSE183904__GSM5573490_sample25_e939c7809197	GSE183904	Gastric cancer	epithelial_solid_default	2850	616	1194	success	616	success	616	2850	0	0
GSE183904|GSE183904__GSM5573491_sample26	GSE183904_GSE183904__GSM5573491_sample26_b5a896da1f42	GSE183904	Gastric cancer	epithelial_solid_default	1528	154	999	success	154	skipped_insufficient_cells	0	1528	0	0
GSE183904|GSE183904__GSM5573492_sample27	GSE183904_GSE183904__GSM5573492_sample27_b959f7bba763	GSE183904	Gastric cancer	epithelial_solid_default	3053	43	2209	success	43	skipped_insufficient_cells	0	3053	0	0
GSE183904|GSE183904__GSM5573493_sample28	GSE183904_GSE183904__GSM5573493_sample28_1159b47c1340	GSE183904	Gastric cancer	epithelial_solid_default	3820	317	2786	success	317	success	317	3820	0	0
GSE183904|GSE183904__GSM5573494_sample29	GSE183904_GSE183904__GSM5573494_sample29_87946d274f88	GSE183904	Gastric cancer	epithelial_solid_default	2558	1146	959	success	1146	success	1146	2558	0	0
GSE183904|GSE183904__GSM5573495_sample30	GSE183904_GSE183904__GSM5573495_sample30_d4363717ee11	GSE183904	Gastric cancer	epithelial_solid_default	2136	114	1712	success	114	skipped_insufficient_cells	0	2136	0	0
GSE183904|GSE183904__GSM5573496_sample31	GSE183904_GSE183904__GSM5573496_sample31_768552721644	GSE183904	Gastric cancer	epithelial_solid_default	1227	404	629	success	404	success	404	1227	0	0
GSE183904|GSE183904__GSM5573497_sample32	GSE183904_GSE183904__GSM5573497_sample32_67a6744e2818	GSE183904	Gastric cancer	epithelial_solid_default	1567	440	775	success	440	success	440	1567	0	0
GSE183904|GSE183904__GSM5573498_sample33	GSE183904_GSE183904__GSM5573498_sample33_06113989303d	GSE183904	Gastric cancer	epithelial_solid_default	3713	922	2335	success	922	success	922	3713	0	0
GSE183904|GSE183904__GSM5573499_sample34	GSE183904_GSE183904__GSM5573499_sample34_e6a85392e43d	GSE183904	Gastric cancer	epithelial_solid_default	8782	661	6351	success	661	success	661	8782	0	0
GSE183904|GSE183904__GSM5573500_sample35	GSE183904_GSE183904__GSM5573500_sample35_b7d08f90cd27	GSE183904	Gastric cancer	epithelial_solid_default	7648	527	5899	success	527	success	527	7648	0	0
GSE183904|GSE183904__GSM5573501_sample36	GSE183904_GSE183904__GSM5573501_sample36_20623e76d19d	GSE183904	Gastric cancer	epithelial_solid_default	1865	173	1433	success	173	skipped_insufficient_cells	0	1865	0	0
GSE183904|GSE183904__GSM5573502_sample37	GSE183904_GSE183904__GSM5573502_sample37_e7338ff58eb6	GSE183904	Gastric cancer	epithelial_solid_default	155	3	60	skipped_insufficient_cells	0	skipped_insufficient_cells	0	155	0	0
GSE183904|GSE183904__GSM5573503_sample38	GSE183904_GSE183904__GSM5573503_sample38_61456d3a2218	GSE183904	Gastric cancer	epithelial_solid_default	1413	170	616	success	170	skipped_insufficient_cells	0	1413	0	0
GSE183904|GSE183904__GSM5573504_sample39	GSE183904_GSE183904__GSM5573504_sample39_ad582fdae862	GSE183904	Gastric cancer	epithelial_solid_default	2531	292	1493	success	292	success	292	2531	0	0
GSE183904|GSE183904__GSM5573505_sample40	GSE183904_GSE183904__GSM5573505_sample40_4d634c4fdebe	GSE183904	Gastric cancer	epithelial_solid_default	3561	54	1956	success	54	skipped_insufficient_cells	0	3561	0	0
GSE201347| G43N	GSE201347_G43N_2afc7cd3a388	GSE201347	Gastric cancer	epithelial_solid_default	3735	149	3234	success	149	skipped_insufficient_cells	0	3735	0	0
GSE201347| G43T	GSE201347_G43T_152c2b7740ff	GSE201347	Gastric cancer	epithelial_solid_default	5292	64	4662	success	64	skipped_insufficient_cells	0	5292	0	0
GSE201347| G44T	GSE201347_G44T_7f963ee061f8	GSE201347	Gastric cancer	epithelial_solid_default	5537	224	4229	success	224	success	224	5537	0	0
GSE201347| G45T	GSE201347_G45T_22406706bd8a	GSE201347	Gastric cancer	epithelial_solid_default	3588	113	2783	success	113	skipped_insufficient_cells	0	3588	0	0
GSE201347| G47T	GSE201347_G47T_d6438bcb9382	GSE201347	Gastric cancer	epithelial_solid_default	3353	164	2772	success	164	skipped_insufficient_cells	0	3353	0	0
GSE201347| G49N	GSE201347_G49N_cfd3d22f7855	GSE201347	Gastric cancer	epithelial_solid_default	7543	69	6769	success	69	skipped_insufficient_cells	0	7543	0	0
GSE201347| G49T	GSE201347_G49T_93a4f9ca451f	GSE201347	Gastric cancer	epithelial_solid_default	4648	435	3151	success	435	success	435	4648	0	0
GSE201347| G50N	GSE201347_G50N_60a46187826f	GSE201347	Gastric cancer	epithelial_solid_default	3741	186	3116	success	186	skipped_insufficient_cells	0	3741	0	0
GSE201347| G50T	GSE201347_G50T_c9ff1fd98113	GSE201347	Gastric cancer	epithelial_solid_default	7811	382	6041	success	382	success	382	7811	0	0
GSE201347| G51N	GSE201347_G51N_5ee0f1734396	GSE201347	Gastric cancer	epithelial_solid_default	6138	305	4791	success	305	success	305	6138	0	0
GSE201347| G51T	GSE201347_G51T_02302c46da9f	GSE201347	Gastric cancer	epithelial_solid_default	5177	55	3784	success	55	skipped_insufficient_cells	0	5177	0	0
GSE201347| G52N	GSE201347_G52N_97d841a43c27	GSE201347	Gastric cancer	epithelial_solid_default	5704	100	5267	success	100	skipped_insufficient_cells	0	5704	0	0
GSE201347| G52T	GSE201347_G52T_667429e46fe1	GSE201347	Gastric cancer	epithelial_solid_default	6162	228	5213	success	228	success	228	6162	0	0
GSE201347| G54N	GSE201347_G54N_b89df59a386e	GSE201347	Gastric cancer	epithelial_solid_default	3241	329	2344	success	329	success	329	3241	0	0
GSE201347| G55N	GSE201347_G55N_b38c5dffccf9	GSE201347	Gastric cancer	epithelial_solid_default	3846	831	2643	success	831	success	831	3846	0	0
GSE201347|G40N	GSE201347_G40N_7ecf161138ad	GSE201347	Gastric cancer	epithelial_solid_default	4536	20	4093	skipped_insufficient_cells	0	skipped_insufficient_cells	0	4536	0	0
GSE201347|G40T	GSE201347_G40T_eb566a7772a7	GSE201347	Gastric cancer	epithelial_solid_default	5167	51	4358	success	51	skipped_insufficient_cells	0	5167	0	0
GSE201347|G41N	GSE201347_G41N_27f9560e857e	GSE201347	Gastric cancer	epithelial_solid_default	981	297	356	success	297	success	297	981	0	0
GSE201347|G41T	GSE201347_G41T_25ab5456fed2	GSE201347	Gastric cancer	epithelial_solid_default	2635	193	2137	success	193	skipped_insufficient_cells	0	2635	0	0
GSE201347|G42N	GSE201347_G42N_6eebb8d691fa	GSE201347	Gastric cancer	epithelial_solid_default	2403	1048	838	success	1048	success	1048	2403	0	0
GSE201347|G42T	GSE201347_G42T_23035982c617	GSE201347	Gastric cancer	epithelial_solid_default	4365	44	2633	success	44	skipped_insufficient_cells	0	4365	0	0
GSE201347|G55T	GSE201347_G55T_ceeea4dd21e3	GSE201347	Gastric cancer	epithelial_solid_default	7271	529	5828	success	529	success	529	7271	0	0
GSE270680|GSM8349949_D01T	GSE270680_GSM8349949_D01T_85cc6146d16f	GSE270680	Gastric cancer	epithelial_solid_default	5655	497	4286	success	497	success	497	5655	0	0
GSE270680|GSM8349950_D01P	GSE270680_GSM8349950_D01P_c8cab28399d6	GSE270680	Gastric cancer	epithelial_solid_default	8512	0	7224	skipped_insufficient_cells	0	skipped_insufficient_cells	0	8512	0	0
GSE270680|GSM8349951_D02T	GSE270680_GSM8349951_D02T_61cb78302b70	GSE270680	Gastric cancer	epithelial_solid_default	7042	56	4355	success	56	skipped_insufficient_cells	0	7042	0	0
GSE270680|GSM8349952_D02N	GSE270680_GSM8349952_D02N_aa67160af2e4	GSE270680	Gastric cancer	epithelial_solid_default	4730	1	3329	skipped_insufficient_cells	0	skipped_insufficient_cells	0	4730	0	0
GSE270680|GSM8349953_D02L	GSE270680_GSM8349953_D02L_5f0c4846fcb6	GSE270680	Gastric cancer	epithelial_solid_default	11098	0	9785	skipped_insufficient_cells	0	skipped_insufficient_cells	0	11098	0	0
GSE270680|GSM8349954_D02P	GSE270680_GSM8349954_D02P_3b1b484ce96d	GSE270680	Gastric cancer	epithelial_solid_default	9633	0	8330	skipped_insufficient_cells	0	skipped_insufficient_cells	0	9633	0	0
GSE270680|GSM8349955_D03T	GSE270680_GSM8349955_D03T_5eb4925c05d1	GSE270680	Gastric cancer	epithelial_solid_default	3973	176	3182	success	176	skipped_insufficient_cells	0	3973	0	0
GSE270680|GSM8349956_D03N	GSE270680_GSM8349956_D03N_d27ad630dba6	GSE270680	Gastric cancer	epithelial_solid_default	2651	382	1739	success	382	success	382	2651	0	0
GSE270680|GSM8349957_D03L	GSE270680_GSM8349957_D03L_2e111db94d04	GSE270680	Gastric cancer	epithelial_solid_default	7865	2	6756	skipped_insufficient_cells	0	skipped_insufficient_cells	0	7865	0	0
GSE270680|GSM8349958_D04T	GSE270680_GSM8349958_D04T_d228ac8a83e0	GSE270680	Gastric cancer	epithelial_solid_default	5874	38	4598	success	38	skipped_insufficient_cells	0	5874	0	0
GSE270680|GSM8349959_D04N	GSE270680_GSM8349959_D04N_ca1efccf583d	GSE270680	Gastric cancer	epithelial_solid_default	5539	9	4875	skipped_insufficient_cells	0	skipped_insufficient_cells	0	5539	0	0
GSE270680|GSM8349960_D04L	GSE270680_GSM8349960_D04L_5c527c992a5d	GSE270680	Gastric cancer	epithelial_solid_default	8396	0	7632	skipped_insufficient_cells	0	skipped_insufficient_cells	0	8396	0	0
GSE270680|GSM8349961_D04P	GSE270680_GSM8349961_D04P_bd79a63438ba	GSE270680	Gastric cancer	epithelial_solid_default	6512	4	5290	skipped_insufficient_cells	0	skipped_insufficient_cells	0	6512	0	0
GSE270680|GSM8349962_D05T	GSE270680_GSM8349962_D05T_5ac245e9276b	GSE270680	Gastric cancer	epithelial_solid_default	6926	11	4169	skipped_insufficient_cells	0	skipped_insufficient_cells	0	6926	0	0
GSE270680|GSM8349963_D05N	GSE270680_GSM8349963_D05N_cab0a93adafd	GSE270680	Gastric cancer	epithelial_solid_default	6286	4	4899	skipped_insufficient_cells	0	skipped_insufficient_cells	0	6286	0	0
GSE270680|GSM8349964_D05L	GSE270680_GSM8349964_D05L_4b6b0c1ad19d	GSE270680	Gastric cancer	epithelial_solid_default	10049	1	8861	skipped_insufficient_cells	0	skipped_insufficient_cells	0	10049	0	0
GSE270680|GSM8349965_D05P	GSE270680_GSM8349965_D05P_5e6841000296	GSE270680	Gastric cancer	epithelial_solid_default	10737	0	9226	skipped_insufficient_cells	0	skipped_insufficient_cells	0	10737	0	0
GSE270680|GSM8349966_D06T	GSE270680_GSM8349966_D06T_f9832d933050	GSE270680	Gastric cancer	epithelial_solid_default	4239	116	2911	success	116	skipped_insufficient_cells	0	4239	0	0
GSE270680|GSM8349967_D06N	GSE270680_GSM8349967_D06N_dcb1d403c661	GSE270680	Gastric cancer	epithelial_solid_default	6423	25	5112	skipped_insufficient_cells	0	skipped_insufficient_cells	0	6423	0	0
GSE270680|GSM8349968_D06L	GSE270680_GSM8349968_D06L_3fee05072397	GSE270680	Gastric cancer	epithelial_solid_default	9596	0	8561	skipped_insufficient_cells	0	skipped_insufficient_cells	0	9596	0	0
GSE270680|GSM8349969_D06P	GSE270680_GSM8349969_D06P_6be1fa2741b6	GSE270680	Gastric cancer	epithelial_solid_default	13433	0	11525	skipped_insufficient_cells	0	skipped_insufficient_cells	0	13433	0	0
GSE270680|GSM8349970_D07T	GSE270680_GSM8349970_D07T_0a4c3ff6d790	GSE270680	Gastric cancer	epithelial_solid_default	5135	50	3966	success	50	skipped_insufficient_cells	0	5135	0	0
GSE270680|GSM8349971_D07N	GSE270680_GSM8349971_D07N_1e1244357668	GSE270680	Gastric cancer	epithelial_solid_default	3994	93	2769	success	93	skipped_insufficient_cells	0	3994	0	0
GSE270680|GSM8349972_D07L	GSE270680_GSM8349972_D07L_ce53351fc681	GSE270680	Gastric cancer	epithelial_solid_default	5021	5	4328	skipped_insufficient_cells	0	skipped_insufficient_cells	0	5021	0	0
GSE270680|GSM8349973_D07P	GSE270680_GSM8349973_D07P_8ee733f0ede0	GSE270680	Gastric cancer	epithelial_solid_default	3127	0	2493	skipped_insufficient_cells	0	skipped_insufficient_cells	0	3127	0	0
GSE270680|GSM8349974_D08T	GSE270680_GSM8349974_D08T_975ba18c35c5	GSE270680	Gastric cancer	epithelial_solid_default	6388	24	5602	skipped_insufficient_cells	0	skipped_insufficient_cells	0	6388	0	0
GSE270680|GSM8349975_D08N	GSE270680_GSM8349975_D08N_ebbfe398c49e	GSE270680	Gastric cancer	epithelial_solid_default	6407	18	5522	skipped_insufficient_cells	0	skipped_insufficient_cells	0	6407	0	0
GSE270680|GSM8349976_D08L	GSE270680_GSM8349976_D08L_fed7c98042b2	GSE270680	Gastric cancer	epithelial_solid_default	7334	0	6162	skipped_insufficient_cells	0	skipped_insufficient_cells	0	7334	0	0
GSE270680|GSM8349977_D08P	GSE270680_GSM8349977_D08P_e229a69fac3e	GSE270680	Gastric cancer	epithelial_solid_default	6363	0	5397	skipped_insufficient_cells	0	skipped_insufficient_cells	0	6363	0	0
GSE270680|GSM8349978_D09T	GSE270680_GSM8349978_D09T_c3a5fa0b5909	GSE270680	Gastric cancer	epithelial_solid_default	7157	20	6244	skipped_insufficient_cells	0	skipped_insufficient_cells	0	7157	0	0
GSE270680|GSM8349979_D09N	GSE270680_GSM8349979_D09N_85f0902dbed1	GSE270680	Gastric cancer	epithelial_solid_default	5446	48	4585	success	48	skipped_insufficient_cells	0	5446	0	0
GSE270680|GSM8349980_D09L	GSE270680_GSM8349980_D09L_230f2ab88a1b	GSE270680	Gastric cancer	epithelial_solid_default	6997	3	5997	skipped_insufficient_cells	0	skipped_insufficient_cells	0	6997	0	0
GSE270680|GSM8349981_D09P	GSE270680_GSM8349981_D09P_a8756d3675fc	GSE270680	Gastric cancer	epithelial_solid_default	7534	0	4241	skipped_insufficient_cells	0	skipped_insufficient_cells	0	7534	0	0
GSE270680|GSM8349982_D10T	GSE270680_GSM8349982_D10T_3148107d2198	GSE270680	Gastric cancer	epithelial_solid_default	7020	52	5304	success	52	skipped_insufficient_cells	0	7020	0	0
GSE270680|GSM8349983_D10N	GSE270680_GSM8349983_D10N_4d188146b132	GSE270680	Gastric cancer	epithelial_solid_default	2045	10	1505	skipped_insufficient_cells	0	skipped_insufficient_cells	0	2045	0	0
GSE270680|GSM8349984_D10L	GSE270680_GSM8349984_D10L_f7f37ae6597f	GSE270680	Gastric cancer	epithelial_solid_default	9418	1	8529	skipped_insufficient_cells	0	skipped_insufficient_cells	0	9418	0	0
GSE270680|GSM8349985_D10P	GSE270680_GSM8349985_D10P_b265cddb5516	GSE270680	Gastric cancer	epithelial_solid_default	7268	0	6025	skipped_insufficient_cells	0	skipped_insufficient_cells	0	7268	0	0
GSE270680|GSM8349986_D11T	GSE270680_GSM8349986_D11T_3655de7ac9f7	GSE270680	Gastric cancer	epithelial_solid_default	5391	319	3826	success	319	success	319	5391	0	0
GSE270680|GSM8349987_D11N	GSE270680_GSM8349987_D11N_6cb7d04b2bee	GSE270680	Gastric cancer	epithelial_solid_default	8300	0	1589	skipped_insufficient_cells	0	skipped_insufficient_cells	0	8300	0	0
GSE270680|GSM8349988_D11P	GSE270680_GSM8349988_D11P_d0bff6110361	GSE270680	Gastric cancer	epithelial_solid_default	5862	0	4617	skipped_insufficient_cells	0	skipped_insufficient_cells	0	5862	0	0
GSE270680|GSM8349989_D12T	GSE270680_GSM8349989_D12T_fdaae7ea2619	GSE270680	Gastric cancer	epithelial_solid_default	4778	93	3859	success	93	skipped_insufficient_cells	0	4778	0	0
GSE270680|GSM8349990_D12N	GSE270680_GSM8349990_D12N_98f76d32c5ef	GSE270680	Gastric cancer	epithelial_solid_default	4577	749	2957	success	749	success	749	4577	0	0
GSE270680|GSM8349991_D12L	GSE270680_GSM8349991_D12L_cf4105a01a5d	GSE270680	Gastric cancer	epithelial_solid_default	4281	0	3262	skipped_insufficient_cells	0	skipped_insufficient_cells	0	4281	0	0
GSE270680|GSM8349992_D15T	GSE270680_GSM8349992_D15T_2e8fd57f8dfb	GSE270680	Gastric cancer	epithelial_solid_default	7759	15	6439	skipped_insufficient_cells	0	skipped_insufficient_cells	0	7759	0	0
GSE270680|GSM8349993_D16N	GSE270680_GSM8349993_D16N_b298fc8a1060	GSE270680	Gastric cancer	epithelial_solid_default	9037	29	6112	skipped_insufficient_cells	0	skipped_insufficient_cells	0	9037	0	0
GSE270680|GSM8349994_D16L	GSE270680_GSM8349994_D16L_63de3e5d89ce	GSE270680	Gastric cancer	epithelial_solid_default	9367	0	6810	skipped_insufficient_cells	0	skipped_insufficient_cells	0	9367	0	0
GSE270680|GSM8349995_D16P	GSE270680_GSM8349995_D16P_15c491f30222	GSE270680	Gastric cancer	epithelial_solid_default	9508	0	6414	skipped_insufficient_cells	0	skipped_insufficient_cells	0	9508	0	0
GSE270680|GSM8349996_D17T	GSE270680_GSM8349996_D17T_2d078e8a3f5e	GSE270680	Gastric cancer	epithelial_solid_default	10337	0	9269	skipped_insufficient_cells	0	skipped_insufficient_cells	0	10337	0	0
GSE270680|GSM8349997_D17N	GSE270680_GSM8349997_D17N_4a47fabe34eb	GSE270680	Gastric cancer	epithelial_solid_default	8659	36	7428	success	36	skipped_insufficient_cells	0	8659	0	0
GSE270680|GSM8349998_D18T	GSE270680_GSM8349998_D18T_3ab778eac2d6	GSE270680	Gastric cancer	epithelial_solid_default	1746	74	1335	success	74	skipped_insufficient_cells	0	1746	0	0
GSE270680|GSM8349999_D18L	GSE270680_GSM8349999_D18L_4e10405c04df	GSE270680	Gastric cancer	epithelial_solid_default	9058	0	7873	skipped_insufficient_cells	0	skipped_insufficient_cells	0	9058	0	0
GSE270680|GSM8350000_D18P	GSE270680_GSM8350000_D18P_1f53ba8fd73f	GSE270680	Gastric cancer	epithelial_solid_default	11938	0	8155	skipped_insufficient_cells	0	skipped_insufficient_cells	0	11938	0	0
GSE270680|GSM8350001_D19T	GSE270680_GSM8350001_D19T_c522fff76134	GSE270680	Gastric cancer	epithelial_solid_default	1575	8	1235	skipped_insufficient_cells	0	skipped_insufficient_cells	0	1575	0	0
GSE270680|GSM8350002_D19N	GSE270680_GSM8350002_D19N_55892f2c78c8	GSE270680	Gastric cancer	epithelial_solid_default	10982	37	7679	success	37	skipped_insufficient_cells	0	10982	0	0
GSE270680|GSM8350003_D19L	GSE270680_GSM8350003_D19L_ca3bc43ac031	GSE270680	Gastric cancer	epithelial_solid_default	7263	1	5638	skipped_insufficient_cells	0	skipped_insufficient_cells	0	7263	0	0
GSE270680|GSM8350004_D19P	GSE270680_GSM8350004_D19P_a578f78ebdea	GSE270680	Gastric cancer	epithelial_solid_default	7981	0	6146	skipped_insufficient_cells	0	skipped_insufficient_cells	0	7981	0	0
GSE270680|GSM8350005_D20T	GSE270680_GSM8350005_D20T_a51ce5f01c78	GSE270680	Gastric cancer	epithelial_solid_default	7131	73	5507	success	73	skipped_insufficient_cells	0	7131	0	0
GSE270680|GSM8350006_D20N	GSE270680_GSM8350006_D20N_2626c6405392	GSE270680	Gastric cancer	epithelial_solid_default	8641	48	6443	success	48	skipped_insufficient_cells	0	8641	0	0
GSE270680|GSM8350007_D21T	GSE270680_GSM8350007_D21T_f56e08876daa	GSE270680	Gastric cancer	epithelial_solid_default	6689	131	5254	success	131	skipped_insufficient_cells	0	6689	0	0
GSE270680|GSM8350008_D22T	GSE270680_GSM8350008_D22T_6dc8cd17ff8d	GSE270680	Gastric cancer	epithelial_solid_default	5247	68	3528	success	68	skipped_insufficient_cells	0	5247	0	0
GSE270680|GSM8350009_D22N	GSE270680_GSM8350009_D22N_32324c45b3fb	GSE270680	Gastric cancer	epithelial_solid_default	5968	16	4990	skipped_insufficient_cells	0	skipped_insufficient_cells	0	5968	0	0
GSE270680|GSM8350010_D23T	GSE270680_GSM8350010_D23T_224493f2d1b7	GSE270680	Gastric cancer	epithelial_solid_default	9596	111	7752	success	111	skipped_insufficient_cells	0	9596	0	0
GSE270680|GSM8350011_D23N	GSE270680_GSM8350011_D23N_a81121358799	GSE270680	Gastric cancer	epithelial_solid_default	9527	14	8493	skipped_insufficient_cells	0	skipped_insufficient_cells	0	9527	0	0
GSE270680|GSM8350012_D24T	GSE270680_GSM8350012_D24T_f31f6006fde8	GSE270680	Gastric cancer	epithelial_solid_default	9163	280	5353	success	280	success	280	9163	0	0
GSE270680|GSM8350013_D24N	GSE270680_GSM8350013_D24N_efdf732b8c2a	GSE270680	Gastric cancer	epithelial_solid_default	9860	91	5798	success	91	skipped_insufficient_cells	0	9860	0	0
GSE270680|GSM8350014_D24L	GSE270680_GSM8350014_D24L_91a8c086ba59	GSE270680	Gastric cancer	epithelial_solid_default	7396	0	5231	skipped_insufficient_cells	0	skipped_insufficient_cells	0	7396	0	0
GSE270680|GSM8350015_D24P	GSE270680_GSM8350015_D24P_8df28a81a2f5	GSE270680	Gastric cancer	epithelial_solid_default	9816	0	7014	skipped_insufficient_cells	0	skipped_insufficient_cells	0	9816	0	0
GSE270680|GSM8350016_D25T	GSE270680_GSM8350016_D25T_d03ccf9ec954	GSE270680	Gastric cancer	epithelial_solid_default	5853	4	4933	skipped_insufficient_cells	0	skipped_insufficient_cells	0	5853	0	0
GSE270680|GSM8350017_D25N	GSE270680_GSM8350017_D25N_9035c4e1e125	GSE270680	Gastric cancer	epithelial_solid_default	5191	117	4495	success	117	skipped_insufficient_cells	0	5191	0	0
GSE270680|GSM8350018_D26T	GSE270680_GSM8350018_D26T_3303c60c74a6	GSE270680	Gastric cancer	epithelial_solid_default	13134	2	11801	skipped_insufficient_cells	0	skipped_insufficient_cells	0	13134	0	0
GSE270680|GSM8350019_D27T	GSE270680_GSM8350019_D27T_eb8579faf487	GSE270680	Gastric cancer	epithelial_solid_default	3964	236	2384	success	236	success	236	3964	0	0
GSE270680|GSM8350020_D27N	GSE270680_GSM8350020_D27N_d93661611a96	GSE270680	Gastric cancer	epithelial_solid_default	5385	285	3428	success	285	success	285	5385	0	0
GSE270680|GSM8350021_D27L	GSE270680_GSM8350021_D27L_c54ce12c3767	GSE270680	Gastric cancer	epithelial_solid_default	8014	0	6939	skipped_insufficient_cells	0	skipped_insufficient_cells	0	8014	0	0
GSE270680|GSM8350022_D28T	GSE270680_GSM8350022_D28T_2e9ae0aa845e	GSE270680	Gastric cancer	epithelial_solid_default	12457	35	11175	success	35	skipped_insufficient_cells	0	12457	0	0
GSE270680|GSM8350023_D28N	GSE270680_GSM8350023_D28N_c6b04523d747	GSE270680	Gastric cancer	epithelial_solid_default	10522	20	8505	skipped_insufficient_cells	0	skipped_insufficient_cells	0	10522	0	0
GSE270680|GSM8350024_D30T	GSE270680_GSM8350024_D30T_8117539bfd91	GSE270680	Gastric cancer	epithelial_solid_default	7144	3	6527	skipped_insufficient_cells	0	skipped_insufficient_cells	0	7144	0	0
GSE270680|GSM8350025_D30N	GSE270680_GSM8350025_D30N_844b26fd8166	GSE270680	Gastric cancer	epithelial_solid_default	7854	38	6831	success	38	skipped_insufficient_cells	0	7854	0	0
GSE290925|GSM8825750_CJ1	GSE290925_GSM8825750_CJ1_c69e1e728ce9	GSE290925	HCC	epithelial_solid_default	9115	297	5962	success	297	success	297	9115	0	0
GSE290925|GSM8825751_DYMO	GSE290925_GSM8825751_DYMO_b565a36dafe1	GSE290925	HCC	epithelial_solid_default	11145	383	7174	success	383	success	383	11145	0	0
GSE290925|GSM8825752_HR0	GSE290925_GSM8825752_HR0_75db110712f0	GSE290925	HCC	epithelial_solid_default	7473	341	5214	success	341	success	341	7473	0	0
GSE290925|GSM8825753_LLG	GSE290925_GSM8825753_LLG_3814a7939b9b	GSE290925	HCC	epithelial_solid_default	22039	1797	10131	success	1797	success	1797	22039	0	0
GSE290925|GSM8825754_LZH0	GSE290925_GSM8825754_LZH0_42fc26bddb1d	GSE290925	HCC	epithelial_solid_default	5235	812	2199	success	812	success	812	5235	0	0
GSE290925|GSM8825755_NSS0	GSE290925_GSM8825755_NSS0_7af3bd2710ee	GSE290925	HCC	epithelial_solid_default	6622	714	4276	success	714	success	714	6622	0	0
GSE290925|GSM8825756_SMY0	GSE290925_GSM8825756_SMY0_9801e8864452	GSE290925	HCC	epithelial_solid_default	11724	18	9593	skipped_insufficient_cells	0	skipped_insufficient_cells	0	11724	0	0
GSE290925|GSM8825757_WYB	GSE290925_GSM8825757_WYB_a2fcabe23a7b	GSE290925	HCC	epithelial_solid_default	10651	169	8005	success	169	skipped_insufficient_cells	0	10651	0	0
GSE290925|GSM8825758_WZR	GSE290925_GSM8825758_WZR_16a66d6e6d3f	GSE290925	HCC	epithelial_solid_default	5805	524	3946	success	524	success	524	5805	0	0
GSE290925|GSM8825759_YSQ	GSE290925_GSM8825759_YSQ_e2397cb05c59	GSE290925	HCC	epithelial_solid_default	15352	907	9447	success	907	success	907	15352	0	0
GSE290925|GSM8825760_YHL0	GSE290925_GSM8825760_YHL0_a708e12c1377	GSE290925	HCC	epithelial_solid_default	7965	288	4753	success	288	success	288	7965	0	0
GSE290925|GSM8825761_ZHLSH0	GSE290925_GSM8825761_ZHLSH0_0f9d9603afc6	GSE290925	HCC	epithelial_solid_default	9408	107	7075	success	107	skipped_insufficient_cells	0	9408	0	0
GSE299340|GSE299340__GSM9037556_291	GSE299340_GSE299340__GSM9037556_291_9c3266291f86	GSE299340	HCC	epithelial_solid_default	5525	4	3746	skipped_insufficient_cells	0	skipped_insufficient_cells	0	5525	0	0
GSE299340|GSE299340__GSM9037557_292	GSE299340_GSE299340__GSM9037557_292_f14463e0ab0c	GSE299340	HCC	epithelial_solid_default	4459	10	3712	skipped_insufficient_cells	0	skipped_insufficient_cells	0	4459	0	0
GSE299340|GSE299340__GSM9037558_293	GSE299340_GSE299340__GSM9037558_293_15df049447f9	GSE299340	HCC	epithelial_solid_default	4586	776	2974	success	776	success	776	4586	0	0
GSE299340|GSE299340__GSM9037559_294	GSE299340_GSE299340__GSM9037559_294_7a850bae5326	GSE299340	HCC	epithelial_solid_default	5429	8	4877	skipped_insufficient_cells	0	skipped_insufficient_cells	0	5429	0	0
GSE299340|GSE299340__GSM9037560_295	GSE299340_GSE299340__GSM9037560_295_1b821559e0a6	GSE299340	HCC	epithelial_solid_default	4805	55	2903	success	55	skipped_insufficient_cells	0	4805	0	0
GSE299340|GSE299340__GSM9037561_296	GSE299340_GSE299340__GSM9037561_296_d47923ba0403	GSE299340	HCC	epithelial_solid_default	6843	24	5831	skipped_insufficient_cells	0	skipped_insufficient_cells	0	6843	0	0
GSE299340|GSE299340__GSM9037562_297	GSE299340_GSE299340__GSM9037562_297_39bf8e79f758	GSE299340	HCC	epithelial_solid_default	8734	243	2842	success	243	success	243	8734	0	0
GSE299340|GSE299340__GSM9037563_298	GSE299340_GSE299340__GSM9037563_298_d2a3095abd0d	GSE299340	HCC	epithelial_solid_default	5441	16	4827	skipped_insufficient_cells	0	skipped_insufficient_cells	0	5441	0	0
GSE299340|GSE299340__GSM9037564_299	GSE299340_GSE299340__GSM9037564_299_cdc2de43adf6	GSE299340	HCC	epithelial_solid_default	6038	12	5747	skipped_insufficient_cells	0	skipped_insufficient_cells	0	6038	0	0
GSE299340|GSE299340__GSM9037565_300	GSE299340_GSE299340__GSM9037565_300_7062201cfecc	GSE299340	HCC	epithelial_solid_default	5795	5	5432	skipped_insufficient_cells	0	skipped_insufficient_cells	0	5795	0	0
GSE188737|1	GSE188737_1_5f4389aea02c	GSE188737	Head and neck squamous cell carcinoma	epithelial_solid_default	410	7	201	skipped_insufficient_cells	0	skipped_insufficient_cells	0	410	0	0
GSE188737|10	GSE188737_10_523a79066bcc	GSE188737	Head and neck squamous cell carcinoma	epithelial_solid_default	5811	3637	745	success	3637	success	3637	5811	0	0
GSE188737|11	GSE188737_11_45d108234d1b	GSE188737	Head and neck squamous cell carcinoma	epithelial_solid_default	1958	442	142	success	442	success	442	1958	0	0
GSE188737|12	GSE188737_12_c9a68952edbe	GSE188737	Head and neck squamous cell carcinoma	epithelial_solid_default	4151	387	1024	success	387	success	387	4151	0	0
GSE188737|13	GSE188737_13_a3d109cc3809	GSE188737	Head and neck squamous cell carcinoma	epithelial_solid_default	1856	866	267	success	866	success	866	1856	0	0
GSE188737|14	GSE188737_14_028f873a7feb	GSE188737	Head and neck squamous cell carcinoma	epithelial_solid_default	2656	492	907	success	492	success	492	2656	0	0
GSE188737|2	GSE188737_2_4be0cdc5e706	GSE188737	Head and neck squamous cell carcinoma	epithelial_solid_default	193	0	75	skipped_insufficient_cells	0	skipped_insufficient_cells	0	193	0	0
GSE188737|3	GSE188737_3_751031024a4f	GSE188737	Head and neck squamous cell carcinoma	epithelial_solid_default	375	86	101	success	86	skipped_insufficient_cells	0	375	0	0
GSE188737|4	GSE188737_4_a6a1e8ae077f	GSE188737	Head and neck squamous cell carcinoma	epithelial_solid_default	1220	95	733	success	95	skipped_insufficient_cells	0	1220	0	0
GSE188737|5	GSE188737_5_1d0863ce550a	GSE188737	Head and neck squamous cell carcinoma	epithelial_solid_default	3514	168	1051	success	168	skipped_insufficient_cells	0	3514	0	0
GSE188737|6	GSE188737_6_ea44a9b727b9	GSE188737	Head and neck squamous cell carcinoma	epithelial_solid_default	3896	3	2623	skipped_insufficient_cells	0	skipped_insufficient_cells	0	3896	0	0
GSE188737|7	GSE188737_7_228e303f4c98	GSE188737	Head and neck squamous cell carcinoma	epithelial_solid_default	2658	163	725	success	163	skipped_insufficient_cells	0	2658	0	0
GSE188737|8	GSE188737_8_ba2631db997c	GSE188737	Head and neck squamous cell carcinoma	epithelial_solid_default	2715	153	1599	success	153	skipped_insufficient_cells	0	2715	0	0
GSE188737|9	GSE188737_9_33f2cb0ca594	GSE188737	Head and neck squamous cell carcinoma	epithelial_solid_default	2116	434	604	success	434	success	434	2116	0	0
GSE184880|GSE184880__GSM5599220_Norm1	GSE184880_GSE184880__GSM5599220_Norm1_eafdbf9b875b	GSE184880	High-grade serous ovarian cancer	epithelial_solid_default	4800	1	547	skipped_insufficient_cells	0	skipped_insufficient_cells	0	4800	0	0
GSE184880|GSE184880__GSM5599221_Norm2	GSE184880_GSE184880__GSM5599221_Norm2_509334b012d4	GSE184880	High-grade serous ovarian cancer	epithelial_solid_default	3853	0	101	skipped_insufficient_cells	0	skipped_insufficient_cells	0	3853	0	0
GSE184880|GSE184880__GSM5599222_Norm3	GSE184880_GSE184880__GSM5599222_Norm3_b1e7313c667f	GSE184880	High-grade serous ovarian cancer	epithelial_solid_default	3358	163	1354	success	163	skipped_insufficient_cells	0	3358	0	0
GSE184880|GSE184880__GSM5599223_Norm4	GSE184880_GSE184880__GSM5599223_Norm4_4a2a4e05a1ca	GSE184880	High-grade serous ovarian cancer	epithelial_solid_default	4797	2	86	skipped_insufficient_cells	0	skipped_insufficient_cells	0	4797	0	0
GSE184880|GSE184880__GSM5599224_Norm5	GSE184880_GSE184880__GSM5599224_Norm5_f36d6f14ff74	GSE184880	High-grade serous ovarian cancer	epithelial_solid_default	3148	39	1303	success	39	skipped_insufficient_cells	0	3148	0	0
GSE184880|GSE184880__GSM5599225_Cancer1	GSE184880_GSE184880__GSM5599225_Cancer1_cf69d63b4190	GSE184880	High-grade serous ovarian cancer	epithelial_solid_default	5562	694	3132	success	694	success	694	5562	0	0
GSE184880|GSE184880__GSM5599226_Cancer2	GSE184880_GSE184880__GSM5599226_Cancer2_3d66e715ad22	GSE184880	High-grade serous ovarian cancer	epithelial_solid_default	2874	1160	597	success	1160	success	1160	2874	0	0
GSE184880|GSE184880__GSM5599227_Cancer3	GSE184880_GSE184880__GSM5599227_Cancer3_3fb60f84e147	GSE184880	High-grade serous ovarian cancer	epithelial_solid_default	3167	193	2442	success	193	skipped_insufficient_cells	0	3167	0	0
GSE184880|GSE184880__GSM5599228_Cancer4	GSE184880_GSE184880__GSM5599228_Cancer4_74e75c38881b	GSE184880	High-grade serous ovarian cancer	epithelial_solid_default	1384	543	526	success	543	success	543	1384	0	0
GSE184880|GSE184880__GSM5599229_Cancer5	GSE184880_GSE184880__GSM5599229_Cancer5_18dba4219cfc	GSE184880	High-grade serous ovarian cancer	epithelial_solid_default	3669	91	2881	success	91	skipped_insufficient_cells	0	3669	0	0
GSE184880|GSE184880__GSM5599230_Cancer6	GSE184880_GSE184880__GSM5599230_Cancer6_99e5ed242cfc	GSE184880	High-grade serous ovarian cancer	epithelial_solid_default	3452	1118	647	success	1118	success	1118	3452	0	0
GSE184880|GSE184880__GSM5599231_Cancer7	GSE184880_GSE184880__GSM5599231_Cancer7_044ed8596e95	GSE184880	High-grade serous ovarian cancer	epithelial_solid_default	2752	166	2147	success	166	skipped_insufficient_cells	0	2752	0	0
GSE253013|MRC002_NAT_1	GSE253013_MRC002_NAT_1_7a21cd2a26ae	GSE253013	INVASIVE ADENOCARCINOMA	epithelial_solid_default	1373	404	617	success	404	success	404	1373	0	0
GSE253013|MRC002_NAT_2	GSE253013_MRC002_NAT_2_50c226abfe05	GSE253013	INVASIVE ADENOCARCINOMA	epithelial_solid_default	1250	391	543	success	391	success	391	1250	0	0
GSE253013|MRC002_NAT_3	GSE253013_MRC002_NAT_3_73f80ddeaf1b	GSE253013	INVASIVE ADENOCARCINOMA	epithelial_solid_default	1290	392	585	success	392	success	392	1290	0	0
GSE253013|MRC002_NAT_4	GSE253013_MRC002_NAT_4_306c4b395124	GSE253013	INVASIVE ADENOCARCINOMA	epithelial_solid_default	1321	412	589	success	412	success	412	1321	0	0
GSE253013|MRC002_NSCLC_1	GSE253013_MRC002_NSCLC_1_801988585fcf	GSE253013	INVASIVE ADENOCARCINOMA	epithelial_solid_default	1672	141	944	success	141	skipped_insufficient_cells	0	1672	0	0
GSE253013|MRC002_NSCLC_2	GSE253013_MRC002_NSCLC_2_fb2fa2c512f2	GSE253013	INVASIVE ADENOCARCINOMA	epithelial_solid_default	1741	140	1012	success	140	skipped_insufficient_cells	0	1741	0	0
GSE253013|MRC002_NSCLC_3	GSE253013_MRC002_NSCLC_3_c473a33a8313	GSE253013	INVASIVE ADENOCARCINOMA	epithelial_solid_default	1635	129	930	success	129	skipped_insufficient_cells	0	1635	0	0
GSE253013|US-10029427-1	GSE253013_US-10029427-1_6389e25852c4	GSE253013	INVASIVE ADENOCARCINOMA	epithelial_solid_default	3123	137	1877	success	137	skipped_insufficient_cells	0	3123	0	0
GSE253013|US-10029427-2	GSE253013_US-10029427-2_0a9c5d65856a	GSE253013	INVASIVE ADENOCARCINOMA	epithelial_solid_default	2863	111	1744	success	111	skipped_insufficient_cells	0	2863	0	0
GSE253013|US-10029427-3	GSE253013_US-10029427-3_e1bd3c181594	GSE253013	INVASIVE ADENOCARCINOMA	epithelial_solid_default	3006	125	1856	success	125	skipped_insufficient_cells	0	3006	0	0
GSE253013|US-10029427-4	GSE253013_US-10029427-4_bdb3d84a3abf	GSE253013	INVASIVE ADENOCARCINOMA	epithelial_solid_default	1803	721	121	success	721	success	721	1803	0	0
GSE253013|US-10029427-5	GSE253013_US-10029427-5_8bddbbf7413b	GSE253013	INVASIVE ADENOCARCINOMA	epithelial_solid_default	1776	677	119	success	677	success	677	1776	0	0
GSE253013|US-10029427-6	GSE253013_US-10029427-6_b9ad43ac6a35	GSE253013	INVASIVE ADENOCARCINOMA	epithelial_solid_default	1872	802	133	success	802	success	802	1872	0	0
GSE253013|US-10029428-1	GSE253013_US-10029428-1_62c0240ebc56	GSE253013	INVASIVE ADENOCARCINOMA	epithelial_solid_default	3707	9	3052	skipped_insufficient_cells	0	skipped_insufficient_cells	0	3707	0	0
GSE253013|US-10029428-2	GSE253013_US-10029428-2_8832899d704e	GSE253013	INVASIVE ADENOCARCINOMA	epithelial_solid_default	3795	18	3095	skipped_insufficient_cells	0	skipped_insufficient_cells	0	3795	0	0
GSE253013|US-10029428-3	GSE253013_US-10029428-3_c02d8eaa56a7	GSE253013	INVASIVE ADENOCARCINOMA	epithelial_solid_default	3711	11	3075	skipped_insufficient_cells	0	skipped_insufficient_cells	0	3711	0	0
GSE253013|US-10029428-4	GSE253013_US-10029428-4_85c44d4f63f0	GSE253013	INVASIVE ADENOCARCINOMA	epithelial_solid_default	1886	419	756	success	419	success	419	1886	0	0
GSE253013|US-10029428-5	GSE253013_US-10029428-5_9ef836b845b0	GSE253013	INVASIVE ADENOCARCINOMA	epithelial_solid_default	1519	278	635	success	278	success	278	1519	0	0
GSE253013|US-10029428-6	GSE253013_US-10029428-6_5889419a73f5	GSE253013	INVASIVE ADENOCARCINOMA	epithelial_solid_default	1742	353	714	success	353	success	353	1742	0	0
GSE253013|US-10029428-7	GSE253013_US-10029428-7_8ccc98788200	GSE253013	INVASIVE ADENOCARCINOMA	epithelial_solid_default	1706	340	697	success	340	success	340	1706	0	0
GSE253013|US-10029428-8	GSE253013_US-10029428-8_b893529a9814	GSE253013	INVASIVE ADENOCARCINOMA	epithelial_solid_default	1912	403	809	success	403	success	403	1912	0	0
GSE253013|US-10029429-1	GSE253013_US-10029429-1_f036417d3a89	GSE253013	INVASIVE ADENOCARCINOMA	epithelial_solid_default	2787	92	1424	success	92	skipped_insufficient_cells	0	2787	0	0
GSE253013|US-10029429-2	GSE253013_US-10029429-2_1ad1ddb1d093	GSE253013	INVASIVE ADENOCARCINOMA	epithelial_solid_default	3873	83	1942	success	83	skipped_insufficient_cells	0	3873	0	0
GSE253013|US-10029429-3	GSE253013_US-10029429-3_debd8a154cc0	GSE253013	INVASIVE ADENOCARCINOMA	epithelial_solid_default	2948	63	1549	success	63	skipped_insufficient_cells	0	2948	0	0
GSE253013|US-10029429-4	GSE253013_US-10029429-4_ab8dd6570120	GSE253013	INVASIVE ADENOCARCINOMA	epithelial_solid_default	3657	100	1828	success	100	skipped_insufficient_cells	0	3657	0	0
GSE253013|US-10029430-1	GSE253013_US-10029430-1_005aa94b2f04	GSE253013	INVASIVE ADENOCARCINOMA	epithelial_solid_default	4567	287	3231	success	287	success	287	4567	0	0
GSE253013|US-10029430-2	GSE253013_US-10029430-2_f314bc5a039a	GSE253013	INVASIVE ADENOCARCINOMA	epithelial_solid_default	4042	277	2814	success	277	success	277	4042	0	0
GSE253013|US-10029430-3	GSE253013_US-10029430-3_b421f19f75cf	GSE253013	INVASIVE ADENOCARCINOMA	epithelial_solid_default	2075	740	288	success	740	success	740	2075	0	0
GSE253013|US-10029430-4	GSE253013_US-10029430-4_a624eff6ae2b	GSE253013	INVASIVE ADENOCARCINOMA	epithelial_solid_default	2069	634	321	success	634	success	634	2069	0	0
GSE253013|US-10029430-5	GSE253013_US-10029430-5_32059ff71bc7	GSE253013	INVASIVE ADENOCARCINOMA	epithelial_solid_default	2067	702	314	success	702	success	702	2067	0	0
GSE253013|US-10029430-6	GSE253013_US-10029430-6_331df0c94497	GSE253013	INVASIVE ADENOCARCINOMA	epithelial_solid_default	2249	758	313	success	758	success	758	2249	0	0
GSE253013|US-10029430-7	GSE253013_US-10029430-7_36bfbd71cd78	GSE253013	INVASIVE ADENOCARCINOMA	epithelial_solid_default	2116	836	320	success	836	success	836	2116	0	0
GSE253013|US-10029433-1	GSE253013_US-10029433-1_0003d961182c	GSE253013	INVASIVE ADENOCARCINOMA	epithelial_solid_default	4891	14	3579	skipped_insufficient_cells	0	skipped_insufficient_cells	0	4891	0	0
GSE253013|US-10029433-2	GSE253013_US-10029433-2_f79f8f4f7bb1	GSE253013	INVASIVE ADENOCARCINOMA	epithelial_solid_default	4651	13	3496	skipped_insufficient_cells	0	skipped_insufficient_cells	0	4651	0	0
GSE253013|US-10029433-3	GSE253013_US-10029433-3_55c544e28a11	GSE253013	INVASIVE ADENOCARCINOMA	epithelial_solid_default	4409	9	3318	skipped_insufficient_cells	0	skipped_insufficient_cells	0	4409	0	0
GSE253013|US-10029433-4	GSE253013_US-10029433-4_6ce27f20e059	GSE253013	INVASIVE ADENOCARCINOMA	epithelial_solid_default	2142	713	259	success	713	success	713	2142	0	0
GSE253013|US-10029433-5	GSE253013_US-10029433-5_9b5fedbb1558	GSE253013	INVASIVE ADENOCARCINOMA	epithelial_solid_default	2195	707	268	success	707	success	707	2195	0	0
GSE253013|US-10029433-6	GSE253013_US-10029433-6_75026629ae21	GSE253013	INVASIVE ADENOCARCINOMA	epithelial_solid_default	2230	802	252	success	802	success	802	2230	0	0
GSE253013|US-10029433-7	GSE253013_US-10029433-7_659d790ee0ef	GSE253013	INVASIVE ADENOCARCINOMA	epithelial_solid_default	2228	871	246	success	871	success	871	2228	0	0
GSE253013|US-10029433-8	GSE253013_US-10029433-8_68f14bbfe0a2	GSE253013	INVASIVE ADENOCARCINOMA	epithelial_solid_default	2196	1005	276	success	1005	success	1005	2196	0	0
GSE253013|US-10029434-1	GSE253013_US-10029434-1_b7ea4c2f55b0	GSE253013	INVASIVE ADENOCARCINOMA	epithelial_solid_default	6754	3	6136	skipped_insufficient_cells	0	skipped_insufficient_cells	0	6754	0	0
GSE253013|US-10029434-2	GSE253013_US-10029434-2_b807375362d7	GSE253013	INVASIVE ADENOCARCINOMA	epithelial_solid_default	6051	1	5541	skipped_insufficient_cells	0	skipped_insufficient_cells	0	6051	0	0
GSE253013|US-10029434-3	GSE253013_US-10029434-3_0cedc4a239d6	GSE253013	INVASIVE ADENOCARCINOMA	epithelial_solid_default	6091	2	5592	skipped_insufficient_cells	0	skipped_insufficient_cells	0	6091	0	0
GSE253013|US-10029434-4	GSE253013_US-10029434-4_d891c57ae7bd	GSE253013	INVASIVE ADENOCARCINOMA	epithelial_solid_default	6061	0	5595	skipped_insufficient_cells	0	skipped_insufficient_cells	0	6061	0	0
GSE253013|US-10029434-5	GSE253013_US-10029434-5_9affa653fd56	GSE253013	INVASIVE ADENOCARCINOMA	epithelial_solid_default	2205	357	518	success	357	success	357	2205	0	0
GSE253013|US-10029434-6	GSE253013_US-10029434-6_a494e9bb6ecf	GSE253013	INVASIVE ADENOCARCINOMA	epithelial_solid_default	2542	431	715	success	431	success	431	2542	0	0
GSE253013|US-10029434-7	GSE253013_US-10029434-7_5546151ab9df	GSE253013	INVASIVE ADENOCARCINOMA	epithelial_solid_default	2418	432	644	success	432	success	432	2418	0	0
GSE253013|MRC003_ADENO_1	GSE253013_MRC003_ADENO_1_3ef0d44c8781	GSE253013	INVASIVE MUCINOUS ADENOCARCINOMA	epithelial_solid_default	1511	703	567	success	703	success	703	1511	0	0
GSE253013|MRC003_ADENO_2	GSE253013_MRC003_ADENO_2_a831c574bb29	GSE253013	INVASIVE MUCINOUS ADENOCARCINOMA	epithelial_solid_default	1446	659	593	success	659	success	659	1446	0	0
GSE253013|MRC003_ADENO_3	GSE253013_MRC003_ADENO_3_a947622552f8	GSE253013	INVASIVE MUCINOUS ADENOCARCINOMA	epithelial_solid_default	1626	698	705	success	698	success	698	1626	0	0
GSE253013|MRC003_ADENO_4	GSE253013_MRC003_ADENO_4_d8069f0f13b5	GSE253013	INVASIVE MUCINOUS ADENOCARCINOMA	epithelial_solid_default	1677	708	756	success	708	success	708	1677	0	0
GSE253013|MRC001_NAT_1	GSE253013_MRC001_NAT_1_faa2d57002fd	GSE253013	INVASIVE MUCINOUS CARCINOMA	epithelial_solid_default	1465	198	846	success	198	skipped_insufficient_cells	0	1465	0	0
GSE253013|MRC001_NAT_2	GSE253013_MRC001_NAT_2_d6cff5fc5427	GSE253013	INVASIVE MUCINOUS CARCINOMA	epithelial_solid_default	1466	214	848	success	214	success	214	1466	0	0
GSE253013|MRC001_NAT_3	GSE253013_MRC001_NAT_3_1e72eed0309c	GSE253013	INVASIVE MUCINOUS CARCINOMA	epithelial_solid_default	1332	192	745	success	192	skipped_insufficient_cells	0	1332	0	0
GSE253013|MRC001_NSCLC_1	GSE253013_MRC001_NSCLC_1_a77fcebd8766	GSE253013	INVASIVE MUCINOUS CARCINOMA	epithelial_solid_default	1894	153	1156	success	153	skipped_insufficient_cells	0	1894	0	0
GSE253013|MRC001_NSCLC_2	GSE253013_MRC001_NSCLC_2_ad9d5ff68457	GSE253013	INVASIVE MUCINOUS CARCINOMA	epithelial_solid_default	1821	158	1121	success	158	skipped_insufficient_cells	0	1821	0	0
GSE253013|MRC001_NSCLC_3	GSE253013_MRC001_NSCLC_3_039ec0c259e0	GSE253013	INVASIVE MUCINOUS CARCINOMA	epithelial_solid_default	1842	153	1107	success	153	skipped_insufficient_cells	0	1842	0	0
GSE253013|MRC001_NSCLC_4	GSE253013_MRC001_NSCLC_4_c25b67292115	GSE253013	INVASIVE MUCINOUS CARCINOMA	epithelial_solid_default	1779	156	1062	success	156	skipped_insufficient_cells	0	1779	0	0
GSE138709|GSE138709__ICC_18_Adjacent	GSE138709_GSE138709__ICC_18_Adjacent_37b0f59e424a	GSE138709	Intrahepatic cholangiocarcinoma	epithelial_solid_default	9109	1	8339	skipped_insufficient_cells	0	skipped_insufficient_cells	0	9109	0	0
GSE138709|GSE138709__ICC_18_Tumor	GSE138709_GSE138709__ICC_18_Tumor_95a7f84102bd	GSE138709	Intrahepatic cholangiocarcinoma	epithelial_solid_default	3966	3856	60	success	3856	success	3856	3966	0	0
GSE138709|GSE138709__ICC_20_Tumor	GSE138709_GSE138709__ICC_20_Tumor_90b93e54ebc5	GSE138709	Intrahepatic cholangiocarcinoma	epithelial_solid_default	2304	2052	156	success	2052	success	2052	2304	0	0
GSE138709|GSE138709__ICC_23_Adjacent	GSE138709_GSE138709__ICC_23_Adjacent_fe3b1bbd4858	GSE138709	Intrahepatic cholangiocarcinoma	epithelial_solid_default	3422	3	2638	skipped_insufficient_cells	0	skipped_insufficient_cells	0	3422	0	0
GSE138709|GSE138709__ICC_23_Tumor	GSE138709_GSE138709__ICC_23_Tumor_4c0f69a84de9	GSE138709	Intrahepatic cholangiocarcinoma	epithelial_solid_default	2916	1695	411	success	1695	success	1695	2916	0	0
GSE138709|GSE138709__ICC_24_Tumor1	GSE138709_GSE138709__ICC_24_Tumor1_8722e8547f27	GSE138709	Intrahepatic cholangiocarcinoma	epithelial_solid_default	2747	2005	296	success	2005	success	2005	2747	0	0
GSE138709|GSE138709__ICC_24_Tumor2	GSE138709_GSE138709__ICC_24_Tumor2_59d85d49ca0a	GSE138709	Intrahepatic cholangiocarcinoma	epithelial_solid_default	1594	66	768	success	66	skipped_insufficient_cells	0	1594	0	0
GSE138709|GSE138709__ICC_25_Adjacent	GSE138709_GSE138709__ICC_25_Adjacent_5a5a55cf5d68	GSE138709	Intrahepatic cholangiocarcinoma	epithelial_solid_default	1656	449	955	success	449	success	449	1656	0	0
GSE188711|GSM5688706__WGC	GSE188711_GSM5688706__WGC_3d9d2db59172	GSE188711	Left/right CRC	epithelial_solid_default	3224	289	2316	success	289	success	289	3224	0	0
GSE188711|GSM5688707__JCA	GSE188711_GSM5688707__JCA_1df86cfe936d	GSE188711	Left/right CRC	epithelial_solid_default	2767	552	1711	success	552	success	552	2767	0	0
GSE188711|GSM5688708__LS-CRC3	GSE188711_GSM5688708__LS-CRC3_479b63b17c36	GSE188711	Left/right CRC	epithelial_solid_default	5149	88	3247	success	88	skipped_insufficient_cells	0	5149	0	0
GSE188711|GSM5688709__RS-CRC1	GSE188711_GSM5688709__RS-CRC1_3a25ea4ebb26	GSE188711	Left/right CRC	epithelial_solid_default	4916	95	3958	success	95	skipped_insufficient_cells	0	4916	0	0
GSE188711|GSM5688710__R_CRC3	GSE188711_GSM5688710__R_CRC3_92f66eb7d1ca	GSE188711	Left/right CRC	epithelial_solid_default	3442	90	2881	success	90	skipped_insufficient_cells	0	3442	0	0
GSE188711|GSM5688711__R_CRC4	GSE188711_GSM5688711__R_CRC4_a1abb7232cb9	GSE188711	Left/right CRC	epithelial_solid_default	3611	516	2284	success	516	success	516	3611	0	0
GSE131907|BRONCHO_11	GSE131907_BRONCHO_11_666ffb76e2f2	GSE131907	Lung cancer	epithelial_solid_default	3053	181	2318	success	181	skipped_insufficient_cells	0	3053	0	0
GSE131907|BRONCHO_58	GSE131907_BRONCHO_58_303770bbd74e	GSE131907	Lung cancer	epithelial_solid_default	2709	440	1891	success	440	success	440	2709	0	0
GSE131907|EBUS_06	GSE131907_EBUS_06_4075518547cd	GSE131907	Lung cancer	epithelial_solid_default	2223	1131	908	success	1131	success	1131	2223	0	0
GSE131907|EBUS_10	GSE131907_EBUS_10_9d1207b13c71	GSE131907	Lung cancer	epithelial_solid_default	4928	375	3450	success	375	success	375	4928	0	0
GSE131907|EBUS_12	GSE131907_EBUS_12_b7afabee78e6	GSE131907	Lung cancer	epithelial_solid_default	3037	227	1409	success	227	success	227	3037	0	0
GSE131907|EBUS_13	GSE131907_EBUS_13_2f668e79d65d	GSE131907	Lung cancer	epithelial_solid_default	3448	117	2417	success	117	skipped_insufficient_cells	0	3448	0	0
GSE131907|EBUS_15	GSE131907_EBUS_15_8df236902bbb	GSE131907	Lung cancer	epithelial_solid_default	1048	228	619	success	228	success	228	1048	0	0
GSE131907|EBUS_19	GSE131907_EBUS_19_628dbe17f6ea	GSE131907	Lung cancer	epithelial_solid_default	1998	171	1584	success	171	skipped_insufficient_cells	0	1998	0	0
GSE131907|EBUS_28	GSE131907_EBUS_28_ed51b838ef30	GSE131907	Lung cancer	epithelial_solid_default	5009	4591	304	success	4591	success	4591	5009	0	0
GSE131907|EBUS_49	GSE131907_EBUS_49_18ab3f00e9c2	GSE131907	Lung cancer	epithelial_solid_default	1668	82	1242	success	82	skipped_insufficient_cells	0	1668	0	0
GSE131907|EBUS_51	GSE131907_EBUS_51_25d013bd00c0	GSE131907	Lung cancer	epithelial_solid_default	3187	1251	1630	success	1251	success	1251	3187	0	0
GSE131907|EFFUSION_06	GSE131907_EFFUSION_06_6d7d62acd135	GSE131907	Lung cancer	epithelial_solid_default	4819	209	3691	success	209	success	209	4819	0	0
GSE131907|EFFUSION_11	GSE131907_EFFUSION_11_ea7ec814e302	GSE131907	Lung cancer	epithelial_solid_default	2854	65	2202	success	65	skipped_insufficient_cells	0	2854	0	0
GSE131907|EFFUSION_12	GSE131907_EFFUSION_12_56106ce69f62	GSE131907	Lung cancer	epithelial_solid_default	4101	17	3204	skipped_insufficient_cells	0	skipped_insufficient_cells	0	4101	0	0
GSE131907|EFFUSION_13	GSE131907_EFFUSION_13_b2e7c6b04064	GSE131907	Lung cancer	epithelial_solid_default	4404	38	3942	success	38	skipped_insufficient_cells	0	4404	0	0
GSE131907|EFFUSION_64	GSE131907_EFFUSION_64_074291489f84	GSE131907	Lung cancer	epithelial_solid_default	3743	12	3475	skipped_insufficient_cells	0	skipped_insufficient_cells	0	3743	0	0
GSE131907|LN_01	GSE131907_LN_01_f5a47dcaf08e	GSE131907	Lung cancer	epithelial_solid_default	3447	0	3143	skipped_insufficient_cells	0	skipped_insufficient_cells	0	3447	0	0
GSE131907|LN_02	GSE131907_LN_02_5b720c72466a	GSE131907	Lung cancer	epithelial_solid_default	3098	0	2917	skipped_insufficient_cells	0	skipped_insufficient_cells	0	3098	0	0
GSE131907|LN_03	GSE131907_LN_03_ef49efd98ff3	GSE131907	Lung cancer	epithelial_solid_default	2933	0	2689	skipped_insufficient_cells	0	skipped_insufficient_cells	0	2933	0	0
GSE131907|LN_04	GSE131907_LN_04_4b3181ef2731	GSE131907	Lung cancer	epithelial_solid_default	2981	0	2842	skipped_insufficient_cells	0	skipped_insufficient_cells	0	2981	0	0
GSE131907|LN_05	GSE131907_LN_05_02f43770d5c1	GSE131907	Lung cancer	epithelial_solid_default	2771	1	2577	skipped_insufficient_cells	0	skipped_insufficient_cells	0	2771	0	0
GSE131907|LN_06	GSE131907_LN_06_244da744a62e	GSE131907	Lung cancer	epithelial_solid_default	2861	0	2692	skipped_insufficient_cells	0	skipped_insufficient_cells	0	2861	0	0
GSE131907|LN_07	GSE131907_LN_07_8ac62e77f8cd	GSE131907	Lung cancer	epithelial_solid_default	5047	0	4638	skipped_insufficient_cells	0	skipped_insufficient_cells	0	5047	0	0
GSE131907|LN_08	GSE131907_LN_08_809e2a9d3fb2	GSE131907	Lung cancer	epithelial_solid_default	4044	0	3758	skipped_insufficient_cells	0	skipped_insufficient_cells	0	4044	0	0
GSE131907|LN_11	GSE131907_LN_11_a06a63e5fed9	GSE131907	Lung cancer	epithelial_solid_default	3593	0	3224	skipped_insufficient_cells	0	skipped_insufficient_cells	0	3593	0	0
GSE131907|LN_12	GSE131907_LN_12_62755bdc1a6d	GSE131907	Lung cancer	epithelial_solid_default	4341	0	3855	skipped_insufficient_cells	0	skipped_insufficient_cells	0	4341	0	0
GSE131907|LUNG_N01	GSE131907_LUNG_N01_7026914ddb60	GSE131907	Lung cancer	epithelial_solid_default	3135	128	2311	success	128	skipped_insufficient_cells	0	3135	0	0
GSE131907|LUNG_N06	GSE131907_LUNG_N06_25569179c09f	GSE131907	Lung cancer	epithelial_solid_default	2802	86	2227	success	86	skipped_insufficient_cells	0	2802	0	0
GSE131907|LUNG_N08	GSE131907_LUNG_N08_f77217fcd57f	GSE131907	Lung cancer	epithelial_solid_default	3293	181	2592	success	181	skipped_insufficient_cells	0	3293	0	0
GSE131907|LUNG_N09	GSE131907_LUNG_N09_1c379b5b2cbe	GSE131907	Lung cancer	epithelial_solid_default	2472	293	1822	success	293	success	293	2472	0	0
GSE131907|LUNG_N18	GSE131907_LUNG_N18_cd8c192729a2	GSE131907	Lung cancer	epithelial_solid_default	4531	337	3154	success	337	success	337	4531	0	0
GSE131907|LUNG_N19	GSE131907_LUNG_N19_fa7c8d424f2f	GSE131907	Lung cancer	epithelial_solid_default	3816	82	2833	success	82	skipped_insufficient_cells	0	3816	0	0
GSE131907|LUNG_N20	GSE131907_LUNG_N20_78fc8ac6a848	GSE131907	Lung cancer	epithelial_solid_default	5611	182	4800	success	182	skipped_insufficient_cells	0	5611	0	0
GSE131907|LUNG_N28	GSE131907_LUNG_N28_2a23b5b1203c	GSE131907	Lung cancer	epithelial_solid_default	3338	153	2731	success	153	skipped_insufficient_cells	0	3338	0	0
GSE131907|LUNG_N30	GSE131907_LUNG_N30_943e53fe8caf	GSE131907	Lung cancer	epithelial_solid_default	3775	268	2467	success	268	success	268	3775	0	0
GSE131907|LUNG_N31	GSE131907_LUNG_N31_137a6e6a2490	GSE131907	Lung cancer	epithelial_solid_default	4139	434	2148	success	434	success	434	4139	0	0
GSE131907|LUNG_N34	GSE131907_LUNG_N34_c7f6dd07b8e3	GSE131907	Lung cancer	epithelial_solid_default	5119	469	3614	success	469	success	469	5119	0	0
GSE131907|LUNG_T06	GSE131907_LUNG_T06_8e9802bb49a6	GSE131907	Lung cancer	epithelial_solid_default	3358	112	2211	success	112	skipped_insufficient_cells	0	3358	0	0
GSE131907|LUNG_T08	GSE131907_LUNG_T08_e5405ec56221	GSE131907	Lung cancer	epithelial_solid_default	3651	20	3056	skipped_insufficient_cells	0	skipped_insufficient_cells	0	3651	0	0
GSE131907|LUNG_T09	GSE131907_LUNG_T09_4fd0b5ecf753	GSE131907	Lung cancer	epithelial_solid_default	3738	87	2886	success	87	skipped_insufficient_cells	0	3738	0	0
GSE131907|LUNG_T18	GSE131907_LUNG_T18_eb0976e5b53e	GSE131907	Lung cancer	epithelial_solid_default	3391	749	1875	success	749	success	749	3391	0	0
GSE131907|LUNG_T19	GSE131907_LUNG_T19_b9c7f54288fa	GSE131907	Lung cancer	epithelial_solid_default	4269	233	3211	success	233	success	233	4269	0	0
GSE131907|LUNG_T20	GSE131907_LUNG_T20_102e159fbcf8	GSE131907	Lung cancer	epithelial_solid_default	3926	499	2739	success	499	success	499	3926	0	0
GSE131907|LUNG_T25	GSE131907_LUNG_T25_1939b1cc5d47	GSE131907	Lung cancer	epithelial_solid_default	4197	186	3531	success	186	skipped_insufficient_cells	0	4197	0	0
GSE131907|LUNG_T28	GSE131907_LUNG_T28_c305646862f4	GSE131907	Lung cancer	epithelial_solid_default	4475	1108	2790	success	1108	success	1108	4475	0	0
GSE131907|LUNG_T30	GSE131907_LUNG_T30_185b58193b30	GSE131907	Lung cancer	epithelial_solid_default	3980	691	2489	success	691	success	691	3980	0	0
GSE131907|LUNG_T31	GSE131907_LUNG_T31_13fb7e00c3d4	GSE131907	Lung cancer	epithelial_solid_default	5286	236	3830	success	236	success	236	5286	0	0
GSE131907|LUNG_T34	GSE131907_LUNG_T34_dce3e6e7631d	GSE131907	Lung cancer	epithelial_solid_default	3077	2259	585	success	2259	success	2259	3077	0	0
GSE131907|NS_02	GSE131907_NS_02_15fe335e5687	GSE131907	Lung cancer	epithelial_solid_default	2236	158	1510	success	158	skipped_insufficient_cells	0	2236	0	0
GSE131907|NS_03	GSE131907_NS_03_7a952d695093	GSE131907	Lung cancer	epithelial_solid_default	2902	2643	198	success	2643	success	2643	2902	0	0
GSE131907|NS_04	GSE131907_NS_04_9550544f19b4	GSE131907	Lung cancer	epithelial_solid_default	1795	1138	287	success	1138	success	1138	1795	0	0
GSE131907|NS_06	GSE131907_NS_06_fb03be1605d4	GSE131907	Lung cancer	epithelial_solid_default	989	74	584	success	74	skipped_insufficient_cells	0	989	0	0
GSE131907|NS_07	GSE131907_NS_07_c2113fba4061	GSE131907	Lung cancer	epithelial_solid_default	5346	4643	410	success	4643	success	4643	5346	0	0
GSE131907|NS_12	GSE131907_NS_12_1c0854d01c2b	GSE131907	Lung cancer	epithelial_solid_default	2974	2599	261	success	2599	success	2599	2974	0	0
GSE131907|NS_13	GSE131907_NS_13_19c7fff50e0d	GSE131907	Lung cancer	epithelial_solid_default	4395	1106	2790	success	1106	success	1106	4395	0	0
GSE131907|NS_16	GSE131907_NS_16_6c80b6c53296	GSE131907	Lung cancer	epithelial_solid_default	1200	75	625	success	75	skipped_insufficient_cells	0	1200	0	0
GSE131907|NS_17	GSE131907_NS_17_529b75f5851c	GSE131907	Lung cancer	epithelial_solid_default	2187	949	903	success	949	success	949	2187	0	0
GSE131907|NS_19	GSE131907_NS_19_e893e73d9bb5	GSE131907	Lung cancer	epithelial_solid_default	3100	616	1626	success	616	success	616	3100	0	0
GSE179994|P1.post.1	GSE179994_P1.post.1_33e5cdd3c8f0	GSE179994	Lung cancer	epithelial_solid_default	3008	0	2829	skipped_insufficient_cells	0	skipped_insufficient_cells	0	3008	0	0
GSE179994|P1.post.2	GSE179994_P1.post.2_ae4318768e6b	GSE179994	Lung cancer	epithelial_solid_default	3644	0	3407	skipped_insufficient_cells	0	skipped_insufficient_cells	0	3644	0	0
GSE179994|P1.post.3	GSE179994_P1.post.3_8eb5a70029e8	GSE179994	Lung cancer	epithelial_solid_default	3108	0	2721	skipped_insufficient_cells	0	skipped_insufficient_cells	0	3108	0	0
GSE179994|P1.pre	GSE179994_P1.pre_60562960732a	GSE179994	Lung cancer	epithelial_solid_default	4372	5	4061	skipped_insufficient_cells	0	skipped_insufficient_cells	0	4372	0	0
GSE179994|P10.post.1	GSE179994_P10.post.1_ffff3062e797	GSE179994	Lung cancer	epithelial_solid_default	2825	0	2544	skipped_insufficient_cells	0	skipped_insufficient_cells	0	2825	0	0
GSE179994|P10.pre	GSE179994_P10.pre_c479109f5eae	GSE179994	Lung cancer	epithelial_solid_default	6987	13	6180	skipped_insufficient_cells	0	skipped_insufficient_cells	0	6987	0	0
GSE179994|P11.pre	GSE179994_P11.pre_012eae7a69b0	GSE179994	Lung cancer	epithelial_solid_default	2078	0	1920	skipped_insufficient_cells	0	skipped_insufficient_cells	0	2078	0	0
GSE179994|P12.pre	GSE179994_P12.pre_55fb6f263ea4	GSE179994	Lung cancer	epithelial_solid_default	3123	0	2860	skipped_insufficient_cells	0	skipped_insufficient_cells	0	3123	0	0
GSE179994|P13.post.1	GSE179994_P13.post.1_d5ba349d81c3	GSE179994	Lung cancer	epithelial_solid_default	4158	0	3775	skipped_insufficient_cells	0	skipped_insufficient_cells	0	4158	0	0
GSE179994|P13.post.2	GSE179994_P13.post.2_d69b55905725	GSE179994	Lung cancer	epithelial_solid_default	3627	0	3279	skipped_insufficient_cells	0	skipped_insufficient_cells	0	3627	0	0
GSE179994|P13.pre	GSE179994_P13.pre_52ec0f03de6b	GSE179994	Lung cancer	epithelial_solid_default	1208	1	1075	skipped_insufficient_cells	0	skipped_insufficient_cells	0	1208	0	0
GSE179994|P14.pre	GSE179994_P14.pre_5a91398255d0	GSE179994	Lung cancer	epithelial_solid_default	3386	0	2729	skipped_insufficient_cells	0	skipped_insufficient_cells	0	3386	0	0
GSE179994|P15.pre	GSE179994_P15.pre_2c3e950e0234	GSE179994	Lung cancer	epithelial_solid_default	2108	1	1756	skipped_insufficient_cells	0	skipped_insufficient_cells	0	2108	0	0
GSE179994|P16.pre	GSE179994_P16.pre_9a5cae110ecf	GSE179994	Lung cancer	epithelial_solid_default	1428	0	1186	skipped_insufficient_cells	0	skipped_insufficient_cells	0	1428	0	0
GSE179994|P17.pre	GSE179994_P17.pre_462798684462	GSE179994	Lung cancer	epithelial_solid_default	1397	0	1267	skipped_insufficient_cells	0	skipped_insufficient_cells	0	1397	0	0
GSE179994|P18.pre	GSE179994_P18.pre_4395e4c38ede	GSE179994	Lung cancer	epithelial_solid_default	2988	5	2626	skipped_insufficient_cells	0	skipped_insufficient_cells	0	2988	0	0
GSE179994|P19.post.1	GSE179994_P19.post.1_b85c5e52deb8	GSE179994	Lung cancer	epithelial_solid_default	9654	0	9059	skipped_insufficient_cells	0	skipped_insufficient_cells	0	9654	0	0
GSE179994|P19.pre	GSE179994_P19.pre_e0ea443cf36f	GSE179994	Lung cancer	epithelial_solid_default	9334	3	8562	skipped_insufficient_cells	0	skipped_insufficient_cells	0	9334	0	0
GSE179994|P2.pre	GSE179994_P2.pre_81050ed2514d	GSE179994	Lung cancer	epithelial_solid_default	2332	0	2156	skipped_insufficient_cells	0	skipped_insufficient_cells	0	2332	0	0
GSE179994|P20.pre	GSE179994_P20.pre_c0e2b67dbf3c	GSE179994	Lung cancer	epithelial_solid_default	2666	0	2458	skipped_insufficient_cells	0	skipped_insufficient_cells	0	2666	0	0
GSE179994|P21.pre	GSE179994_P21.pre_5aeb434b1c1c	GSE179994	Lung cancer	epithelial_solid_default	2722	22	2148	skipped_insufficient_cells	0	skipped_insufficient_cells	0	2722	0	0
GSE179994|P22.pre	GSE179994_P22.pre_9e73355f2e42	GSE179994	Lung cancer	epithelial_solid_default	876	0	762	skipped_insufficient_cells	0	skipped_insufficient_cells	0	876	0	0
GSE179994|P23.pre	GSE179994_P23.pre_c81aa07d3e94	GSE179994	Lung cancer	epithelial_solid_default	2494	3	2052	skipped_insufficient_cells	0	skipped_insufficient_cells	0	2494	0	0
GSE179994|P24.pre	GSE179994_P24.pre_501a58e3e4e6	GSE179994	Lung cancer	epithelial_solid_default	1579	0	1406	skipped_insufficient_cells	0	skipped_insufficient_cells	0	1579	0	0
GSE179994|P25.pre	GSE179994_P25.pre_c2d25b49375b	GSE179994	Lung cancer	epithelial_solid_default	5904	12	5403	skipped_insufficient_cells	0	skipped_insufficient_cells	0	5904	0	0
GSE179994|P26.pre	GSE179994_P26.pre_281d1f23b257	GSE179994	Lung cancer	epithelial_solid_default	365	0	296	skipped_insufficient_cells	0	skipped_insufficient_cells	0	365	0	0
GSE179994|P27.pre	GSE179994_P27.pre_5a927d6e5fb6	GSE179994	Lung cancer	epithelial_solid_default	2147	0	1790	skipped_insufficient_cells	0	skipped_insufficient_cells	0	2147	0	0
GSE179994|P28.pre	GSE179994_P28.pre_91673d5dc85d	GSE179994	Lung cancer	epithelial_solid_default	3462	0	3160	skipped_insufficient_cells	0	skipped_insufficient_cells	0	3462	0	0
GSE179994|P29.post.1	GSE179994_P29.post.1_cb05a77a4595	GSE179994	Lung cancer	epithelial_solid_default	1508	1	1376	skipped_insufficient_cells	0	skipped_insufficient_cells	0	1508	0	0
GSE179994|P29.pre	GSE179994_P29.pre_df1635dc3d44	GSE179994	Lung cancer	epithelial_solid_default	2218	0	1950	skipped_insufficient_cells	0	skipped_insufficient_cells	0	2218	0	0
GSE179994|P3.pre	GSE179994_P3.pre_abfe80e65e55	GSE179994	Lung cancer	epithelial_solid_default	1952	0	1878	skipped_insufficient_cells	0	skipped_insufficient_cells	0	1952	0	0
GSE179994|P30.post.1	GSE179994_P30.post.1_2923b8f64908	GSE179994	Lung cancer	epithelial_solid_default	7619	0	6819	skipped_insufficient_cells	0	skipped_insufficient_cells	0	7619	0	0
GSE179994|P30.pre	GSE179994_P30.pre_c3aa4ec85153	GSE179994	Lung cancer	epithelial_solid_default	2784	0	2602	skipped_insufficient_cells	0	skipped_insufficient_cells	0	2784	0	0
GSE179994|P33.post.1	GSE179994_P33.post.1_3f8bea2c1b95	GSE179994	Lung cancer	epithelial_solid_default	4840	0	4435	skipped_insufficient_cells	0	skipped_insufficient_cells	0	4840	0	0
GSE179994|P33.pre	GSE179994_P33.pre_a739aa04a1ee	GSE179994	Lung cancer	epithelial_solid_default	1945	0	1772	skipped_insufficient_cells	0	skipped_insufficient_cells	0	1945	0	0
GSE179994|P34.pre	GSE179994_P34.pre_eae8c43b7b5a	GSE179994	Lung cancer	epithelial_solid_default	4161	1	3463	skipped_insufficient_cells	0	skipped_insufficient_cells	0	4161	0	0
GSE179994|P35.post.1	GSE179994_P35.post.1_fa9c03a43223	GSE179994	Lung cancer	epithelial_solid_default	5962	0	5521	skipped_insufficient_cells	0	skipped_insufficient_cells	0	5962	0	0
GSE179994|P35.pre	GSE179994_P35.pre_3e429d930a72	GSE179994	Lung cancer	epithelial_solid_default	3708	0	3276	skipped_insufficient_cells	0	skipped_insufficient_cells	0	3708	0	0
GSE179994|P36.post.1	GSE179994_P36.post.1_15f385def70a	GSE179994	Lung cancer	epithelial_solid_default	4606	0	4378	skipped_insufficient_cells	0	skipped_insufficient_cells	0	4606	0	0
GSE179994|P37.post.1	GSE179994_P37.post.1_1396531b4da8	GSE179994	Lung cancer	epithelial_solid_default	600	1	413	skipped_insufficient_cells	0	skipped_insufficient_cells	0	600	0	0
GSE179994|P38.post.1	GSE179994_P38.post.1_0d8459a5a024	GSE179994	Lung cancer	epithelial_solid_default	3073	10	2246	skipped_insufficient_cells	0	skipped_insufficient_cells	0	3073	0	0
GSE179994|P4.pre	GSE179994_P4.pre_73916caf9a79	GSE179994	Lung cancer	epithelial_solid_default	1043	0	953	skipped_insufficient_cells	0	skipped_insufficient_cells	0	1043	0	0
GSE179994|P5.pre	GSE179994_P5.pre_984a4b1507c6	GSE179994	Lung cancer	epithelial_solid_default	369	1	339	skipped_insufficient_cells	0	skipped_insufficient_cells	0	369	0	0
GSE179994|P6.pre	GSE179994_P6.pre_93e6a1b404d5	GSE179994	Lung cancer	epithelial_solid_default	1740	0	1576	skipped_insufficient_cells	0	skipped_insufficient_cells	0	1740	0	0
GSE179994|P7.pre	GSE179994_P7.pre_7bf7f71bfc3c	GSE179994	Lung cancer	epithelial_solid_default	475	0	410	skipped_insufficient_cells	0	skipped_insufficient_cells	0	475	0	0
GSE179994|P8.pre	GSE179994_P8.pre_27521d095296	GSE179994	Lung cancer	epithelial_solid_default	1693	0	1574	skipped_insufficient_cells	0	skipped_insufficient_cells	0	1693	0	0
GSE179994|P9.pre	GSE179994_P9.pre_746df249f803	GSE179994	Lung cancer	epithelial_solid_default	1038	0	915	skipped_insufficient_cells	0	skipped_insufficient_cells	0	1038	0	0
GSE189357|GSE189357__GSM5699777_TD1	GSE189357_GSE189357__GSM5699777_TD1_e878c84d3236	GSE189357	Lung cancer	epithelial_solid_default	9779	440	8303	success	440	success	440	9779	0	0
GSE189357|GSE189357__GSM5699778_TD2	GSE189357_GSE189357__GSM5699778_TD2_15dbccaa09be	GSE189357	Lung cancer	epithelial_solid_default	11911	176	10397	success	176	skipped_insufficient_cells	0	11911	0	0
GSE189357|GSE189357__GSM5699779_TD3	GSE189357_GSE189357__GSM5699779_TD3_3a9be9da518e	GSE189357	Lung cancer	epithelial_solid_default	8604	95	5860	success	95	skipped_insufficient_cells	0	8604	0	0
GSE189357|GSE189357__GSM5699780_TD4	GSE189357_GSE189357__GSM5699780_TD4_bcbe8fa5f7d1	GSE189357	Lung cancer	epithelial_solid_default	8391	90	6967	success	90	skipped_insufficient_cells	0	8391	0	0
GSE189357|GSE189357__GSM5699781_TD5	GSE189357_GSE189357__GSM5699781_TD5_c3d6a69853b1	GSE189357	Lung cancer	epithelial_solid_default	12867	103	11071	success	103	skipped_insufficient_cells	0	12867	0	0
GSE189357|GSE189357__GSM5699782_TD6	GSE189357_GSE189357__GSM5699782_TD6_817a0bcea1af	GSE189357	Lung cancer	epithelial_solid_default	6112	399	4100	success	399	success	399	6112	0	0
GSE189357|GSE189357__GSM5699783_TD7	GSE189357_GSE189357__GSM5699783_TD7_2d07cf8cc3f8	GSE189357	Lung cancer	epithelial_solid_default	2214	156	1630	success	156	skipped_insufficient_cells	0	2214	0	0
GSE189357|GSE189357__GSM5699784_TD8	GSE189357_GSE189357__GSM5699784_TD8_b46da287e40d	GSE189357	Lung cancer	epithelial_solid_default	12307	179	10201	success	179	skipped_insufficient_cells	0	12307	0	0
GSE189357|GSE189357__GSM5699785_TD9	GSE189357_GSE189357__GSM5699785_TD9_51c708b9c331	GSE189357	Lung cancer	epithelial_solid_default	12144	1668	8992	success	1668	success	1668	12144	0	0
GSE162025|GSM4929846_NPC_SC_1802_Tumor	GSE162025_GSM4929846_NPC_SC_1802_Tumor_146ae7aef5f6	GSE162025	Nasopharyngeal carcinoma	epithelial_solid_default	9627	418	7764	success	418	success	418	9627	0	0
GSE162025|GSM4929848_NPC_SC_1805_Tumor	GSE162025_GSM4929848_NPC_SC_1805_Tumor_4bf8dc7cc165	GSE162025	Nasopharyngeal carcinoma	epithelial_solid_default	7562	111	5979	success	111	skipped_insufficient_cells	0	7562	0	0
GSE162025|GSM4929850_NPC_SC_1806_Tumor	GSE162025_GSM4929850_NPC_SC_1806_Tumor_881cc7d9f0a0	GSE162025	Nasopharyngeal carcinoma	epithelial_solid_default	9719	16	7907	skipped_insufficient_cells	0	skipped_insufficient_cells	0	9719	0	0
GSE162025|GSM4929852_NPC_SC_1807_Tumor	GSE162025_GSM4929852_NPC_SC_1807_Tumor_caeb74d6e083	GSE162025	Nasopharyngeal carcinoma	epithelial_solid_default	9776	35	8254	success	35	skipped_insufficient_cells	0	9776	0	0
GSE162025|GSM4929854_NPC_SC_1808_Tumor	GSE162025_GSM4929854_NPC_SC_1808_Tumor_d3dc3e8c9a04	GSE162025	Nasopharyngeal carcinoma	epithelial_solid_default	10299	12	9493	skipped_insufficient_cells	0	skipped_insufficient_cells	0	10299	0	0
GSE162025|GSM4929856_NPC_SC_1810_Tumor	GSE162025_GSM4929856_NPC_SC_1810_Tumor_94fcf89ee037	GSE162025	Nasopharyngeal carcinoma	epithelial_solid_default	8345	159	7569	success	159	skipped_insufficient_cells	0	8345	0	0
GSE162025|GSM4929858_NPC_SC_1811_Tumor	GSE162025_GSM4929858_NPC_SC_1811_Tumor_7a2c1971e967	GSE162025	Nasopharyngeal carcinoma	epithelial_solid_default	5923	35	5091	success	35	skipped_insufficient_cells	0	5923	0	0
GSE162025|GSM4929860_NPC_SC_1813_Tumor	GSE162025_GSM4929860_NPC_SC_1813_Tumor_80e6cf232a1d	GSE162025	Nasopharyngeal carcinoma	epithelial_solid_default	6460	474	4844	success	474	success	474	6460	0	0
GSE162025|GSM4929862_NPC_SC_1815_Tumor	GSE162025_GSM4929862_NPC_SC_1815_Tumor_e693e0d1e4b1	GSE162025	Nasopharyngeal carcinoma	epithelial_solid_default	7545	208	6072	success	208	success	208	7545	0	0
GSE162025|GSM4929864_NPC_SC_1816_Tumor	GSE162025_GSM4929864_NPC_SC_1816_Tumor_7d3059fd03d4	GSE162025	Nasopharyngeal carcinoma	epithelial_solid_default	7353	1025	4893	success	1025	success	1025	7353	0	0
GSE127465|human_p1t1	GSE127465_human_p1t1_86b64aeb7a6c	GSE127465	Non-small cell lung cancer	epithelial_solid_default	1512	243	631	success	243	success	243	1512	0	0
GSE127465|human_p1t2	GSE127465_human_p1t2_28055e7bdca1	GSE127465	Non-small cell lung cancer	epithelial_solid_default	1651	263	727	success	263	success	263	1651	0	0
GSE127465|human_p1t3	GSE127465_human_p1t3_6beb5e699d7f	GSE127465	Non-small cell lung cancer	epithelial_solid_default	964	139	465	success	139	skipped_insufficient_cells	0	964	0	0
GSE127465|human_p1t4	GSE127465_human_p1t4_0a2a930f18fc	GSE127465	Non-small cell lung cancer	epithelial_solid_default	1067	162	505	success	162	skipped_insufficient_cells	0	1067	0	0
GSE127465|human_p2t1	GSE127465_human_p2t1_6b9ee8a43a9f	GSE127465	Non-small cell lung cancer	epithelial_solid_default	199	32	106	success	32	skipped_insufficient_cells	0	199	0	0
GSE127465|human_p2t2	GSE127465_human_p2t2_073a7aca92e5	GSE127465	Non-small cell lung cancer	epithelial_solid_default	179	27	88	skipped_insufficient_cells	0	skipped_insufficient_cells	0	179	0	0
GSE127465|human_p3t1	GSE127465_human_p3t1_adea62ce9bf1	GSE127465	Non-small cell lung cancer	epithelial_solid_default	1977	76	1413	success	76	skipped_insufficient_cells	0	1977	0	0
GSE127465|human_p3t2	GSE127465_human_p3t2_26ca7ffc0ec4	GSE127465	Non-small cell lung cancer	epithelial_solid_default	2039	94	1424	success	94	skipped_insufficient_cells	0	2039	0	0
GSE127465|human_p3t3	GSE127465_human_p3t3_1549b62eaab6	GSE127465	Non-small cell lung cancer	epithelial_solid_default	1811	123	1192	success	123	skipped_insufficient_cells	0	1811	0	0
GSE127465|human_p4t1	GSE127465_human_p4t1_7ee573b6e66a	GSE127465	Non-small cell lung cancer	epithelial_solid_default	885	33	600	success	33	skipped_insufficient_cells	0	885	0	0
GSE127465|human_p4t2	GSE127465_human_p4t2_664817042c02	GSE127465	Non-small cell lung cancer	epithelial_solid_default	844	42	567	success	42	skipped_insufficient_cells	0	844	0	0
GSE127465|human_p4t3	GSE127465_human_p4t3_3a65b2c225fe	GSE127465	Non-small cell lung cancer	epithelial_solid_default	984	39	695	success	39	skipped_insufficient_cells	0	984	0	0
GSE127465|human_p5t1	GSE127465_human_p5t1_e8a2b236e760	GSE127465	Non-small cell lung cancer	epithelial_solid_default	627	206	224	success	206	success	206	627	0	0
GSE127465|human_p5t2	GSE127465_human_p5t2_1cb3bc8d3fe0	GSE127465	Non-small cell lung cancer	epithelial_solid_default	1157	207	600	success	207	success	207	1157	0	0
GSE127465|human_p6t1	GSE127465_human_p6t1_2d923ff50452	GSE127465	Non-small cell lung cancer	epithelial_solid_default	1433	43	934	success	43	skipped_insufficient_cells	0	1433	0	0
GSE127465|human_p6t2	GSE127465_human_p6t2_372de91d12e0	GSE127465	Non-small cell lung cancer	epithelial_solid_default	1158	53	686	success	53	skipped_insufficient_cells	0	1158	0	0
GSE127465|human_p7t1	GSE127465_human_p7t1_7c11a9689459	GSE127465	Non-small cell lung cancer	epithelial_solid_default	1462	171	711	success	171	skipped_insufficient_cells	0	1462	0	0
GSE127465|human_p7t2	GSE127465_human_p7t2_d79d5868eb2d	GSE127465	Non-small cell lung cancer	epithelial_solid_default	1403	157	709	success	157	skipped_insufficient_cells	0	1403	0	0
GSE155698|GSE155698__GSM4710689_PDAC_TISSUE_1	GSE155698_GSE155698__GSM4710689_PDAC_TISSUE_1_888c5d03d853	GSE155698	Pancreatic ductal adenocarcinoma	epithelial_solid_default	982	278	410	success	278	success	278	982	0	0
GSE155698|GSE155698__GSM4710690_PDAC_TISSUE_2	GSE155698_GSE155698__GSM4710690_PDAC_TISSUE_2_f258600fc966	GSE155698	Pancreatic ductal adenocarcinoma	epithelial_solid_default	1381	897	292	success	897	success	897	1381	0	0
GSE155698|GSE155698__GSM4710691_PDAC_TISSUE_3	GSE155698_GSE155698__GSM4710691_PDAC_TISSUE_3_d84362868bb6	GSE155698	Pancreatic ductal adenocarcinoma	epithelial_solid_default	1679	394	1102	success	394	success	394	1679	0	0
GSE155698|GSE155698__GSM4710692_PDAC_TISSUE_4	GSE155698_GSE155698__GSM4710692_PDAC_TISSUE_4_fcf090b5cca9	GSE155698	Pancreatic ductal adenocarcinoma	epithelial_solid_default	1302	166	831	success	166	skipped_insufficient_cells	0	1302	0	0
GSE155698|GSE155698__GSM4710693_PDAC_TISSUE_5	GSE155698_GSE155698__GSM4710693_PDAC_TISSUE_5_d42b98ceebee	GSE155698	Pancreatic ductal adenocarcinoma	epithelial_solid_default	1073	286	591	success	286	success	286	1073	0	0
GSE155698|GSE155698__GSM4710694_PDAC_TISSUE_6	GSE155698_GSE155698__GSM4710694_PDAC_TISSUE_6_312be7dac977	GSE155698	Pancreatic ductal adenocarcinoma	epithelial_solid_default	1920	541	1006	success	541	success	541	1920	0	0
GSE155698|GSE155698__GSM4710695_PDAC_TISSUE_7	GSE155698_GSE155698__GSM4710695_PDAC_TISSUE_7_4bf17095841f	GSE155698	Pancreatic ductal adenocarcinoma	epithelial_solid_default	6245	41	4668	success	41	skipped_insufficient_cells	0	6245	0	0
GSE155698|GSE155698__GSM4710696_PDAC_TISSUE_8	GSE155698_GSE155698__GSM4710696_PDAC_TISSUE_8_822fce9a9498	GSE155698	Pancreatic ductal adenocarcinoma	epithelial_solid_default	3566	443	2401	success	443	success	443	3566	0	0
GSE155698|GSE155698__GSM4710697_PDAC_TISSUE_9	GSE155698_GSE155698__GSM4710697_PDAC_TISSUE_9_ba321324edc2	GSE155698	Pancreatic ductal adenocarcinoma	epithelial_solid_default	2687	28	304	skipped_insufficient_cells	0	skipped_insufficient_cells	0	2687	0	0
GSE155698|GSE155698__GSM4710698_PDAC_TISSUE_10	GSE155698_GSE155698__GSM4710698_PDAC_TISSUE_10_1c92c1356a90	GSE155698	Pancreatic ductal adenocarcinoma	epithelial_solid_default	965	13	821	skipped_insufficient_cells	0	skipped_insufficient_cells	0	965	0	0
GSE155698|GSE155698__GSM4710699_PDAC_TISSUE_11A	GSE155698_GSE155698__GSM4710699_PDAC_TISSUE_11A_2f7d76a1d5c3	GSE155698	Pancreatic ductal adenocarcinoma	epithelial_solid_default	1370	779	377	success	779	success	779	1370	0	0
GSE155698|GSE155698__GSM4710700_PDAC_TISSUE_11B	GSE155698_GSE155698__GSM4710700_PDAC_TISSUE_11B_7659e2718bb0	GSE155698	Pancreatic ductal adenocarcinoma	epithelial_solid_default	917	41	625	success	41	skipped_insufficient_cells	0	917	0	0
GSE155698|GSE155698__GSM4710701_PDAC_TISSUE_12	GSE155698_GSE155698__GSM4710701_PDAC_TISSUE_12_022ddbf0b800	GSE155698	Pancreatic ductal adenocarcinoma	epithelial_solid_default	896	8	485	skipped_insufficient_cells	0	skipped_insufficient_cells	0	896	0	0
GSE155698|GSE155698__GSM4710702_PDAC_TISSUE_13	GSE155698_GSE155698__GSM4710702_PDAC_TISSUE_13_6f6293b3996b	GSE155698	Pancreatic ductal adenocarcinoma	epithelial_solid_default	4145	2325	1511	success	2325	success	2325	4145	0	0
GSE155698|GSE155698__GSM4710704_PDAC_TISSUE_15	GSE155698_GSE155698__GSM4710704_PDAC_TISSUE_15_01c76963ce8b	GSE155698	Pancreatic ductal adenocarcinoma	epithelial_solid_default	2180	452	1206	success	452	success	452	2180	0	0
GSE155698|GSE155698__GSM4710705_PDAC_TISSUE_16	GSE155698_GSE155698__GSM4710705_PDAC_TISSUE_16_43d421747fd3	GSE155698	Pancreatic ductal adenocarcinoma	epithelial_solid_default	791	702	70	success	702	success	702	791	0	0
GSE155698|GSE155698__GSM4710706_AdjNorm_TISSUE_1	GSE155698_GSE155698__GSM4710706_AdjNorm_TISSUE_1_bf6418a26b89	GSE155698	Pancreatic ductal adenocarcinoma	epithelial_solid_default	2928	280	1704	success	280	success	280	2928	0	0
GSE155698|GSE155698__GSM4710707_AdjNorm_TISSUE_2	GSE155698_GSE155698__GSM4710707_AdjNorm_TISSUE_2_2c59bdbd78ce	GSE155698	Pancreatic ductal adenocarcinoma	epithelial_solid_default	1663	68	1321	success	68	skipped_insufficient_cells	0	1663	0	0
GSE155698|GSE155698__GSM4710708_AdjNorm_TISSUE_3	GSE155698_GSE155698__GSM4710708_AdjNorm_TISSUE_3_59df11a249ba	GSE155698	Pancreatic ductal adenocarcinoma	epithelial_solid_default	276	107	136	success	107	skipped_insufficient_cells	0	276	0	0
GSE155698|GSE155698__GSM4710709_PDAC_PBMC_1	GSE155698_GSE155698__GSM4710709_PDAC_PBMC_1_c676d36fc987	GSE155698	Pancreatic ductal adenocarcinoma	epithelial_solid_default	1743	145	1383	success	145	skipped_insufficient_cells	0	1743	0	0
GSE155698|GSE155698__GSM4710710_PDAC_PBMC_2	GSE155698_GSE155698__GSM4710710_PDAC_PBMC_2_90c18f260cc7	GSE155698	Pancreatic ductal adenocarcinoma	epithelial_solid_default	2115	95	1529	success	95	skipped_insufficient_cells	0	2115	0	0
GSE155698|GSE155698__GSM4710711_PDAC_PBMC_3	GSE155698_GSE155698__GSM4710711_PDAC_PBMC_3_607c394f7f09	GSE155698	Pancreatic ductal adenocarcinoma	epithelial_solid_default	2315	77	1781	success	77	skipped_insufficient_cells	0	2315	0	0
GSE155698|GSE155698__GSM4710712_PDAC_PBMC_4	GSE155698_GSE155698__GSM4710712_PDAC_PBMC_4_b2f5392e31e3	GSE155698	Pancreatic ductal adenocarcinoma	epithelial_solid_default	1988	68	408	success	68	skipped_insufficient_cells	0	1988	0	0
GSE155698|GSE155698__GSM4710713_PDAC_PBMC_5	GSE155698_GSE155698__GSM4710713_PDAC_PBMC_5_66f8e50e9d5f	GSE155698	Pancreatic ductal adenocarcinoma	epithelial_solid_default	3177	183	1805	success	183	skipped_insufficient_cells	0	3177	0	0
GSE155698|GSE155698__GSM4710714_PDAC_PBMC_6	GSE155698_GSE155698__GSM4710714_PDAC_PBMC_6_12047083c3b9	GSE155698	Pancreatic ductal adenocarcinoma	epithelial_solid_default	2055	18	1453	skipped_insufficient_cells	0	skipped_insufficient_cells	0	2055	0	0
GSE155698|GSE155698__GSM4710715_PDAC_PBMC_7	GSE155698_GSE155698__GSM4710715_PDAC_PBMC_7_53a583f7ad11	GSE155698	Pancreatic ductal adenocarcinoma	epithelial_solid_default	2837	33	2676	success	33	skipped_insufficient_cells	0	2837	0	0
GSE155698|GSE155698__GSM4710716_PDAC_PBMC_8	GSE155698_GSE155698__GSM4710716_PDAC_PBMC_8_10f47261c49f	GSE155698	Pancreatic ductal adenocarcinoma	epithelial_solid_default	3638	32	210	success	32	skipped_insufficient_cells	0	3638	0	0
GSE155698|GSE155698__GSM4710717_PDAC_PBMC_9	GSE155698_GSE155698__GSM4710717_PDAC_PBMC_9_69bb68031d6c	GSE155698	Pancreatic ductal adenocarcinoma	epithelial_solid_default	2415	7	261	skipped_insufficient_cells	0	skipped_insufficient_cells	0	2415	0	0
GSE155698|GSE155698__GSM4710718_PDAC_PBMC_10A	GSE155698_GSE155698__GSM4710718_PDAC_PBMC_10A_071c1c237682	GSE155698	Pancreatic ductal adenocarcinoma	epithelial_solid_default	3417	13	346	skipped_insufficient_cells	0	skipped_insufficient_cells	0	3417	0	0
GSE155698|GSE155698__GSM4710719_PDAC_PBMC_10B	GSE155698_GSE155698__GSM4710719_PDAC_PBMC_10B_bcdbe8eb1565	GSE155698	Pancreatic ductal adenocarcinoma	epithelial_solid_default	553	0	525	skipped_insufficient_cells	0	skipped_insufficient_cells	0	553	0	0
GSE155698|GSE155698__GSM4710720_PDAC_PBMC_11	GSE155698_GSE155698__GSM4710720_PDAC_PBMC_11_c49b51b0ace3	GSE155698	Pancreatic ductal adenocarcinoma	epithelial_solid_default	1189	6	1107	skipped_insufficient_cells	0	skipped_insufficient_cells	0	1189	0	0
GSE155698|GSE155698__GSM4710721_PDAC_PBMC_12	GSE155698_GSE155698__GSM4710721_PDAC_PBMC_12_b921b817f1d9	GSE155698	Pancreatic ductal adenocarcinoma	epithelial_solid_default	1982	5	1869	skipped_insufficient_cells	0	skipped_insufficient_cells	0	1982	0	0
GSE155698|GSE155698__GSM4710722_PDAC_PBMC_13	GSE155698_GSE155698__GSM4710722_PDAC_PBMC_13_844d97fd8a9d	GSE155698	Pancreatic ductal adenocarcinoma	epithelial_solid_default	785	0	734	skipped_insufficient_cells	0	skipped_insufficient_cells	0	785	0	0
GSE155698|GSE155698__GSM4710723_PDAC_PBMC_14	GSE155698_GSE155698__GSM4710723_PDAC_PBMC_14_3e2920317b10	GSE155698	Pancreatic ductal adenocarcinoma	epithelial_solid_default	1499	197	502	success	197	skipped_insufficient_cells	0	1499	0	0
GSE155698|GSE155698__GSM4710724_PDAC_PBMC_15	GSE155698_GSE155698__GSM4710724_PDAC_PBMC_15_d6ecdec2ebad	GSE155698	Pancreatic ductal adenocarcinoma	epithelial_solid_default	2729	0	2710	skipped_insufficient_cells	0	skipped_insufficient_cells	0	2729	0	0
GSE155698|GSE155698__GSM4710725_PDAC_PBMC_16	GSE155698_GSE155698__GSM4710725_PDAC_PBMC_16_8909ff0bf78f	GSE155698	Pancreatic ductal adenocarcinoma	epithelial_solid_default	3259	8	3158	skipped_insufficient_cells	0	skipped_insufficient_cells	0	3259	0	0
GSE155698|GSE155698__GSM4710726_Healthy_PBMC_1	GSE155698_GSE155698__GSM4710726_Healthy_PBMC_1_79ce09f3afe6	GSE155698	Pancreatic ductal adenocarcinoma	epithelial_solid_default	2394	0	2306	skipped_insufficient_cells	0	skipped_insufficient_cells	0	2394	0	0
GSE155698|GSE155698__GSM4710727_Healthy_PBMC_2	GSE155698_GSE155698__GSM4710727_Healthy_PBMC_2_292c3c5c9e5a	GSE155698	Pancreatic ductal adenocarcinoma	epithelial_solid_default	1699	0	1620	skipped_insufficient_cells	0	skipped_insufficient_cells	0	1699	0	0
GSE155698|GSE155698__GSM4710728_Healthy_PBMC_3	GSE155698_GSE155698__GSM4710728_Healthy_PBMC_3_420ec338e4a1	GSE155698	Pancreatic ductal adenocarcinoma	epithelial_solid_default	4431	4	4231	skipped_insufficient_cells	0	skipped_insufficient_cells	0	4431	0	0
GSE155698|GSE155698__GSM4710729_Healthy_PBMC_4	GSE155698_GSE155698__GSM4710729_Healthy_PBMC_4_cdac67afc629	GSE155698	Pancreatic ductal adenocarcinoma	epithelial_solid_default	523	97	91	success	97	skipped_insufficient_cells	0	523	0	0
GSE184362|GSE184362__GSM5585102_PTC1_T	GSE184362_GSE184362__GSM5585102_PTC1_T_ea8e7fb4cad9	GSE184362	Papillary thyroid carcinoma	epithelial_solid_default	4862	9	4425	skipped_insufficient_cells	0	skipped_insufficient_cells	0	4862	0	0
GSE184362|GSE184362__GSM5585103_PTC1_P	GSE184362_GSE184362__GSM5585103_PTC1_P_0e8f12b759b3	GSE184362	Papillary thyroid carcinoma	epithelial_solid_default	7110	0	7013	skipped_insufficient_cells	0	skipped_insufficient_cells	0	7110	0	0
GSE184362|GSE184362__GSM5585104_PTC2_T	GSE184362_GSE184362__GSM5585104_PTC2_T_aff480b913b4	GSE184362	Papillary thyroid carcinoma	epithelial_solid_default	3919	0	3833	skipped_insufficient_cells	0	skipped_insufficient_cells	0	3919	0	0
GSE184362|GSE184362__GSM5585105_PTC2_P	GSE184362_GSE184362__GSM5585105_PTC2_P_46201a6cdc98	GSE184362	Papillary thyroid carcinoma	epithelial_solid_default	6339	1	6186	skipped_insufficient_cells	0	skipped_insufficient_cells	0	6339	0	0
GSE184362|GSE184362__GSM5585106_PTC2_LeftLN	GSE184362_GSE184362__GSM5585106_PTC2_LeftLN_49361d51e216	GSE184362	Papillary thyroid carcinoma	epithelial_solid_default	8352	0	8232	skipped_insufficient_cells	0	skipped_insufficient_cells	0	8352	0	0
GSE184362|GSE184362__GSM5585107_PTC3_T	GSE184362_GSE184362__GSM5585107_PTC3_T_9e9bd8e4517e	GSE184362	Papillary thyroid carcinoma	epithelial_solid_default	5605	15	5272	skipped_insufficient_cells	0	skipped_insufficient_cells	0	5605	0	0
GSE184362|GSE184362__GSM5585108_PTC3_P	GSE184362_GSE184362__GSM5585108_PTC3_P_1d58cae5b370	GSE184362	Papillary thyroid carcinoma	epithelial_solid_default	7573	0	7420	skipped_insufficient_cells	0	skipped_insufficient_cells	0	7573	0	0
GSE184362|GSE184362__GSM5585109_PTC3_LeftLN	GSE184362_GSE184362__GSM5585109_PTC3_LeftLN_1f9a4ae1e635	GSE184362	Papillary thyroid carcinoma	epithelial_solid_default	7740	0	7583	skipped_insufficient_cells	0	skipped_insufficient_cells	0	7740	0	0
GSE184362|GSE184362__GSM5585110_PTC3_RightLN	GSE184362_GSE184362__GSM5585110_PTC3_RightLN_c12e3712ea59	GSE184362	Papillary thyroid carcinoma	epithelial_solid_default	7518	1	7346	skipped_insufficient_cells	0	skipped_insufficient_cells	0	7518	0	0
GSE184362|GSE184362__GSM5585111_PTC4_SC	GSE184362_GSE184362__GSM5585111_PTC4_SC_048ea93c0fd8	GSE184362	Papillary thyroid carcinoma	epithelial_solid_default	1957	41	1813	success	41	skipped_insufficient_cells	0	1957	0	0
GSE184362|GSE184362__GSM5585112_PTC5_T	GSE184362_GSE184362__GSM5585112_PTC5_T_a40a20f40dbf	GSE184362	Papillary thyroid carcinoma	epithelial_solid_default	3504	1198	727	success	1198	success	1198	3504	0	0
GSE184362|GSE184362__GSM5585113_PTC5_P	GSE184362_GSE184362__GSM5585113_PTC5_P_ec86c9a4717e	GSE184362	Papillary thyroid carcinoma	epithelial_solid_default	2151	1291	588	success	1291	success	1291	2151	0	0
GSE184362|GSE184362__GSM5585114_PTC5_RightLN	GSE184362_GSE184362__GSM5585114_PTC5_RightLN_2675332e9259	GSE184362	Papillary thyroid carcinoma	epithelial_solid_default	4849	3747	113	success	3747	success	3747	4849	0	0
GSE184362|GSE184362__GSM5585115_PTC6_RightLN	GSE184362_GSE184362__GSM5585115_PTC6_RightLN_6e9518384958	GSE184362	Papillary thyroid carcinoma	epithelial_solid_default	4474	2095	592	success	2095	success	2095	4474	0	0
GSE184362|GSE184362__GSM5585116_PTC7_RightLN	GSE184362_GSE184362__GSM5585116_PTC7_RightLN_603df41a6466	GSE184362	Papillary thyroid carcinoma	epithelial_solid_default	6722	766	4563	success	766	success	766	6722	0	0
GSE184362|GSE184362__GSM5585117_PTC8_T	GSE184362_GSE184362__GSM5585117_PTC8_T_3feea216358c	GSE184362	Papillary thyroid carcinoma	epithelial_solid_default	8151	3616	3633	success	3616	success	3616	8151	0	0
GSE184362|GSE184362__GSM5585118_PTC8_P	GSE184362_GSE184362__GSM5585118_PTC8_P_dffd1118abfd	GSE184362	Papillary thyroid carcinoma	epithelial_solid_default	11706	3350	6610	success	3350	success	3350	11706	0	0
GSE184362|GSE184362__GSM5585119_PTC9_T	GSE184362_GSE184362__GSM5585119_PTC9_T_adcaa39accb7	GSE184362	Papillary thyroid carcinoma	epithelial_solid_default	8244	3488	3485	success	3488	success	3488	8244	0	0
GSE184362|GSE184362__GSM5585120_PTC9_P	GSE184362_GSE184362__GSM5585120_PTC9_P_1d0667f3d8a1	GSE184362	Papillary thyroid carcinoma	epithelial_solid_default	5536	64	4946	success	64	skipped_insufficient_cells	0	5536	0	0
GSE184362|GSE184362__GSM5585121_PTC10_T	GSE184362_GSE184362__GSM5585121_PTC10_T_8049d0b28dad	GSE184362	Papillary thyroid carcinoma	epithelial_solid_default	8660	4273	3031	success	4273	success	4273	8660	0	0
GSE184362|GSE184362__GSM5585122_PTC10_RightLN	GSE184362_GSE184362__GSM5585122_PTC10_RightLN_87be593f7b9c	GSE184362	Papillary thyroid carcinoma	epithelial_solid_default	7224	4639	1964	success	4639	success	4639	7224	0	0
GSE184362|GSE184362__GSM5585123_PTC11_RightLN	GSE184362_GSE184362__GSM5585123_PTC11_RightLN_7d746eab7ad0	GSE184362	Papillary thyroid carcinoma	epithelial_solid_default	5996	998	3701	success	998	success	998	5996	0	0
GSE184362|GSE184362__GSM5585124_PTC11_SC	GSE184362_GSE184362__GSM5585124_PTC11_SC_efc77742bde5	GSE184362	Papillary thyroid carcinoma	epithelial_solid_default	5012	4334	310	success	4334	success	4334	5012	0	0
GSE288479|GSM8768560_SMC26_DN_scRNA	GSE288479_GSM8768560_SMC26_DN_scRNA_c90ba75a55a2	GSE288479	Part-solid LUAD	epithelial_solid_default	1810	49	1121	success	49	skipped_insufficient_cells	0	1810	0	0
GSE288479|GSM8768561_SMC26_AN_scRNA	GSE288479_GSM8768561_SMC26_AN_scRNA_291f9fdcef79	GSE288479	Part-solid LUAD	epithelial_solid_default	1833	12	1088	skipped_insufficient_cells	0	skipped_insufficient_cells	0	1833	0	0
GSE288479|GSM8768562_SMC26_GG_scRNA	GSE288479_GSM8768562_SMC26_GG_scRNA_11c45c5998b4	GSE288479	Part-solid LUAD	epithelial_solid_default	3444	296	2020	success	296	success	296	3444	0	0
GSE288479|GSM8768563_SMC26_S_scRNA	GSE288479_GSM8768563_SMC26_S_scRNA_7a677d5073df	GSE288479	Part-solid LUAD	epithelial_solid_default	802	76	549	success	76	skipped_insufficient_cells	0	802	0	0
GSE288479|GSM8768564_SMC27_DN_scRNA	GSE288479_GSM8768564_SMC27_DN_scRNA_92b6435658e1	GSE288479	Part-solid LUAD	epithelial_solid_default	2746	9	2071	skipped_insufficient_cells	0	skipped_insufficient_cells	0	2746	0	0
GSE288479|GSM8768565_SMC27_AN_scRNA	GSE288479_GSM8768565_SMC27_AN_scRNA_fc1d0596b442	GSE288479	Part-solid LUAD	epithelial_solid_default	2825	38	2197	success	38	skipped_insufficient_cells	0	2825	0	0
GSE288479|GSM8768566_SMC27_GG_scRNA	GSE288479_GSM8768566_SMC27_GG_scRNA_be1e815dce14	GSE288479	Part-solid LUAD	epithelial_solid_default	2876	418	1804	success	418	success	418	2876	0	0
GSE288479|GSM8768567_SMC27_S_scRNA	GSE288479_GSM8768567_SMC27_S_scRNA_b1e5f39efead	GSE288479	Part-solid LUAD	epithelial_solid_default	1505	166	997	success	166	skipped_insufficient_cells	0	1505	0	0
GSE288479|GSM8768568_SMC29_DN_scRNA	GSE288479_GSM8768568_SMC29_DN_scRNA_97ae8d21682a	GSE288479	Part-solid LUAD	epithelial_solid_default	2523	108	1612	success	108	skipped_insufficient_cells	0	2523	0	0
GSE288479|GSM8768569_SMC29_AN_scRNA	GSE288479_GSM8768569_SMC29_AN_scRNA_0ee31e33ef73	GSE288479	Part-solid LUAD	epithelial_solid_default	1968	158	953	success	158	skipped_insufficient_cells	0	1968	0	0
GSE288479|GSM8768570_SMC29_GG_scRNA	GSE288479_GSM8768570_SMC29_GG_scRNA_ef88e29088ba	GSE288479	Part-solid LUAD	epithelial_solid_default	3840	444	2346	success	444	success	444	3840	0	0
GSE288479|GSM8768571_SMC29_S_scRNA	GSE288479_GSM8768571_SMC29_S_scRNA_9dc3002c05e6	GSE288479	Part-solid LUAD	epithelial_solid_default	4910	331	3502	success	331	success	331	4910	0	0
GSE288479|GSM8768572_SMC30_DN_scRNA	GSE288479_GSM8768572_SMC30_DN_scRNA_155700c1776b	GSE288479	Part-solid LUAD	epithelial_solid_default	3767	109	2543	success	109	skipped_insufficient_cells	0	3767	0	0
GSE288479|GSM8768573_SMC30_AN_scRNA	GSE288479_GSM8768573_SMC30_AN_scRNA_714836f8c154	GSE288479	Part-solid LUAD	epithelial_solid_default	3247	204	2547	success	204	success	204	3247	0	0
GSE288479|GSM8768574_SMC30_GG_scRNA	GSE288479_GSM8768574_SMC30_GG_scRNA_63a13808c92f	GSE288479	Part-solid LUAD	epithelial_solid_default	3461	514	2028	success	514	success	514	3461	0	0
GSE288479|GSM8768575_SMC30_S_scRNA	GSE288479_GSM8768575_SMC30_S_scRNA_c5ba25475b64	GSE288479	Part-solid LUAD	epithelial_solid_default	2209	240	1381	success	240	success	240	2209	0	0
GSE176031|HNW_PR5251_T_org_pool1_pool2_S40_L003	GSE176031_HNW_PR5251_T_org_pool1_pool2_S40_L003_fe2b8ce827d2	GSE176031	Prostate cancer	epithelial_solid_default	985	979	2	skipped_insufficient_cells	0	success	979	985	0	0
GSE176031|HNW_PR5254_T_org_S38_L003	GSE176031_HNW_PR5254_T_org_S38_L003_244e6b4a3cfc	GSE176031	Prostate cancer	epithelial_solid_default	592	531	18	skipped_insufficient_cells	0	success	531	592	0	0
GSE176031|PA_AUG_PB_1A_S1	GSE176031_PA_AUG_PB_1A_S1_837efa0a0e44	GSE176031	Prostate cancer	epithelial_solid_default	362	104	96	success	104	skipped_insufficient_cells	0	362	0	0
GSE176031|PA_AUG_PB_1B_S2	GSE176031_PA_AUG_PB_1B_S2_13bfbc23a378	GSE176031	Prostate cancer	epithelial_solid_default	527	164	182	success	164	skipped_insufficient_cells	0	527	0	0
GSE176031|PA_PB1A_Pool_1_3_S50_L002	GSE176031_PA_PB1A_Pool_1_3_S50_L002_8d076501d82f	GSE176031	Prostate cancer	epithelial_solid_default	751	158	260	success	158	skipped_insufficient_cells	0	751	0	0
GSE176031|PA_PB1A_Pool_2_S107_L004	GSE176031_PA_PB1A_Pool_2_S107_L004_1b2c956f8184	GSE176031	Prostate cancer	epithelial_solid_default	552	82	235	success	82	skipped_insufficient_cells	0	552	0	0
GSE176031|PA_PB1B_Pool_1_2_S74_L003	GSE176031_PA_PB1B_Pool_1_2_S74_L003_a2b8e3cd3f0b	GSE176031	Prostate cancer	epithelial_solid_default	708	279	150	success	279	success	279	708	0	0
GSE176031|PA_PB1B_Pool_2_S24_L001	GSE176031_PA_PB1B_Pool_2_S24_L001_0469291c22c4	GSE176031	Prostate cancer	epithelial_solid_default	737	318	134	success	318	success	318	737	0	0
GSE176031|PA_PB1B_Pool_3_S51_L002	GSE176031_PA_PB1B_Pool_3_S51_L002_29d9c7cb8ed3	GSE176031	Prostate cancer	epithelial_solid_default	708	263	134	success	263	success	263	708	0	0
GSE176031|PA_PB2A_Pool_1_3_S25_L001	GSE176031_PA_PB2A_Pool_1_3_S25_L001_1a40083bde41	GSE176031	Prostate cancer	epithelial_solid_default	935	390	166	success	390	success	390	935	0	0
GSE176031|PA_PB2B_Pool_1_3_S52_L002	GSE176031_PA_PB2B_Pool_1_3_S52_L002_f152b4be0f51	GSE176031	Prostate cancer	epithelial_solid_default	648	226	182	success	226	success	226	648	0	0
GSE176031|PA_PB2B_Pool_2_S26_L001	GSE176031_PA_PB2B_Pool_2_S26_L001_8f5daf1d51c6	GSE176031	Prostate cancer	epithelial_solid_default	462	130	173	success	130	skipped_insufficient_cells	0	462	0	0
GSE176031|PA_PR5186_Pool_1_2_3_S27_L001	GSE176031_PA_PR5186_Pool_1_2_3_S27_L001_c33bb2602760	GSE176031	Prostate cancer	epithelial_solid_default	777	227	317	success	227	success	227	777	0	0
GSE176031|PA_PR5196-1_Pool_1_2_3_S53_L002	GSE176031_PA_PR5196-1_Pool_1_2_3_S53_L002_b019c0b1676a	GSE176031	Prostate cancer	epithelial_solid_default	1028	426	306	success	426	success	426	1028	0	0
GSE176031|PA_PR5196-2_Pool_1_2_3_S54_L002	GSE176031_PA_PR5196-2_Pool_1_2_3_S54_L002_f766e75df073	GSE176031	Prostate cancer	epithelial_solid_default	1004	357	324	success	357	success	357	1004	0	0
GSE176031|PA_PR5199-193K_Pool_1_2_3_S55_L002	GSE176031_PA_PR5199-193K_Pool_1_2_3_S55_L002_19b967e65c81	GSE176031	Prostate cancer	epithelial_solid_default	752	272	188	success	272	success	272	752	0	0
GSE176031|PA_PR5199-640K_Pool_1_3_S108_L004	GSE176031_PA_PR5199-640K_Pool_1_3_S108_L004_baa2c2a482f8	GSE176031	Prostate cancer	epithelial_solid_default	175	47	58	success	47	skipped_insufficient_cells	0	175	0	0
GSE176031|PA_PR5199-640K_Pool_2_S56_L002	GSE176031_PA_PR5199-640K_Pool_2_S56_L002_4428bb0a8341	GSE176031	Prostate cancer	epithelial_solid_default	67	24	26	skipped_insufficient_cells	0	skipped_insufficient_cells	0	67	0	0
GSE176031|PA_PR5249_T1_S3_L001	GSE176031_PA_PR5249_T1_S3_L001_61e56ce19ef9	GSE176031	Prostate cancer	epithelial_solid_default	341	236	43	skipped_insufficient_cells	0	success	236	341	0	0
GSE176031|PA_PR5249_T2_S4_L001	GSE176031_PA_PR5249_T2_S4_L001_4415799c5ef6	GSE176031	Prostate cancer	epithelial_solid_default	456	291	50	success	291	success	291	456	0	0
GSE176031|PA_PR5251_T1_S7_L001	GSE176031_PA_PR5251_T1_S7_L001_b13f529b92b3	GSE176031	Prostate cancer	epithelial_solid_default	762	468	113	success	468	success	468	762	0	0
GSE176031|PA_PR5251_T2_S8_L001	GSE176031_PA_PR5251_T2_S8_L001_56e9f41edd50	GSE176031	Prostate cancer	epithelial_solid_default	1010	733	89	success	733	success	733	1010	0	0
GSE176031|PA_PR5254_T1_S15_L001	GSE176031_PA_PR5254_T1_S15_L001_27229a74a758	GSE176031	Prostate cancer	epithelial_solid_default	465	335	58	success	335	success	335	465	0	0
GSE176031|PA_PR5261_T1_S23_L002	GSE176031_PA_PR5261_T1_S23_L002_2e0d125468cd	GSE176031	Prostate cancer	epithelial_solid_default	847	383	100	success	383	success	383	847	0	0
GSE176031|PA_PR5261_T2_S24_L002	GSE176031_PA_PR5261_T2_S24_L002_63f81392f730	GSE176031	Prostate cancer	epithelial_solid_default	713	328	94	success	328	success	328	713	0	0
GSE176031|PA_PR5269_1_S25_L002	GSE176031_PA_PR5269_1_S25_L002_ddb4b8fb7c01	GSE176031	Prostate cancer	epithelial_solid_default	103	56	10	skipped_insufficient_cells	0	skipped_insufficient_cells	0	103	0	0
GSE176031|PA_PR5269_2_S26_L002	GSE176031_PA_PR5269_2_S26_L002_ff0dba1c6231	GSE176031	Prostate cancer	epithelial_solid_default	568	321	59	success	321	success	321	568	0	0
GSE176031|PA_PR5269_3_S27_L002	GSE176031_PA_PR5269_3_S27_L002_ae0e490380b9	GSE176031	Prostate cancer	epithelial_solid_default	594	358	56	success	358	success	358	594	0	0
GSE176031|PA_PR5269_4_S28_L002	GSE176031_PA_PR5269_4_S28_L002_6416733fc4e4	GSE176031	Prostate cancer	epithelial_solid_default	527	307	71	success	307	success	307	527	0	0
GSE176031|PR5251_T_org_pool3_S62_L004	GSE176031_PR5251_T_org_pool3_S62_L004_d8b4efb35888	GSE176031	Prostate cancer	epithelial_solid_default	921	901	7	skipped_insufficient_cells	0	success	901	921	0	0
GSE176031|PR5261_T_V1_org_S55_L004	GSE176031_PR5261_T_V1_org_S55_L004_3ee7dccba010	GSE176031	Prostate cancer	epithelial_solid_default	26	16	3	skipped_insufficient_cells	0	skipped_insufficient_cells	0	26	0	0
GSE176031|PR5261_T_V2_org_S58_L004	GSE176031_PR5261_T_V2_org_S58_L004_6b8785c5beec	GSE176031	Prostate cancer	epithelial_solid_default	1106	895	29	skipped_insufficient_cells	0	success	895	1106	0	0
GSE176031|PR5269_T_org_S60_L004	GSE176031_PR5269_T_org_S60_L004_c478c9b317d2	GSE176031	Prostate cancer	epithelial_solid_default	113	93	7	skipped_insufficient_cells	0	skipped_insufficient_cells	0	113	0	0
GSE176031|PR5274_T_V1_org_S63_L004	GSE176031_PR5274_T_V1_org_S63_L004_708736e38564	GSE176031	Prostate cancer	epithelial_solid_default	1185	1165	4	skipped_insufficient_cells	0	success	1165	1185	0	0
GSE176031|PR5274_T_V2_org_S66_L004	GSE176031_PR5274_T_V2_org_S66_L004_9c7e32ef89b6	GSE176031	Prostate cancer	epithelial_solid_default	993	841	23	skipped_insufficient_cells	0	success	841	993	0	0
GSE176031|PR5316_T_base_org_S36_L003	GSE176031_PR5316_T_base_org_S36_L003_4517f770dd67	GSE176031	Prostate cancer	epithelial_solid_default	534	434	25	skipped_insufficient_cells	0	success	434	534	0	0
GSE274229|GSM8445680_S1_03_GEX	GSE274229_GSM8445680_S1_03_GEX_bacc9c679d22	GSE274229	Prostate cancer	epithelial_solid_default	1483	28	969	skipped_insufficient_cells	0	skipped_insufficient_cells	0	1483	0	0
GSE274229|GSM8445681_S2_06_GEX	GSE274229_GSM8445681_S2_06_GEX_0483998e75bf	GSE274229	Prostate cancer	epithelial_solid_default	2805	1787	718	success	1787	success	1787	2805	0	0
GSE274229|GSM8445682_S3_10_GEX	GSE274229_GSM8445682_S3_10_GEX_d6f7e82b8bfa	GSE274229	Prostate cancer	epithelial_solid_default	564	11	396	skipped_insufficient_cells	0	skipped_insufficient_cells	0	564	0	0
GSE274229|GSM8445683_S4_15_GEX	GSE274229_GSM8445683_S4_15_GEX_8b81727fea20	GSE274229	Prostate cancer	epithelial_solid_default	294	233	27	skipped_insufficient_cells	0	success	233	294	0	0
GSE274229|GSM8445684_S5_18_GEX	GSE274229_GSM8445684_S5_18_GEX_6953d5f37879	GSE274229	Prostate cancer	epithelial_solid_default	6880	2773	922	success	2773	success	2773	6880	0	0
GSE274229|GSM8445685_S6_20_GEX	GSE274229_GSM8445685_S6_20_GEX_65af993cfe6f	GSE274229	Prostate cancer	epithelial_solid_default	6126	747	4233	success	747	success	747	6126	0	0
GSE274229|GSM8445686_S7_02_GEX	GSE274229_GSM8445686_S7_02_GEX_f120e3f5d4ff	GSE274229	Prostate cancer	epithelial_solid_default	199	131	57	success	131	skipped_insufficient_cells	0	199	0	0
GSE274229|GSM8445687_S8_02_GEX	GSE274229_GSM8445687_S8_02_GEX_6fd605432436	GSE274229	Prostate cancer	epithelial_solid_default	288	122	90	success	122	skipped_insufficient_cells	0	288	0	0
GSE274229|GSM8445688_S9_04_GEX	GSE274229_GSM8445688_S9_04_GEX_65ebffdb9ab8	GSE274229	Prostate cancer	epithelial_solid_default	60	22	27	skipped_insufficient_cells	0	skipped_insufficient_cells	0	60	0	0
GSE274229|GSM8445689_S10_05_GEX	GSE274229_GSM8445689_S10_05_GEX_ff978324dfbc	GSE274229	Prostate cancer	epithelial_solid_default	3896	2070	1193	success	2070	success	2070	3896	0	0
GSE274229|GSM8445690_S11_05_GEX	GSE274229_GSM8445690_S11_05_GEX_1744c696cc27	GSE274229	Prostate cancer	epithelial_solid_default	1582	135	1163	success	135	skipped_insufficient_cells	0	1582	0	0
GSE274229|GSM8445691_S12_06_GEX	GSE274229_GSM8445691_S12_06_GEX_349cf0f1599a	GSE274229	Prostate cancer	epithelial_solid_default	278	96	98	success	96	skipped_insufficient_cells	0	278	0	0
GSE274229|GSM8445692_S13_06_GEX	GSE274229_GSM8445692_S13_06_GEX_1b3d1d18db32	GSE274229	Prostate cancer	epithelial_solid_default	213	29	100	skipped_insufficient_cells	0	skipped_insufficient_cells	0	213	0	0
GSE274229|GSM8445693_S14_08_GEX	GSE274229_GSM8445693_S14_08_GEX_111d3eaba21c	GSE274229	Prostate cancer	epithelial_solid_default	1011	581	292	success	581	success	581	1011	0	0
GSE274229|GSM8445694_S15_08_GEX	GSE274229_GSM8445694_S15_08_GEX_b094af8df93d	GSE274229	Prostate cancer	epithelial_solid_default	1732	766	518	success	766	success	766	1732	0	0
GSE274229|GSM8445695_S16_09_GEX	GSE274229_GSM8445695_S16_09_GEX_239772d8166c	GSE274229	Prostate cancer	epithelial_solid_default	5125	2867	859	success	2867	success	2867	5125	0	0
GSE274229|GSM8445696_S17_10_GEX	GSE274229_GSM8445696_S17_10_GEX_a5a25542f8e4	GSE274229	Prostate cancer	epithelial_solid_default	1483	849	531	success	849	success	849	1483	0	0
GSE274229|GSM8445697_S18_12_GEX	GSE274229_GSM8445697_S18_12_GEX_3968d8715423	GSE274229	Prostate cancer	epithelial_solid_default	703	514	56	success	514	success	514	703	0	0
GSE274229|GSM8445698_S19_12_GEX	GSE274229_GSM8445698_S19_12_GEX_34366f43fa8c	GSE274229	Prostate cancer	epithelial_solid_default	136	82	12	skipped_insufficient_cells	0	skipped_insufficient_cells	0	136	0	0
GSE274229|GSM8445699_S20_13_GEX	GSE274229_GSM8445699_S20_13_GEX_c0fc50c8358d	GSE274229	Prostate cancer	epithelial_solid_default	2900	1867	473	success	1867	success	1867	2900	0	0
GSE274229|GSM8445700_S21_13_GEX	GSE274229_GSM8445700_S21_13_GEX_298184d1bd7b	GSE274229	Prostate cancer	epithelial_solid_default	2277	1188	337	success	1188	success	1188	2277	0	0
GSE274229|GSM8445701_S22_14_GEX	GSE274229_GSM8445701_S22_14_GEX_13dd68948e79	GSE274229	Prostate cancer	epithelial_solid_default	10641	2887	2723	success	2887	success	2887	10641	0	0
GSE274229|GSM8445702_S23_14_GEX	GSE274229_GSM8445702_S23_14_GEX_e1ea0b8f9240	GSE274229	Prostate cancer	epithelial_solid_default	9904	4531	1711	success	4531	success	4531	9904	0	0
GSE274229|GSM8445703_S24_15_GEX	GSE274229_GSM8445703_S24_15_GEX_6d479685dfba	GSE274229	Prostate cancer	epithelial_solid_default	2847	1261	1132	success	1261	success	1261	2847	0	0
GSE274229|GSM8445704_S25_15_GEX	GSE274229_GSM8445704_S25_15_GEX_6d106052eec1	GSE274229	Prostate cancer	epithelial_solid_default	941	555	237	success	555	success	555	941	0	0
GSE274229|GSM8445705_S26_16_GEX	GSE274229_GSM8445705_S26_16_GEX_12944d9c30c1	GSE274229	Prostate cancer	epithelial_solid_default	1777	1245	105	success	1245	success	1245	1777	0	0
GSE274229|GSM8445706_S27_16_GEX	GSE274229_GSM8445706_S27_16_GEX_e9e052728af8	GSE274229	Prostate cancer	epithelial_solid_default	2443	1460	526	success	1460	success	1460	2443	0	0
GSE274229|GSM8445707_S28_17_GEX	GSE274229_GSM8445707_S28_17_GEX_07139bfcfea0	GSE274229	Prostate cancer	epithelial_solid_default	1178	710	274	success	710	success	710	1178	0	0
GSE274229|GSM8445708_S29_17_GEX	GSE274229_GSM8445708_S29_17_GEX_0a51f45fa613	GSE274229	Prostate cancer	epithelial_solid_default	1454	829	377	success	829	success	829	1454	0	0
GSE274229|GSM8445709_S30_18_GEX	GSE274229_GSM8445709_S30_18_GEX_bbde03790734	GSE274229	Prostate cancer	epithelial_solid_default	4061	2813	448	success	2813	success	2813	4061	0	0
GSE274229|GSM8445710_S31_18_GEX	GSE274229_GSM8445710_S31_18_GEX_5fff61014c05	GSE274229	Prostate cancer	epithelial_solid_default	2034	202	378	success	202	success	202	2034	0	0
GSE274229|GSM8445711_S32_30_GEX	GSE274229_GSM8445711_S32_30_GEX_9f2061a6a05b	GSE274229	Prostate cancer	epithelial_solid_default	5442	3001	876	success	3001	success	3001	5442	0	0
GSE274229|GSM8445712_S33_31_GEX	GSE274229_GSM8445712_S33_31_GEX_8ac267de5d7d	GSE274229	Prostate cancer	epithelial_solid_default	3169	271	1844	success	271	success	271	3169	0	0
GSE274229|GSM8445713_S34_31_GEX	GSE274229_GSM8445713_S34_31_GEX_dd7acc52c039	GSE274229	Prostate cancer	epithelial_solid_default	6537	136	4192	success	136	skipped_insufficient_cells	0	6537	0	0
GSE274229|GSM8445714_S35_32_GEX	GSE274229_GSM8445714_S35_32_GEX_8711c3d99b7a	GSE274229	Prostate cancer	epithelial_solid_default	9631	2518	3909	success	2518	success	2518	9631	0	0
GSE274229|GSM8445715_S36_32_GEX	GSE274229_GSM8445715_S36_32_GEX_8e3dafad8856	GSE274229	Prostate cancer	epithelial_solid_default	4914	1635	1282	success	1635	success	1635	4914	0	0
GSE274229|GSM8445716_S37_32_GEX	GSE274229_GSM8445716_S37_32_GEX_585f0f8de76a	GSE274229	Prostate cancer	epithelial_solid_default	10229	2547	4192	success	2547	success	2547	10229	0	0
GSE274229|GSM8445717_S38_32_GEX	GSE274229_GSM8445717_S38_32_GEX_9b3ea49d6bc4	GSE274229	Prostate cancer	epithelial_solid_default	3127	1300	863	success	1300	success	1300	3127	0	0
GSE274229|GSM8445718_S39_33_GEX	GSE274229_GSM8445718_S39_33_GEX_457caca7b6e0	GSE274229	Prostate cancer	epithelial_solid_default	7146	1905	3670	success	1905	success	1905	7146	0	0
GSE274229|GSM8445719_S40_33_GEX	GSE274229_GSM8445719_S40_33_GEX_8d2cdc5764dd	GSE274229	Prostate cancer	epithelial_solid_default	2828	1309	747	success	1309	success	1309	2828	0	0
GSE274229|GSM8445720_S41_01_GEX	GSE274229_GSM8445720_S41_01_GEX_850ae01383b9	GSE274229	Prostate cancer	epithelial_solid_default	5082	389	3875	success	389	success	389	5082	0	0
GSE274229|GSM8445721_S42_01_GEX	GSE274229_GSM8445721_S42_01_GEX_d016bcf0cb53	GSE274229	Prostate cancer	epithelial_solid_default	2670	970	1201	success	970	success	970	2670	0	0
GSE274229|GSM8445722_S43_01_GEX	GSE274229_GSM8445722_S43_01_GEX_9db6e8ac420a	GSE274229	Prostate cancer	epithelial_solid_default	12017	4973	5012	success	4973	success	4973	12017	0	0
GSE274229|GSM8445723_S44_01_GEX	GSE274229_GSM8445723_S44_01_GEX_9fa96fb8c3c3	GSE274229	Prostate cancer	epithelial_solid_default	6059	4550	627	success	4550	success	4550	6059	0	0
GSE302903|nested_001_GSM9113377_TI_EmptyDrops_CR_matrix_tar_gz	GSE302903_nested_001_GSM9113377_TI_EmptyDrops_CR_matrix_tar_gz_3265ab233670	GSE302903	Rectal adenocarcinoma	epithelial_solid_default	8035	2097	4404	success	2097	success	2097	8035	0	0
GSE302903|nested_002_GSM9113378_T2_EmptyDrops_CR_matrix_tar_gz	GSE302903_nested_002_GSM9113378_T2_EmptyDrops_CR_matrix_tar_gz_29545bb2a782	GSE302903	Rectal adenocarcinoma	epithelial_solid_default	8026	2155	4218	success	2155	success	2155	8026	0	0
GSE302903|nested_003_GSM9113379_T3_EmptyDrops_CR_matrix_tar_gz	GSE302903_nested_003_GSM9113379_T3_EmptyDrops_CR_matrix_tar_gz_d5198396cc50	GSE302903	Rectal adenocarcinoma	epithelial_solid_default	10026	1406	5441	success	1406	success	1406	10026	0	0
GSE302903|nested_004_GSM9113380_T4_EmptyDrops_CR_matrix_tar_gz	GSE302903_nested_004_GSM9113380_T4_EmptyDrops_CR_matrix_tar_gz_cf6a9781fe8e	GSE302903	Rectal adenocarcinoma	epithelial_solid_default	4638	2455	1868	success	2455	success	2455	4638	0	0
GSE302903|nested_005_GSM9113381_T5_EmptyDrops_CR_matrix_tar_gz	GSE302903_nested_005_GSM9113381_T5_EmptyDrops_CR_matrix_tar_gz_785d4969dc19	GSE302903	Rectal adenocarcinoma	epithelial_solid_default	2532	1046	1231	success	1046	success	1046	2532	0	0
GSE302903|nested_006_GSM9113382_T6_EmptyDrops_CR_matrix_tar_gz	GSE302903_nested_006_GSM9113382_T6_EmptyDrops_CR_matrix_tar_gz_734f5531d1cc	GSE302903	Rectal adenocarcinoma	epithelial_solid_default	11304	4114	4232	success	4114	success	4114	11304	0	0
GSE302903|nested_007_GSM9113383_T7_EmptyDrops_CR_matrix_tar_gz	GSE302903_nested_007_GSM9113383_T7_EmptyDrops_CR_matrix_tar_gz_989dec4cfd7e	GSE302903	Rectal adenocarcinoma	epithelial_solid_default	12204	6952	3912	success	6952	success	6952	12204	0	0
GSE302903|nested_008_GSM9113384_T8_EmptyDrops_CR_matrix_tar_gz	GSE302903_nested_008_GSM9113384_T8_EmptyDrops_CR_matrix_tar_gz_62e2eb084c50	GSE302903	Rectal adenocarcinoma	epithelial_solid_default	11335	4466	3952	success	4466	success	4466	11335	0	0
GSE302903|nested_009_GSM9113385_T9_EmptyDrops_CR_matrix_tar_gz	GSE302903_nested_009_GSM9113385_T9_EmptyDrops_CR_matrix_tar_gz_23f9646153c4	GSE302903	Rectal adenocarcinoma	epithelial_solid_default	7365	4534	851	success	4534	success	4534	7365	0	0
GSE302903|nested_010_GSM9113386_T10_EmptyDrops_CR_matrix_tar_gz	GSE302903_nested_010_GSM9113386_T10_EmptyDrops_CR_matrix_tar_gz_41ed06618f6e	GSE302903	Rectal adenocarcinoma	epithelial_solid_default	10235	5952	2818	success	5952	success	5952	10235	0	0
GSE302903|nested_011_GSM9113387_T11_EmptyDrops_CR_matrix_tar_gz	GSE302903_nested_011_GSM9113387_T11_EmptyDrops_CR_matrix_tar_gz_4d478a183bde	GSE302903	Rectal adenocarcinoma	epithelial_solid_default	12954	9198	1771	success	9198	success	9198	12954	0	0
GSE302903|nested_012_GSM9113388_T12_EmptyDrops_CR_matrix_tar_gz	GSE302903_nested_012_GSM9113388_T12_EmptyDrops_CR_matrix_tar_gz_b56003ff6a68	GSE302903	Rectal adenocarcinoma	epithelial_solid_default	6516	2032	3316	success	2032	success	2032	6516	0	0
GSE159115|GSE159115__SI_18854	GSE159115_GSE159115__SI_18854_246861e77cb9	GSE159115	Renal cell carcinoma	epithelial_solid_default	1407	164	403	success	164	skipped_insufficient_cells	0	1407	0	0
GSE159115|GSE159115__SI_18855	GSE159115_GSE159115__SI_18855_8ffdf4f1d9a8	GSE159115	Renal cell carcinoma	epithelial_solid_default	1175	42	638	success	42	skipped_insufficient_cells	0	1175	0	0
GSE159115|GSE159115__SI_18856	GSE159115_GSE159115__SI_18856_13af9c57e1fa	GSE159115	Renal cell carcinoma	epithelial_solid_default	288	43	169	success	43	skipped_insufficient_cells	0	288	0	0
GSE159115|GSE159115__SI_19703	GSE159115_GSE159115__SI_19703_4ed067153d1f	GSE159115	Renal cell carcinoma	epithelial_solid_default	2759	802	286	success	802	success	802	2759	0	0
GSE159115|GSE159115__SI_19704	GSE159115_GSE159115__SI_19704_98225201a267	GSE159115	Renal cell carcinoma	epithelial_solid_default	280	166	101	success	166	skipped_insufficient_cells	0	280	0	0
GSE159115|GSE159115__SI_21255	GSE159115_GSE159115__SI_21255_3d51886b4cb7	GSE159115	Renal cell carcinoma	epithelial_solid_default	557	317	54	success	317	success	317	557	0	0
GSE159115|GSE159115__SI_21256	GSE159115_GSE159115__SI_21256_59ce0542f1ee	GSE159115	Renal cell carcinoma	epithelial_solid_default	398	146	55	success	146	skipped_insufficient_cells	0	398	0	0
GSE159115|GSE159115__SI_21561	GSE159115_GSE159115__SI_21561_c5c90b4a02c6	GSE159115	Renal cell carcinoma	epithelial_solid_default	2033	1830	77	success	1830	success	1830	2033	0	0
GSE159115|GSE159115__SI_22368	GSE159115_GSE159115__SI_22368_96a8d4ce26f5	GSE159115	Renal cell carcinoma	epithelial_solid_default	2149	340	1458	success	340	success	340	2149	0	0
GSE159115|GSE159115__SI_22369	GSE159115_GSE159115__SI_22369_bd3980569b58	GSE159115	Renal cell carcinoma	epithelial_solid_default	831	164	299	success	164	skipped_insufficient_cells	0	831	0	0
GSE159115|GSE159115__SI_22604	GSE159115_GSE159115__SI_22604_73b2b32605fc	GSE159115	Renal cell carcinoma	epithelial_solid_default	1534	760	548	success	760	success	760	1534	0	0
GSE159115|GSE159115__SI_22605	GSE159115_GSE159115__SI_22605_f42ba2154391	GSE159115	Renal cell carcinoma	epithelial_solid_default	1074	394	109	success	394	success	394	1074	0	0
GSE159115|GSE159115__SI_23459	GSE159115_GSE159115__SI_23459_464e9d31ea3c	GSE159115	Renal cell carcinoma	epithelial_solid_default	5125	1609	570	success	1609	success	1609	5125	0	0
GSE159115|GSE159115__SI_23843	GSE159115_GSE159115__SI_23843_29b14b36438c	GSE159115	Renal cell carcinoma	epithelial_solid_default	3067	62	456	success	62	skipped_insufficient_cells	0	3067	0	0
GSE179784|GSM6253683_Patient2	GSE179784_GSM6253683_Patient2_083660f42640	GSE179784	ambiguous	epithelial_solid_default	2728	2586	116	success	2586	success	2586	2728	0	0
GSE179784|GSM6253684_Patient3	GSE179784_GSM6253684_Patient3_f8360261ff9e	GSE179784	ambiguous	epithelial_solid_default	1650	491	947	success	491	success	491	1650	0	0
GSE228501|nested_001_GSM7122854_19355X1_tar_gz__19355X1	GSE228501_nested_001_GSM7122854_19355X1_tar_gz__19355X1_a4914e4d50a6	GSE228501	Seminoma	germ_cell_malignancy	890	34	692	success	34	skipped_insufficient_cells	0	890	0	0
GSE228501|nested_002_GSM7122855_19355X2_tar_gz__19355X2	GSE228501_nested_002_GSM7122855_19355X2_tar_gz__19355X2_580f4f76d2c5	GSE228501	Seminoma	germ_cell_malignancy	4353	59	3530	success	59	skipped_insufficient_cells	0	4353	0	0
GSE228501|nested_003_GSM7122856_19355X3_tar_gz__19355X3	GSE228501_nested_003_GSM7122856_19355X3_tar_gz__19355X3_5587c4e08fcc	GSE228501	Seminoma	germ_cell_malignancy	4704	3	3952	skipped_insufficient_cells	0	skipped_insufficient_cells	0	4704	0	0
GSE228501|nested_004_GSM7122857_19355X4_tar_gz__19355X4	GSE228501_nested_004_GSM7122857_19355X4_tar_gz__19355X4_6f1f3ef92ce6	GSE228501	Seminoma	germ_cell_malignancy	2604	5	2160	skipped_insufficient_cells	0	skipped_insufficient_cells	0	2604	0	0
GSE189889|GSE189889__1	GSE189889_GSE189889__1_3e3cf3b29c53	GSE189889	Acral melanoma	melanocytic_malignancy	771	0	623	skipped_insufficient_cells	0	skipped_insufficient_cells	0	771	0	0
GSE189889|GSE189889__2	GSE189889_GSE189889__2_275c0ed6120a	GSE189889	Acral melanoma	melanocytic_malignancy	1343	0	842	skipped_insufficient_cells	0	skipped_insufficient_cells	0	1343	0	0
GSE189889|GSE189889__3	GSE189889_GSE189889__3_feb9e35eee69	GSE189889	Acral melanoma	melanocytic_malignancy	1377	58	928	success	58	skipped_insufficient_cells	0	1377	0	0
GSE189889|GSE189889__4	GSE189889_GSE189889__4_1c7b86d20983	GSE189889	Acral melanoma	melanocytic_malignancy	2353	2	1523	skipped_insufficient_cells	0	skipped_insufficient_cells	0	2353	0	0
GSE189889|GSE189889__5	GSE189889_GSE189889__5_c0bde90492f9	GSE189889	Acral melanoma	melanocytic_malignancy	923	0	184	skipped_insufficient_cells	0	skipped_insufficient_cells	0	923	0	0
GSE189889|GSE189889__6	GSE189889_GSE189889__6_1c3784dea2df	GSE189889	Acral melanoma	melanocytic_malignancy	5344	280	4952	success	280	success	280	5344	0	0
GSE189889|GSE189889__7	GSE189889_GSE189889__7_f1d35a9add5a	GSE189889	Acral melanoma	melanocytic_malignancy	5523	24	5394	skipped_insufficient_cells	0	skipped_insufficient_cells	0	5523	0	0
GSE189889|GSE189889__8	GSE189889_GSE189889__8_98d65bbbdfc4	GSE189889	Acral melanoma	melanocytic_malignancy	2565	0	2431	skipped_insufficient_cells	0	skipped_insufficient_cells	0	2565	0	0
GSE189889|GSE189889__9	GSE189889_GSE189889__9_e28a61aea67e	GSE189889	Acral melanoma	melanocytic_malignancy	6785	314	5644	success	314	success	314	6785	0	0
GSE115978|Mel04.3	GSE115978_Mel04.3_f0a9dd0a09bf	GSE115978	Melanoma	melanocytic_malignancy	78	1	64	skipped_insufficient_cells	0	skipped_insufficient_cells	0	78	0	0
GSE115978|Mel102	GSE115978_Mel102_ceabd5d6bb02	GSE115978	Melanoma	melanocytic_malignancy	322	171	120	success	171	skipped_insufficient_cells	0	322	0	0
GSE115978|Mel103	GSE115978_Mel103_750d95b20bac	GSE115978	Melanoma	melanocytic_malignancy	317	2	256	skipped_insufficient_cells	0	skipped_insufficient_cells	0	317	0	0
GSE115978|Mel105	GSE115978_Mel105_eb27bb6a01e6	GSE115978	Melanoma	melanocytic_malignancy	234	11	136	skipped_insufficient_cells	0	skipped_insufficient_cells	0	234	0	0
GSE115978|Mel106	GSE115978_Mel106_1668cfc566f2	GSE115978	Melanoma	melanocytic_malignancy	190	99	77	success	99	skipped_insufficient_cells	0	190	0	0
GSE115978|Mel110	GSE115978_Mel110_4bae40c28471	GSE115978	Melanoma	melanocytic_malignancy	258	17	125	skipped_insufficient_cells	0	skipped_insufficient_cells	0	258	0	0
GSE115978|Mel112	GSE115978_Mel112_2a49365692e2	GSE115978	Melanoma	melanocytic_malignancy	113	14	68	skipped_insufficient_cells	0	skipped_insufficient_cells	0	113	0	0
GSE115978|Mel116	GSE115978_Mel116_d75717fea6d2	GSE115978	Melanoma	melanocytic_malignancy	84	0	68	skipped_insufficient_cells	0	skipped_insufficient_cells	0	84	0	0
GSE115978|Mel121.1	GSE115978_Mel121.1_fe657158d8b4	GSE115978	Melanoma	melanocytic_malignancy	105	3	87	skipped_insufficient_cells	0	skipped_insufficient_cells	0	105	0	0
GSE115978|Mel126	GSE115978_Mel126_afd0838bf741	GSE115978	Melanoma	melanocytic_malignancy	95	0	74	skipped_insufficient_cells	0	skipped_insufficient_cells	0	95	0	0
GSE115978|Mel128	GSE115978_Mel128_1b2514b59e6f	GSE115978	Melanoma	melanocytic_malignancy	89	4	78	skipped_insufficient_cells	0	skipped_insufficient_cells	0	89	0	0
GSE115978|Mel129pa	GSE115978_Mel129pa_2a2968f3df28	GSE115978	Melanoma	melanocytic_malignancy	179	28	85	skipped_insufficient_cells	0	skipped_insufficient_cells	0	179	0	0
GSE115978|Mel129pb	GSE115978_Mel129pb_7618da9ee24a	GSE115978	Melanoma	melanocytic_malignancy	64	0	57	skipped_insufficient_cells	0	skipped_insufficient_cells	0	64	0	0
GSE115978|Mel194	GSE115978_Mel194_73d9b4ff0976	GSE115978	Melanoma	melanocytic_malignancy	249	39	128	success	39	skipped_insufficient_cells	0	249	0	0
GSE115978|Mel478	GSE115978_Mel478_f9e4297caa9b	GSE115978	Melanoma	melanocytic_malignancy	154	0	141	skipped_insufficient_cells	0	skipped_insufficient_cells	0	154	0	0
GSE115978|Mel53	GSE115978_Mel53_38c6a68917eb	GSE115978	Melanoma	melanocytic_malignancy	143	14	85	skipped_insufficient_cells	0	skipped_insufficient_cells	0	143	0	0
GSE115978|Mel58	GSE115978_Mel58_22b52186591f	GSE115978	Melanoma	melanocytic_malignancy	142	0	118	skipped_insufficient_cells	0	skipped_insufficient_cells	0	142	0	0
GSE115978|Mel60	GSE115978_Mel60_b6033c106761	GSE115978	Melanoma	melanocytic_malignancy	226	3	174	skipped_insufficient_cells	0	skipped_insufficient_cells	0	226	0	0
GSE115978|Mel71	GSE115978_Mel71_ff83b61f7f4b	GSE115978	Melanoma	melanocytic_malignancy	89	56	26	skipped_insufficient_cells	0	skipped_insufficient_cells	0	89	0	0
GSE115978|Mel72	GSE115978_Mel72_2315587774aa	GSE115978	Melanoma	melanocytic_malignancy	181	0	157	skipped_insufficient_cells	0	skipped_insufficient_cells	0	181	0	0
GSE115978|Mel74	GSE115978_Mel74_7bb876d1118a	GSE115978	Melanoma	melanocytic_malignancy	147	1	131	skipped_insufficient_cells	0	skipped_insufficient_cells	0	147	0	0
GSE115978|Mel75	GSE115978_Mel75_3d9e7848fc70	GSE115978	Melanoma	melanocytic_malignancy	503	0	394	skipped_insufficient_cells	0	skipped_insufficient_cells	0	503	0	0
GSE115978|Mel78	GSE115978_Mel78_def8864a63bb	GSE115978	Melanoma	melanocytic_malignancy	124	92	10	skipped_insufficient_cells	0	skipped_insufficient_cells	0	124	0	0
GSE115978|Mel79	GSE115978_Mel79_b337777bfbdf	GSE115978	Melanoma	melanocytic_malignancy	892	13	384	skipped_insufficient_cells	0	skipped_insufficient_cells	0	892	0	0
GSE115978|Mel80	GSE115978_Mel80_116d160901b0	GSE115978	Melanoma	melanocytic_malignancy	431	90	255	success	90	skipped_insufficient_cells	0	431	0	0
GSE115978|Mel81	GSE115978_Mel81_9c540057be59	GSE115978	Melanoma	melanocytic_malignancy	205	90	91	success	90	skipped_insufficient_cells	0	205	0	0
GSE115978|Mel82	GSE115978_Mel82_571a8e4b4fda	GSE115978	Melanoma	melanocytic_malignancy	84	36	42	skipped_insufficient_cells	0	skipped_insufficient_cells	0	84	0	0
GSE115978|Mel84	GSE115978_Mel84_c71f8025dc73	GSE115978	Melanoma	melanocytic_malignancy	159	5	115	skipped_insufficient_cells	0	skipped_insufficient_cells	0	159	0	0
GSE115978|Mel88	GSE115978_Mel88_7ab7a42bd6a9	GSE115978	Melanoma	melanocytic_malignancy	352	6	168	skipped_insufficient_cells	0	skipped_insufficient_cells	0	352	0	0
GSE115978|Mel89	GSE115978_Mel89_229904b80fc5	GSE115978	Melanoma	melanocytic_malignancy	391	6	235	skipped_insufficient_cells	0	skipped_insufficient_cells	0	391	0	0
GSE115978|Mel94	GSE115978_Mel94_05737bfe5b04	GSE115978	Melanoma	melanocytic_malignancy	311	2	216	skipped_insufficient_cells	0	skipped_insufficient_cells	0	311	0	0
GSE115978|Mel98	GSE115978_Mel98_682fa508789e	GSE115978	Melanoma	melanocytic_malignancy	270	14	192	skipped_insufficient_cells	0	skipped_insufficient_cells	0	270	0	0
GSE139249|GSM4134619_CY158_blood	GSE139249_GSM4134619_CY158_blood_4ea3e8795cb9	GSE139249	Melanoma	melanocytic_malignancy	4802	0	4764	skipped_insufficient_cells	0	skipped_insufficient_cells	0	4802	0	0
GSE139249|GSM4134622_CY160_tumor	GSE139249_GSM4134622_CY160_tumor_6a45f5b75254	GSE139249	Melanoma	melanocytic_malignancy	4036	3	3090	skipped_insufficient_cells	0	skipped_insufficient_cells	0	4036	0	0
GSE169609|GSM5210635_UM1	GSE169609_GSM5210635_UM1_bb3b61d6d3f7	GSE169609	Melanoma	melanocytic_malignancy	8739	71	8010	success	71	skipped_insufficient_cells	0	8739	0	0
GSE169609|GSM5210636_UM2_3	GSE169609_GSM5210636_UM2_3_d4d3a89d78f2	GSE169609	Melanoma	melanocytic_malignancy	8739	71	8021	success	71	skipped_insufficient_cells	0	8739	0	0
GSE138665|LH16.3814	GSE138665_LH16.3814_4cf8e50bb57d	GSE138665	Uveal melanoma	melanocytic_malignancy	1903	1027	94	success	1027	success	1027	1903	0	0
GSE138665|LH17.3222	GSE138665_LH17.3222_97e2e10a2b38	GSE138665	Uveal melanoma	melanocytic_malignancy	1721	711	242	success	711	success	711	1721	0	0
GSE138665|LH17.3554	GSE138665_LH17.3554_1ac377269d33	GSE138665	Uveal melanoma	melanocytic_malignancy	970	663	91	success	663	success	663	970	0	0
GSE138665|LH17.364	GSE138665_LH17.364_7d02f13c7ca7	GSE138665	Uveal melanoma	melanocytic_malignancy	1239	200	353	success	200	success	200	1239	0	0
GSE138665|LH17.530	GSE138665_LH17.530_00ccc7e465d5	GSE138665	Uveal melanoma	melanocytic_malignancy	1336	810	286	success	810	success	810	1336	0	0
GSE138665|LH18.277	GSE138665_LH18.277_312d5be286a0	GSE138665	Uveal melanoma	melanocytic_malignancy	3469	692	1609	success	692	success	692	3469	0	0
GSE139829|BSSR0022	GSE139829_BSSR0022_002250b51dda	GSE139829	Uveal melanoma	melanocytic_malignancy	25675	12929	7100	success	12929	success	12929	25675	0	0
GSE139829|UMM041L	GSE139829_UMM041L_4c085cea37e0	GSE139829	Uveal melanoma	melanocytic_malignancy	6081	877	2837	success	877	success	877	6081	0	0
GSE139829|UMM059	GSE139829_UMM059_c4e2ef0cb5ff	GSE139829	Uveal melanoma	melanocytic_malignancy	3176	646	1122	success	646	success	646	3176	0	0
GSE139829|UMM061	GSE139829_UMM061_b282dd6c344c	GSE139829	Uveal melanoma	melanocytic_malignancy	6048	3323	1104	success	3323	success	3323	6048	0	0
GSE139829|UMM062	GSE139829_UMM062_6de242104d0c	GSE139829	Uveal melanoma	melanocytic_malignancy	10405	4337	1060	success	4337	success	4337	10405	0	0
GSE139829|UMM063	GSE139829_UMM063_6753213bb772	GSE139829	Uveal melanoma	melanocytic_malignancy	2935	306	958	success	306	success	306	2935	0	0
GSE139829|UMM064	GSE139829_UMM064_b2cf198b3727	GSE139829	Uveal melanoma	melanocytic_malignancy	8153	1516	5330	success	1516	success	1516	8153	0	0
GSE139829|UMM065	GSE139829_UMM065_e7de141fbe08	GSE139829	Uveal melanoma	melanocytic_malignancy	6451	2035	1650	success	2035	success	2035	6451	0	0
GSE139829|UMM066	GSE139829_UMM066_e0b704abee35	GSE139829	Uveal melanoma	melanocytic_malignancy	13716	7150	3265	success	7150	success	7150	13716	0	0
GSE139829|UMM067L	GSE139829_UMM067L_6c7014bb6d36	GSE139829	Uveal melanoma	melanocytic_malignancy	3204	71	2469	success	71	skipped_insufficient_cells	0	3204	0	0
GSE139829|UMM069	GSE139829_UMM069_abf9e8085105	GSE139829	Uveal melanoma	melanocytic_malignancy	1355	549	262	success	549	success	549	1355	0	0
GSE152048|GSE152048_BC10	GSE152048_GSE152048_BC10_ac61cb0aedbf	GSE152048	Osteosarcoma	mesenchymal_malignancy	15798	14200	930	success	14200	success	14200	15798	0	0
GSE152048|GSE152048_BC11	GSE152048_GSE152048_BC11_43ea6574663d	GSE152048	Osteosarcoma	mesenchymal_malignancy	10144	9217	558	success	9217	success	9217	10144	0	0
GSE152048|GSE152048_BC16	GSE152048_GSE152048_BC16_7eaa07be2d27	GSE152048	Osteosarcoma	mesenchymal_malignancy	9626	3989	3273	success	3989	success	3989	9626	0	0
GSE152048|GSE152048_BC17	GSE152048_GSE152048_BC17_a206a64ee9ec	GSE152048	Osteosarcoma	mesenchymal_malignancy	3961	3542	240	success	3542	success	3542	3961	0	0
GSE152048|GSE152048_BC2	GSE152048_GSE152048_BC2_26990aa32622	GSE152048	Osteosarcoma	mesenchymal_malignancy	3677	1395	1133	success	1395	success	1395	3677	0	0
GSE152048|GSE152048_BC20	GSE152048_GSE152048_BC20_09445ebabb71	GSE152048	Osteosarcoma	mesenchymal_malignancy	8856	7331	396	success	7331	success	7331	8856	0	0
GSE152048|GSE152048_BC21	GSE152048_GSE152048_BC21_b0de797838e8	GSE152048	Osteosarcoma	mesenchymal_malignancy	4887	1756	1310	success	1756	success	1756	4887	0	0
GSE152048|GSE152048_BC22	GSE152048_GSE152048_BC22_8446e27a2337	GSE152048	Osteosarcoma	mesenchymal_malignancy	6893	4790	1347	success	4790	success	4790	6893	0	0
GSE152048|GSE152048_BC3	GSE152048_GSE152048_BC3_c59e3999d565	GSE152048	Osteosarcoma	mesenchymal_malignancy	4570	2768	1024	success	2768	success	2768	4570	0	0
GSE152048|GSE152048_BC5	GSE152048_GSE152048_BC5_e3ff91a2b329	GSE152048	Osteosarcoma	mesenchymal_malignancy	15778	11214	3358	success	11214	success	11214	15778	0	0
GSE152048|GSE152048_BC6	GSE152048_GSE152048_BC6_b9b5f55de706	GSE152048	Osteosarcoma	mesenchymal_malignancy	17696	12357	3636	success	12357	success	12357	17696	0	0
GSE299623|GSM9042132_A2_1	GSE299623_GSM9042132_A2_1_8f466867502f	GSE299623	Endometrial carcinosarcoma	mixed_mesenchymal_malignancy	18250	16155	1123	success	16155	success	16155	18250	0	0
GSE299623|GSM9042133_A2_2	GSE299623_GSM9042133_A2_2_0d93c36de1b3	GSE299623	Endometrial carcinosarcoma	mixed_mesenchymal_malignancy	12243	6806	3408	success	6806	success	6806	12243	0	0
GSE299623|GSM9042134_A2_3	GSE299623_GSM9042134_A2_3_c194fbcd8b7b	GSE299623	Endometrial carcinosarcoma	mixed_mesenchymal_malignancy	4764	3981	520	success	3981	success	3981	4764	0	0
GSE299623|GSM9042135_A2_4	GSE299623_GSM9042135_A2_4_7704796e8750	GSE299623	Endometrial carcinosarcoma	mixed_mesenchymal_malignancy	4400	3295	608	success	3295	success	3295	4400	0	0
GSE299623|GSM9042136_B2_5	GSE299623_GSM9042136_B2_5_25ca4571ea4d	GSE299623	Endometrial carcinosarcoma	mixed_mesenchymal_malignancy	18490	16979	524	success	16979	success	16979	18490	0	0
GSE299623|GSM9042137_D2_15	GSE299623_GSM9042137_D2_15_53842f081f18	GSE299623	Endometrial carcinosarcoma	mixed_mesenchymal_malignancy	15144	12933	980	success	12933	success	12933	15144	0	0
GSE299623|GSM9042138_C2_10	GSE299623_GSM9042138_C2_10_63c841590f7d	GSE299623	Endometrial carcinosarcoma	mixed_mesenchymal_malignancy	9816	6388	1392	success	6388	success	6388	9816	0	0
GSE299623|GSM9042139_C2_11	GSE299623_GSM9042139_C2_11_c779ddc770b7	GSE299623	Endometrial carcinosarcoma	mixed_mesenchymal_malignancy	10921	9871	395	success	9871	success	9871	10921	0	0
GSE190597|P1	GSE190597_P1_72e88f36025b	GSE190597	Pleural mesothelioma	mixed_mesenchymal_malignancy	8215	2097	4710	success	2097	success	2097	8215	0	0
GSE190597|P10	GSE190597_P10_71bd2ddcfec3	GSE190597	Pleural mesothelioma	mixed_mesenchymal_malignancy	4401	0	3309	skipped_insufficient_cells	0	skipped_insufficient_cells	0	4401	0	0
GSE190597|P11	GSE190597_P11_3392c5111ee9	GSE190597	Pleural mesothelioma	mixed_mesenchymal_malignancy	3593	1289	1670	success	1289	success	1289	3593	0	0
GSE190597|P12	GSE190597_P12_b3668cefb083	GSE190597	Pleural mesothelioma	mixed_mesenchymal_malignancy	2508	1078	1104	success	1078	success	1078	2508	0	0
GSE190597|P13	GSE190597_P13_38927cc3a33c	GSE190597	Pleural mesothelioma	mixed_mesenchymal_malignancy	4705	723	3095	success	723	success	723	4705	0	0
GSE190597|P2	GSE190597_P2_cdb637b18c19	GSE190597	Pleural mesothelioma	mixed_mesenchymal_malignancy	5872	5426	219	success	5426	success	5426	5872	0	0
GSE190597|P3	GSE190597_P3_5d2ff8f86d77	GSE190597	Pleural mesothelioma	mixed_mesenchymal_malignancy	1385	176	931	success	176	skipped_insufficient_cells	0	1385	0	0
GSE190597|P4	GSE190597_P4_455cd5e59267	GSE190597	Pleural mesothelioma	mixed_mesenchymal_malignancy	13547	10301	1737	success	10301	success	10301	13547	0	0
GSE190597|P5	GSE190597_P5_65f512faf7a8	GSE190597	Pleural mesothelioma	mixed_mesenchymal_malignancy	6691	2976	2778	success	2976	success	2976	6691	0	0
GSE190597|P6	GSE190597_P6_72b98dac4bfb	GSE190597	Pleural mesothelioma	mixed_mesenchymal_malignancy	8542	1998	4622	success	1998	success	1998	8542	0	0
GSE190597|P7	GSE190597_P7_d0a945e00bff	GSE190597	Pleural mesothelioma	mixed_mesenchymal_malignancy	7389	522	4354	success	522	success	522	7389	0	0
GSE190597|P8	GSE190597_P8_a840a2b4621a	GSE190597	Pleural mesothelioma	mixed_mesenchymal_malignancy	4090	3733	245	success	3733	success	3733	4090	0	0
GSE190597|P9	GSE190597_P9_952f136abd2c	GSE190597	Pleural mesothelioma	mixed_mesenchymal_malignancy	8296	182	5445	success	182	skipped_insufficient_cells	0	8296	0	0
GSE116256|AML1012-D0	GSE116256_AML1012-D0_f65fe75a88e3	GSE116256	Acute myeloid leukemia	myeloid_malignancy	1132	1084	18	skipped_insufficient_cells	0	success	1084	1132	0	0
GSE116256|AML210A-D0	GSE116256_AML210A-D0_bf2388ccb126	GSE116256	Acute myeloid leukemia	myeloid_malignancy	742	513	155	success	513	success	513	742	0	0
GSE116256|AML314-D0	GSE116256_AML314-D0_16b650692d31	GSE116256	Acute myeloid leukemia	myeloid_malignancy	162	97	31	skipped_insufficient_cells	0	skipped_insufficient_cells	0	162	0	0
GSE116256|AML314-D31	GSE116256_AML314-D31_3365fa8df981	GSE116256	Acute myeloid leukemia	myeloid_malignancy	346	319	25	skipped_insufficient_cells	0	success	319	346	0	0
GSE116256|AML328-D0	GSE116256_AML328-D0_4fc464480ddf	GSE116256	Acute myeloid leukemia	myeloid_malignancy	1088	840	153	success	840	success	840	1088	0	0
GSE116256|AML328-D113	GSE116256_AML328-D113_58c5ed495c2c	GSE116256	Acute myeloid leukemia	myeloid_malignancy	2027	253	1320	success	253	success	253	2027	0	0
GSE116256|AML328-D171	GSE116256_AML328-D171_c1aeaa8d1173	GSE116256	Acute myeloid leukemia	myeloid_malignancy	1398	229	793	success	229	success	229	1398	0	0
GSE116256|AML328-D29	GSE116256_AML328-D29_01a1bd76f726	GSE116256	Acute myeloid leukemia	myeloid_malignancy	1878	1343	315	success	1343	success	1343	1878	0	0
GSE116256|AML329-D0	GSE116256_AML329-D0_26c29d39af0b	GSE116256	Acute myeloid leukemia	myeloid_malignancy	522	380	100	success	380	success	380	522	0	0
GSE116256|AML329-D20	GSE116256_AML329-D20_44adedb940a7	GSE116256	Acute myeloid leukemia	myeloid_malignancy	949	759	112	success	759	success	759	949	0	0
GSE116256|AML329-D37	GSE116256_AML329-D37_88e991cdc006	GSE116256	Acute myeloid leukemia	myeloid_malignancy	224	180	34	skipped_insufficient_cells	0	skipped_insufficient_cells	0	224	0	0
GSE116256|AML371-D0	GSE116256_AML371-D0_f9b16b3f02a6	GSE116256	Acute myeloid leukemia	myeloid_malignancy	755	732	11	skipped_insufficient_cells	0	success	732	755	0	0
GSE116256|AML371-D34	GSE116256_AML371-D34_a89b6cbda82a	GSE116256	Acute myeloid leukemia	myeloid_malignancy	204	182	14	skipped_insufficient_cells	0	skipped_insufficient_cells	0	204	0	0
GSE116256|AML419A-D0	GSE116256_AML419A-D0_e041fc214f41	GSE116256	Acute myeloid leukemia	myeloid_malignancy	1179	1129	30	skipped_insufficient_cells	0	success	1129	1179	0	0
GSE116256|AML420B-D0	GSE116256_AML420B-D0_4f0e571482ee	GSE116256	Acute myeloid leukemia	myeloid_malignancy	485	308	140	success	308	success	308	485	0	0
GSE116256|AML420B-D14	GSE116256_AML420B-D14_1c353b40e771	GSE116256	Acute myeloid leukemia	myeloid_malignancy	1276	4	1052	skipped_insufficient_cells	0	skipped_insufficient_cells	0	1276	0	0
GSE116256|AML420B-D35	GSE116256_AML420B-D35_1df244525dca	GSE116256	Acute myeloid leukemia	myeloid_malignancy	739	492	194	success	492	success	492	739	0	0
GSE116256|AML475-D0	GSE116256_AML475-D0_40576580b27e	GSE116256	Acute myeloid leukemia	myeloid_malignancy	423	362	32	skipped_insufficient_cells	0	success	362	423	0	0
GSE116256|AML475-D29	GSE116256_AML475-D29_ed6eaef02015	GSE116256	Acute myeloid leukemia	myeloid_malignancy	102	81	14	skipped_insufficient_cells	0	skipped_insufficient_cells	0	102	0	0
GSE116256|AML556-D0	GSE116256_AML556-D0_46638519690f	GSE116256	Acute myeloid leukemia	myeloid_malignancy	2319	2098	160	success	2098	success	2098	2319	0	0
GSE116256|AML556-D15	GSE116256_AML556-D15_e9dfeaa72f5e	GSE116256	Acute myeloid leukemia	myeloid_malignancy	1201	94	706	success	94	skipped_insufficient_cells	0	1201	0	0
GSE116256|AML556-D31	GSE116256_AML556-D31_c730f6a000b1	GSE116256	Acute myeloid leukemia	myeloid_malignancy	1444	1117	211	success	1117	success	1117	1444	0	0
GSE116256|AML707B-D0	GSE116256_AML707B-D0_4a472dddc07a	GSE116256	Acute myeloid leukemia	myeloid_malignancy	1578	1435	27	skipped_insufficient_cells	0	success	1435	1578	0	0
GSE116256|AML707B-D113	GSE116256_AML707B-D113_1a965549e456	GSE116256	Acute myeloid leukemia	myeloid_malignancy	707	283	320	success	283	success	283	707	0	0
GSE116256|AML707B-D18	GSE116256_AML707B-D18_787a1deef1d0	GSE116256	Acute myeloid leukemia	myeloid_malignancy	1672	89	1195	success	89	skipped_insufficient_cells	0	1672	0	0
GSE116256|AML707B-D41	GSE116256_AML707B-D41_2c5f2669c64f	GSE116256	Acute myeloid leukemia	myeloid_malignancy	387	254	104	success	254	success	254	387	0	0
GSE116256|AML707B-D97	GSE116256_AML707B-D97_f0143da73907	GSE116256	Acute myeloid leukemia	myeloid_malignancy	84	57	21	skipped_insufficient_cells	0	skipped_insufficient_cells	0	84	0	0
GSE116256|AML722B-D0	GSE116256_AML722B-D0_737201098a0b	GSE116256	Acute myeloid leukemia	myeloid_malignancy	79	69	5	skipped_insufficient_cells	0	skipped_insufficient_cells	0	79	0	0
GSE116256|AML722B-D49	GSE116256_AML722B-D49_684db5acbe23	GSE116256	Acute myeloid leukemia	myeloid_malignancy	73	37	24	skipped_insufficient_cells	0	skipped_insufficient_cells	0	73	0	0
GSE116256|AML870-D0	GSE116256_AML870-D0_f627c6b20e97	GSE116256	Acute myeloid leukemia	myeloid_malignancy	345	326	13	skipped_insufficient_cells	0	success	326	345	0	0
GSE116256|AML870-D14	GSE116256_AML870-D14_04657c9de032	GSE116256	Acute myeloid leukemia	myeloid_malignancy	96	13	58	skipped_insufficient_cells	0	skipped_insufficient_cells	0	96	0	0
GSE116256|AML916-D0	GSE116256_AML916-D0_fb79f0097d45	GSE116256	Acute myeloid leukemia	myeloid_malignancy	925	816	29	skipped_insufficient_cells	0	success	816	925	0	0
GSE116256|AML921A-D0	GSE116256_AML921A-D0_78cc83a998db	GSE116256	Acute myeloid leukemia	myeloid_malignancy	3812	3411	236	success	3411	success	3411	3812	0	0
GSE116256|AML997-D0	GSE116256_AML997-D0_9aa0755d138f	GSE116256	Acute myeloid leukemia	myeloid_malignancy	83	80	3	skipped_insufficient_cells	0	skipped_insufficient_cells	0	83	0	0
GSE116256|AML997-D35	GSE116256_AML997-D35_f0e9d422a587	GSE116256	Acute myeloid leukemia	myeloid_malignancy	187	177	8	skipped_insufficient_cells	0	skipped_insufficient_cells	0	187	0	0
GSE256136|GSM8086245_N2	GSE256136_GSM8086245_N2_16ed80679898	GSE256136	Pancreatic neuroendocrine tumor	neuroendocrine_malignancy	726	364	61	success	364	success	364	726	0	0
GSE256136|GSM8086246_N3	GSE256136_GSM8086246_N3_e3ad8718f17e	GSE256136	Pancreatic neuroendocrine tumor	neuroendocrine_malignancy	678	368	76	success	368	success	368	678	0	0
GSE256136|GSM8086247_N10	GSE256136_GSM8086247_N10_98b2164be7dd	GSE256136	Pancreatic neuroendocrine tumor	neuroendocrine_malignancy	5750	3167	114	success	3167	success	3167	5750	0	0
GSE256136|GSM8086248_T1	GSE256136_GSM8086248_T1_ee947de2e6b8	GSE256136	Pancreatic neuroendocrine tumor	neuroendocrine_malignancy	3328	1684	1168	success	1684	success	1684	3328	0	0
GSE256136|GSM8086249_T10	GSE256136_GSM8086249_T10_e9162fbaf3dc	GSE256136	Pancreatic neuroendocrine tumor	neuroendocrine_malignancy	2466	1108	351	success	1108	success	1108	2466	0	0
GSE256136|GSM8086250_T11	GSE256136_GSM8086250_T11_5553dfd54553	GSE256136	Pancreatic neuroendocrine tumor	neuroendocrine_malignancy	11922	7338	303	success	7338	success	7338	11922	0	0
GSE256136|GSM8086251_T12	GSE256136_GSM8086251_T12_9fef55641427	GSE256136	Pancreatic neuroendocrine tumor	neuroendocrine_malignancy	4144	87	708	success	87	skipped_insufficient_cells	0	4144	0	0
GSE256136|GSM8086252_T13	GSE256136_GSM8086252_T13_609b533ef83c	GSE256136	Pancreatic neuroendocrine tumor	neuroendocrine_malignancy	1842	339	776	success	339	success	339	1842	0	0
GSE256136|GSM8086253_T14	GSE256136_GSM8086253_T14_712f33f36c15	GSE256136	Pancreatic neuroendocrine tumor	neuroendocrine_malignancy	9923	3848	1215	success	3848	success	3848	9923	0	0
GSE256136|GSM8086254_T15	GSE256136_GSM8086254_T15_bbbb89877873	GSE256136	Pancreatic neuroendocrine tumor	neuroendocrine_malignancy	8258	4573	2502	success	4573	success	4573	8258	0	0
GSE256136|GSM8086255_T2	GSE256136_GSM8086255_T2_d1b707b05894	GSE256136	Pancreatic neuroendocrine tumor	neuroendocrine_malignancy	6623	3630	806	success	3630	success	3630	6623	0	0
GSE256136|GSM8086256_T3	GSE256136_GSM8086256_T3_5e6f3a9ecf60	GSE256136	Pancreatic neuroendocrine tumor	neuroendocrine_malignancy	2595	633	1243	success	633	success	633	2595	0	0
GSE256136|GSM8086257_T4	GSE256136_GSM8086257_T4_98ac368bce72	GSE256136	Pancreatic neuroendocrine tumor	neuroendocrine_malignancy	3010	0	2275	skipped_insufficient_cells	0	skipped_insufficient_cells	0	3010	0	0
GSE256136|GSM8086258_T5	GSE256136_GSM8086258_T5_e36939f7ff00	GSE256136	Pancreatic neuroendocrine tumor	neuroendocrine_malignancy	2947	1804	660	success	1804	success	1804	2947	0	0
GSE256136|GSM8086259_T6	GSE256136_GSM8086259_T6_5ba173c13e46	GSE256136	Pancreatic neuroendocrine tumor	neuroendocrine_malignancy	3005	1	1979	skipped_insufficient_cells	0	skipped_insufficient_cells	0	3005	0	0
GSE256136|GSM8086260_T7	GSE256136_GSM8086260_T7_4c702728f62e	GSE256136	Pancreatic neuroendocrine tumor	neuroendocrine_malignancy	2175	787	147	success	787	success	787	2175	0	0
GSE256136|GSM8086261_T8	GSE256136_GSM8086261_T8_0f14b039dcf6	GSE256136	Pancreatic neuroendocrine tumor	neuroendocrine_malignancy	2541	211	1578	success	211	success	211	2541	0	0
GSE256136|GSM8086262_T9	GSE256136_GSM8086262_T9_5331bdcf5875	GSE256136	Pancreatic neuroendocrine tumor	neuroendocrine_malignancy	837	254	409	success	254	success	254	837	0	0
GSE256136|GSM8086263_H1	GSE256136_GSM8086263_H1_393d39d91211	GSE256136	Pancreatic neuroendocrine tumor	neuroendocrine_malignancy	8582	7013	857	success	7013	success	7013	8582	0	0
GSE256136|GSM8086264_H2	GSE256136_GSM8086264_H2_81c50a83b668	GSE256136	Pancreatic neuroendocrine tumor	neuroendocrine_malignancy	9627	8194	715	success	8194	success	8194	9627	0	0
GSE244101|GSM7806648_KK21-H-014	GSE244101_GSM7806648_KK21-H-014_f7962f2bf515	GSE244101	Pituitary neuroendocrine tumor	neuroendocrine_malignancy	4926	453	666	success	453	success	453	4926	0	0
GSE244101|GSM7806649_KK21-H-018	GSE244101_GSM7806649_KK21-H-018_0bd98c4fabaa	GSE244101	Pituitary neuroendocrine tumor	neuroendocrine_malignancy	3416	80	2081	success	80	skipped_insufficient_cells	0	3416	0	0
GSE244101|GSM7806650_KK21-H-034	GSE244101_GSM7806650_KK21-H-034_859ed73acf1b	GSE244101	Pituitary neuroendocrine tumor	neuroendocrine_malignancy	3484	227	2872	success	227	success	227	3484	0	0
GSE244101|GSM7806651_KK21-H-082	GSE244101_GSM7806651_KK21-H-082_5330abf6ff2c	GSE244101	Pituitary neuroendocrine tumor	neuroendocrine_malignancy	2314	263	1649	success	263	success	263	2314	0	0
GSE244101|GSM7806652_KK21-H-099	GSE244101_GSM7806652_KK21-H-099_804f5ccf33bb	GSE244101	Pituitary neuroendocrine tumor	neuroendocrine_malignancy	797	22	655	skipped_insufficient_cells	0	skipped_insufficient_cells	0	797	0	0
GSE244101|GSM7806653_KK21-H-111	GSE244101_GSM7806653_KK21-H-111_075cf7246a56	GSE244101	Pituitary neuroendocrine tumor	neuroendocrine_malignancy	366	55	206	success	55	skipped_insufficient_cells	0	366	0	0
GSE244101|GSM7806655_KK21-H-130	GSE244101_GSM7806655_KK21-H-130_bf25acf30a2b	GSE244101	Pituitary neuroendocrine tumor	neuroendocrine_malignancy	429	313	41	skipped_insufficient_cells	0	success	313	429	0	0
GSE244101|GSM7806656_KK21-H-036	GSE244101_GSM7806656_KK21-H-036_4faf4c5bf0fc	GSE244101	Pituitary neuroendocrine tumor	neuroendocrine_malignancy	5987	2865	1490	success	2865	success	2865	5987	0	0
GSE244101|GSM7806657_KK21-H-129	GSE244101_GSM7806657_KK21-H-129_900072f52af3	GSE244101	Pituitary neuroendocrine tumor	neuroendocrine_malignancy	3681	2050	1129	success	2050	success	2050	3681	0	0
GSE244101|GSM7806658_KK21-H-171	GSE244101_GSM7806658_KK21-H-171_134d607bc825	GSE244101	Pituitary neuroendocrine tumor	neuroendocrine_malignancy	7187	1073	4554	success	1073	success	1073	7187	0	0
GSE281740|Ru1080C	GSE281740_Ru1080C_6b7d924ad5f8	GSE281740	SCLC	neuroendocrine_malignancy	3396	2818	453	success	2818	success	2818	3396	0	0
GSE281740|Ru1108a	GSE281740_Ru1108a_94d170d698e9	GSE281740	SCLC	neuroendocrine_malignancy	3753	3653	67	success	3653	success	3653	3753	0	0
GSE281740|Ru1124A	GSE281740_Ru1124A_d7e6161af155	GSE281740	SCLC	neuroendocrine_malignancy	1421	815	500	success	815	success	815	1421	0	0
GSE281740|Ru1144b	GSE281740_Ru1144b_db968c0cf16e	GSE281740	SCLC	neuroendocrine_malignancy	2527	1836	543	success	1836	success	1836	2527	0	0
GSE281740|Ru1152	GSE281740_Ru1152_b079821f6c1e	GSE281740	SCLC	neuroendocrine_malignancy	1867	1312	449	success	1312	success	1312	1867	0	0
GSE281740|Ru1181b	GSE281740_Ru1181b_abad51a702bf	GSE281740	SCLC	neuroendocrine_malignancy	2036	1985	26	skipped_insufficient_cells	0	success	1985	2036	0	0
GSE281740|Ru1195A	GSE281740_Ru1195A_cab7afef0d56	GSE281740	SCLC	neuroendocrine_malignancy	1286	153	908	success	153	skipped_insufficient_cells	0	1286	0	0
GSE281740|Ru1303B	GSE281740_Ru1303B_994425cc2749	GSE281740	SCLC	neuroendocrine_malignancy	1283	757	337	success	757	success	757	1283	0	0
GSE281740|Ru1305A	GSE281740_Ru1305A_c75b3d85dfcd	GSE281740	SCLC	neuroendocrine_malignancy	1910	1190	285	success	1190	success	1190	1910	0	0
GSE281740|Ru1308g	GSE281740_Ru1308g_71748a8b90aa	GSE281740	SCLC	neuroendocrine_malignancy	3424	2999	222	success	2999	success	2999	3424	0	0
GSE281740|Ru1334	GSE281740_Ru1334_f49b7475ba7f	GSE281740	SCLC	neuroendocrine_malignancy	1195	467	573	success	467	success	467	1195	0	0
GSE281740|Ru1338E	GSE281740_Ru1338E_7d99bb678e87	GSE281740	SCLC	neuroendocrine_malignancy	2175	1652	233	success	1652	success	1652	2175	0	0
GSE281740|Ru1408a	GSE281740_Ru1408a_a196367c101a	GSE281740	SCLC	neuroendocrine_malignancy	2576	901	1310	success	901	success	901	2576	0	0
GSE281740|Ru1408e	GSE281740_Ru1408e_952c58a61f0d	GSE281740	SCLC	neuroendocrine_malignancy	2821	2423	244	success	2423	success	2423	2821	0	0
GSE281740|Ru1441a	GSE281740_Ru1441a_5fc41372702a	GSE281740	SCLC	neuroendocrine_malignancy	2106	2021	69	success	2021	success	2021	2106	0	0
GSE281740|Ru1449A	GSE281740_Ru1449A_46fde3290bf9	GSE281740	SCLC	neuroendocrine_malignancy	1928	1056	495	success	1056	success	1056	1928	0	0
GSE281740|Ru1473a	GSE281740_Ru1473a_22a47cf3e1c7	GSE281740	SCLC	neuroendocrine_malignancy	4705	1906	1266	success	1906	success	1906	4705	0	0
GSE281740|Ru426B	GSE281740_Ru426B_eabfad153043	GSE281740	SCLC	neuroendocrine_malignancy	2031	1395	343	success	1395	success	1395	2031	0	0
GSE281740|Ru737D	GSE281740_Ru737D_5f5086c3a33b	GSE281740	SCLC	neuroendocrine_malignancy	1260	283	586	success	283	success	283	1260	0	0
