sample_uid	sample_token	gse_id	cancer_type	candidate_policy	n_cells	n_candidate	n_reference	infercnv_status	copykat_status	explanation
GSE182109|GSM5518596_rGBM-01-A	GSE182109_GSM5518596_rGBM-01-A_b4083608de6b	GSE182109	Glioblastoma	cns_malignancy	4348	121	3584	success	skipped_insufficient_cells	Copykat_python: candidate/reference below method threshold
GSE182109|GSM5518598_rGBM-01-C	GSE182109_GSM5518598_rGBM-01-C_841895bb466a	GSE182109	Glioblastoma	cns_malignancy	5685	111	4912	success	skipped_insufficient_cells	Copykat_python: candidate/reference below method threshold
GSE182109|GSM5518604_ndGBM-11-A	GSE182109_GSM5518604_ndGBM-11-A_7451f837170f	GSE182109	Glioblastoma	cns_malignancy	561	0	442	skipped_insufficient_cells	skipped_insufficient_cells	inferCNVpy: candidate/reference below method threshold; Copykat_python: candidate/reference below method threshold
GSE182109|GSM5518605_ndGBM-11-B	GSE182109_GSM5518605_ndGBM-11-B_b7844e8b3edc	GSE182109	Glioblastoma	cns_malignancy	374	0	323	skipped_insufficient_cells	skipped_insufficient_cells	inferCNVpy: candidate/reference below method threshold; Copykat_python: candidate/reference below method threshold
GSE182109|GSM5518606_ndGBM-11-C	GSE182109_GSM5518606_ndGBM-11-C_3e10281f28fc	GSE182109	Glioblastoma	cns_malignancy	2472	83	2049	success	skipped_insufficient_cells	Copykat_python: candidate/reference below method threshold
GSE182109|GSM5518607_ndGBM-11-D	GSE182109_GSM5518607_ndGBM-11-D_25df314ed233	GSE182109	Glioblastoma	cns_malignancy	1096	2	898	skipped_insufficient_cells	skipped_insufficient_cells	inferCNVpy: candidate/reference below method threshold; Copykat_python: candidate/reference below method threshold
GSE182109|GSM5518612_rGBM-02-2	GSE182109_GSM5518612_rGBM-02-2_44c6c474c240	GSE182109	Glioblastoma	cns_malignancy	2173	18	1071	skipped_insufficient_cells	skipped_insufficient_cells	inferCNVpy: candidate/reference below method threshold; Copykat_python: candidate/reference below method threshold
GSE182109|GSM5518614_rGBM-02-4	GSE182109_GSM5518614_rGBM-02-4_cfd37c1a0ce9	GSE182109	Glioblastoma	cns_malignancy	797	5	593	skipped_insufficient_cells	skipped_insufficient_cells	inferCNVpy: candidate/reference below method threshold; Copykat_python: candidate/reference below method threshold
GSE182109|GSM5518615_rGBM-02-5	GSE182109_GSM5518615_rGBM-02-5_9038e747d3d5	GSE182109	Glioblastoma	cns_malignancy	10300	77	5653	success	skipped_insufficient_cells	Copykat_python: candidate/reference below method threshold
GSE182109|GSM5518624_ndGBM-03-2	GSE182109_GSM5518624_ndGBM-03-2_899302ae848b	GSE182109	Glioblastoma	cns_malignancy	2426	171	2185	success	skipped_insufficient_cells	Copykat_python: candidate/reference below method threshold
GSE182109|GSM5518629_ndGBM-10	GSE182109_GSM5518629_ndGBM-10_1514b6cdbd91	GSE182109	Glioblastoma	cns_malignancy	11183	0	9993	skipped_insufficient_cells	skipped_insufficient_cells	inferCNVpy: candidate/reference below method threshold; Copykat_python: candidate/reference below method threshold
GSE253013|US-10029425-1	GSE253013_US-10029425-1_b5a64d2b023c	GSE253013	ADENOCARCINOMA	epithelial_solid_default	5111	162	3828	success	skipped_insufficient_cells	Copykat_python: candidate/reference below method threshold
GSE253013|US-10029425-2	GSE253013_US-10029425-2_974a2a138ce1	GSE253013	ADENOCARCINOMA	epithelial_solid_default	4712	150	3496	success	skipped_insufficient_cells	Copykat_python: candidate/reference below method threshold
GSE253013|US-10029425-3	GSE253013_US-10029425-3_c9278f10076d	GSE253013	ADENOCARCINOMA	epithelial_solid_default	3897	120	2898	success	skipped_insufficient_cells	Copykat_python: candidate/reference below method threshold
GSE253013|US-10029425-4	GSE253013_US-10029425-4_7967b1f62b6b	GSE253013	ADENOCARCINOMA	epithelial_solid_default	4724	143	3402	success	skipped_insufficient_cells	Copykat_python: candidate/reference below method threshold
GSE253013|US-10029425-5	GSE253013_US-10029425-5_70bc584c84cc	GSE253013	ADENOCARCINOMA	epithelial_solid_default	5399	28	4583	skipped_insufficient_cells	skipped_insufficient_cells	inferCNVpy: candidate/reference below method threshold; Copykat_python: candidate/reference below method threshold
GSE253013|US-10029425-6	GSE253013_US-10029425-6_e3e079fb09e7	GSE253013	ADENOCARCINOMA	epithelial_solid_default	5255	31	4398	success	skipped_insufficient_cells	Copykat_python: candidate/reference below method threshold
GSE253013|US-10029425-7	GSE253013_US-10029425-7_89f2a3977c0e	GSE253013	ADENOCARCINOMA	epithelial_solid_default	5526	25	4611	skipped_insufficient_cells	skipped_insufficient_cells	inferCNVpy: candidate/reference below method threshold; Copykat_python: candidate/reference below method threshold
GSE253013|US-10029426-1	GSE253013_US-10029426-1_dc5ed0d3ba37	GSE253013	ADENOCARCINOMA	epithelial_solid_default	2912	3	2461	skipped_insufficient_cells	skipped_insufficient_cells	inferCNVpy: candidate/reference below method threshold; Copykat_python: candidate/reference below method threshold
GSE253013|US-10029426-2	GSE253013_US-10029426-2_cfe1e015e4f5	GSE253013	ADENOCARCINOMA	epithelial_solid_default	2537	3	2155	skipped_insufficient_cells	skipped_insufficient_cells	inferCNVpy: candidate/reference below method threshold; Copykat_python: candidate/reference below method threshold
GSE253013|US-10029426-3	GSE253013_US-10029426-3_16f6abd181f9	GSE253013	ADENOCARCINOMA	epithelial_solid_default	2716	0	2319	skipped_insufficient_cells	skipped_insufficient_cells	inferCNVpy: candidate/reference below method threshold; Copykat_python: candidate/reference below method threshold
GSE253013|US-10029426-4	GSE253013_US-10029426-4_f98bf494b361	GSE253013	ADENOCARCINOMA	epithelial_solid_default	2751	3	2304	skipped_insufficient_cells	skipped_insufficient_cells	inferCNVpy: candidate/reference below method threshold; Copykat_python: candidate/reference below method threshold
GSE253013|US-10029426-5	GSE253013_US-10029426-5_bcca5c8034a3	GSE253013	ADENOCARCINOMA	epithelial_solid_default	2373	149	1493	success	skipped_insufficient_cells	Copykat_python: candidate/reference below method threshold
GSE253013|US-10029426-6	GSE253013_US-10029426-6_0dad8f8353a0	GSE253013	ADENOCARCINOMA	epithelial_solid_default	2372	156	1464	success	skipped_insufficient_cells	Copykat_python: candidate/reference below method threshold
GSE253013|US-10029426-7	GSE253013_US-10029426-7_7c85116b8565	GSE253013	ADENOCARCINOMA	epithelial_solid_default	2495	177	1553	success	skipped_insufficient_cells	Copykat_python: candidate/reference below method threshold
GSE253013|US-10029426-8	GSE253013_US-10029426-8_565bea3c18bd	GSE253013	ADENOCARCINOMA	epithelial_solid_default	2229	175	1337	success	skipped_insufficient_cells	Copykat_python: candidate/reference below method threshold
GSE253013|US-10029431-1	GSE253013_US-10029431-1_753086f7ab73	GSE253013	ADENOCARCINOMA	epithelial_solid_default	2492	7	1758	skipped_insufficient_cells	skipped_insufficient_cells	inferCNVpy: candidate/reference below method threshold; Copykat_python: candidate/reference below method threshold
GSE253013|US-10029431-2	GSE253013_US-10029431-2_29de77514e99	GSE253013	ADENOCARCINOMA	epithelial_solid_default	2582	4	1804	skipped_insufficient_cells	skipped_insufficient_cells	inferCNVpy: candidate/reference below method threshold; Copykat_python: candidate/reference below method threshold
GSE253013|US-10029431-3	GSE253013_US-10029431-3_8cfe1211f3c6	GSE253013	ADENOCARCINOMA	epithelial_solid_default	2293	8	1628	skipped_insufficient_cells	skipped_insufficient_cells	inferCNVpy: candidate/reference below method threshold; Copykat_python: candidate/reference below method threshold
GSE253013|US-10029431-4	GSE253013_US-10029431-4_11e69bb4dff0	GSE253013	ADENOCARCINOMA	epithelial_solid_default	2424	6	1703	skipped_insufficient_cells	skipped_insufficient_cells	inferCNVpy: candidate/reference below method threshold; Copykat_python: candidate/reference below method threshold
GSE253013|US-10029432-1	GSE253013_US-10029432-1_5aa1d45b2e28	GSE253013	ADENOCARCINOMA	epithelial_solid_default	4300	9	3465	skipped_insufficient_cells	skipped_insufficient_cells	inferCNVpy: candidate/reference below method threshold; Copykat_python: candidate/reference below method threshold
GSE253013|US-10029432-2	GSE253013_US-10029432-2_04ffc5ef0e28	GSE253013	ADENOCARCINOMA	epithelial_solid_default	4474	7	3626	skipped_insufficient_cells	skipped_insufficient_cells	inferCNVpy: candidate/reference below method threshold; Copykat_python: candidate/reference below method threshold
GSE253013|US-10029432-3	GSE253013_US-10029432-3_4b18c72002c8	GSE253013	ADENOCARCINOMA	epithelial_solid_default	4121	4	3354	skipped_insufficient_cells	skipped_insufficient_cells	inferCNVpy: candidate/reference below method threshold; Copykat_python: candidate/reference below method threshold
GSE253013|US-10029432-4	GSE253013_US-10029432-4_f06d8ae060d9	GSE253013	ADENOCARCINOMA	epithelial_solid_default	4148	2	3414	skipped_insufficient_cells	skipped_insufficient_cells	inferCNVpy: candidate/reference below method threshold; Copykat_python: candidate/reference below method threshold
GSE148071|P11	GSE148071_P11_34f89fcd4a2f	GSE148071	Advanced non-small cell lung cancer	epithelial_solid_default	492	6	174	skipped_insufficient_cells	skipped_insufficient_cells	inferCNVpy: candidate/reference below method threshold; Copykat_python: candidate/reference below method threshold
GSE148071|P12	GSE148071_P12_259dc8fe941c	GSE148071	Advanced non-small cell lung cancer	epithelial_solid_default	774	146	248	success	skipped_insufficient_cells	Copykat_python: candidate/reference below method threshold
GSE148071|P13	GSE148071_P13_c472ddd41414	GSE148071	Advanced non-small cell lung cancer	epithelial_solid_default	762	94	430	success	skipped_insufficient_cells	Copykat_python: candidate/reference below method threshold
GSE148071|P19	GSE148071_P19_3940eb40882e	GSE148071	Advanced non-small cell lung cancer	epithelial_solid_default	388	90	135	success	skipped_insufficient_cells	Copykat_python: candidate/reference below method threshold
GSE148071|P2	GSE148071_P2_1eb23b8748d2	GSE148071	Advanced non-small cell lung cancer	epithelial_solid_default	285	248	23	skipped_insufficient_cells	success	inferCNVpy: candidate/reference below method threshold
GSE148071|P20	GSE148071_P20_bc49975b5cdd	GSE148071	Advanced non-small cell lung cancer	epithelial_solid_default	354	307	25	skipped_insufficient_cells	success	inferCNVpy: candidate/reference below method threshold
GSE148071|P22	GSE148071_P22_83f8781e94ae	GSE148071	Advanced non-small cell lung cancer	epithelial_solid_default	591	132	325	success	skipped_insufficient_cells	Copykat_python: candidate/reference below method threshold
GSE148071|P24	GSE148071_P24_65325eddc2fd	GSE148071	Advanced non-small cell lung cancer	epithelial_solid_default	355	60	230	success	skipped_insufficient_cells	Copykat_python: candidate/reference below method threshold
GSE148071|P26	GSE148071_P26_185f1603e84b	GSE148071	Advanced non-small cell lung cancer	epithelial_solid_default	362	28	189	skipped_insufficient_cells	skipped_insufficient_cells	inferCNVpy: candidate/reference below method threshold; Copykat_python: candidate/reference below method threshold
GSE148071|P27	GSE148071_P27_bcdeedc0e775	GSE148071	Advanced non-small cell lung cancer	epithelial_solid_default	522	4	247	skipped_insufficient_cells	skipped_insufficient_cells	inferCNVpy: candidate/reference below method threshold; Copykat_python: candidate/reference below method threshold
GSE148071|P31	GSE148071_P31_f00a510d138e	GSE148071	Advanced non-small cell lung cancer	epithelial_solid_default	368	149	40	skipped_insufficient_cells	skipped_insufficient_cells	inferCNVpy: candidate/reference below method threshold; Copykat_python: candidate/reference below method threshold
GSE148071|P33	GSE148071_P33_ee89868ed605	GSE148071	Advanced non-small cell lung cancer	epithelial_solid_default	314	263	25	skipped_insufficient_cells	success	inferCNVpy: candidate/reference below method threshold
GSE148071|P36	GSE148071_P36_9bf836015582	GSE148071	Advanced non-small cell lung cancer	epithelial_solid_default	406	88	128	success	skipped_insufficient_cells	Copykat_python: candidate/reference below method threshold
GSE148071|P37	GSE148071_P37_06e9d12d7ebd	GSE148071	Advanced non-small cell lung cancer	epithelial_solid_default	2051	8	1281	skipped_insufficient_cells	skipped_insufficient_cells	inferCNVpy: candidate/reference below method threshold; Copykat_python: candidate/reference below method threshold
GSE148071|P38	GSE148071_P38_fdf7fc227f79	GSE148071	Advanced non-small cell lung cancer	epithelial_solid_default	1059	115	753	success	skipped_insufficient_cells	Copykat_python: candidate/reference below method threshold
GSE148071|P4	GSE148071_P4_1191619d4399	GSE148071	Advanced non-small cell lung cancer	epithelial_solid_default	3998	28	1598	skipped_insufficient_cells	skipped_insufficient_cells	inferCNVpy: candidate/reference below method threshold; Copykat_python: candidate/reference below method threshold
GSE148071|P40	GSE148071_P40_0475749c0cbb	GSE148071	Advanced non-small cell lung cancer	epithelial_solid_default	972	83	303	success	skipped_insufficient_cells	Copykat_python: candidate/reference below method threshold
GSE148071|P42	GSE148071_P42_c51233c72dc0	GSE148071	Advanced non-small cell lung cancer	epithelial_solid_default	853	95	525	success	skipped_insufficient_cells	Copykat_python: candidate/reference below method threshold
GSE148071|P7	GSE148071_P7_c50035d520cb	GSE148071	Advanced non-small cell lung cancer	epithelial_solid_default	2238	96	1466	success	skipped_insufficient_cells	Copykat_python: candidate/reference below method threshold
GSE141526|GSM4205688_BCC8	GSE141526_GSM4205688_BCC8_f435b2ac9251	GSE141526	Basal cell carcinoma	epithelial_solid_default	6962	180	102	success	skipped_insufficient_cells	Copykat_python: candidate/reference below method threshold
GSE222315|p2_NAT	GSE222315_p2_NAT_74e0797bc5ae	GSE222315	Bladder cancer	epithelial_solid_default	9644	134	8316	success	skipped_insufficient_cells	Copykat_python: candidate/reference below method threshold
GSE222315|p3_BCa	GSE222315_p3_BCa_0c667a4d75be	GSE222315	Bladder cancer	epithelial_solid_default	8390	2	5430	skipped_insufficient_cells	skipped_insufficient_cells	inferCNVpy: candidate/reference below method threshold; Copykat_python: candidate/reference below method threshold
GSE222315|p3_NAT	GSE222315_p3_NAT_5d06f2a6d587	GSE222315	Bladder cancer	epithelial_solid_default	800	50	426	success	skipped_insufficient_cells	Copykat_python: candidate/reference below method threshold
GSE222315|p4_BCa	GSE222315_p4_BCa_7ee95a5cee21	GSE222315	Bladder cancer	epithelial_solid_default	6160	2	3388	skipped_insufficient_cells	skipped_insufficient_cells	inferCNVpy: candidate/reference below method threshold; Copykat_python: candidate/reference below method threshold
GSE222315|p4_NAT	GSE222315_p4_NAT_644d60f79cff	GSE222315	Bladder cancer	epithelial_solid_default	6695	197	4285	success	skipped_insufficient_cells	Copykat_python: candidate/reference below method threshold
GSE222315|p5_NAT	GSE222315_p5_NAT_482be86ec3d0	GSE222315	Bladder cancer	epithelial_solid_default	5827	199	4326	success	skipped_insufficient_cells	Copykat_python: candidate/reference below method threshold
GSE222315|p8_BCa	GSE222315_p8_BCa_d08dcce81237	GSE222315	Bladder cancer	epithelial_solid_default	6708	7	1690	skipped_insufficient_cells	skipped_insufficient_cells	inferCNVpy: candidate/reference below method threshold; Copykat_python: candidate/reference below method threshold
GSE161529|GSM4909255_N-N280-Epi	GSE161529_GSM4909255_N-N280-Epi_2d619c4edea7	GSE161529	Breast cancer	epithelial_solid_default	1108	897	33	skipped_insufficient_cells	success	inferCNVpy: candidate/reference below method threshold
GSE161529|GSM4909259_N-NE-Epi	GSE161529_GSM4909259_N-NE-Epi_5b8620918914	GSE161529	Breast cancer	epithelial_solid_default	3017	2862	30	skipped_insufficient_cells	success	inferCNVpy: candidate/reference below method threshold
GSE161529|GSM4909267_N-MH0023-Epi	GSE161529_GSM4909267_N-MH0023-Epi_a0adc9ffd725	GSE161529	Breast cancer	epithelial_solid_default	2704	2532	18	skipped_insufficient_cells	success	inferCNVpy: candidate/reference below method threshold
GSE161529|GSM4909273_N-MH275-Epi	GSE161529_GSM4909273_N-MH275-Epi_bb285b9ec2b5	GSE161529	Breast cancer	epithelial_solid_default	5952	5771	20	skipped_insufficient_cells	success	inferCNVpy: candidate/reference below method threshold
GSE161529|GSM4909283_TN-SH0106	GSE161529_GSM4909283_TN-SH0106_104c376f391f	GSE161529	Breast cancer	epithelial_solid_default	886	54	512	success	skipped_insufficient_cells	Copykat_python: candidate/reference below method threshold
GSE161529|GSM4909284_TN-MH0114-T2	GSE161529_GSM4909284_TN-MH0114-T2_b659039da987	GSE161529	Breast cancer	epithelial_solid_default	1544	142	1113	success	skipped_insufficient_cells	Copykat_python: candidate/reference below method threshold
GSE161529|GSM4909292_HER2-MH0069	GSE161529_GSM4909292_HER2-MH0069_1c135fa3c5cd	GSE161529	Breast cancer	epithelial_solid_default	525	154	203	success	skipped_insufficient_cells	Copykat_python: candidate/reference below method threshold
GSE161529|GSM4909319_mER-PM0178	GSE161529_GSM4909319_mER-PM0178_9e809fa242d9	GSE161529	Breast cancer	epithelial_solid_default	7417	6159	477	success	skipped_algorithm_data_limitation	Copykat_python: algorithm data limitation: all_cells_filtered
GSE161529|GSM4909320_mER-MH0068-T	GSE161529_GSM4909320_mER-MH0068-T_c5e7b8ae31e4	GSE161529	Breast cancer	epithelial_solid_default	911	863	14	skipped_insufficient_cells	success	inferCNVpy: candidate/reference below method threshold
GSE161529|GSM4909321_mER-MH0068-LN	GSE161529_GSM4909321_mER-MH0068-LN_ae40e3f26c39	GSE161529	Breast cancer	epithelial_solid_default	4754	4703	12	skipped_insufficient_cells	success	inferCNVpy: candidate/reference below method threshold
GSE261774|GSE261774__GSM8151500_BC17079_filtered_feature_bc_matrix.h5	GSE261774_GSE261774__GSM8151500_BC17079_filtered_feature_bc_matr_368fa13bf0d0	GSE261774	Breast cancer	epithelial_solid_default	1945	20	1576	skipped_insufficient_cells	skipped_insufficient_cells	inferCNVpy: candidate/reference below method threshold; Copykat_python: candidate/reference below method threshold
GSE261774|GSE261774__GSM8151501_BC17080_filtered_feature_bc_matrix.h5	GSE261774_GSE261774__GSM8151501_BC17080_filtered_feature_bc_matr_d8982a122bf6	GSE261774	Breast cancer	epithelial_solid_default	2662	6	2160	skipped_insufficient_cells	skipped_insufficient_cells	inferCNVpy: candidate/reference below method threshold; Copykat_python: candidate/reference below method threshold
GSE261774|GSE261774__GSM8151502_BC17083_filtered_feature_bc_matrix.h5	GSE261774_GSE261774__GSM8151502_BC17083_filtered_feature_bc_matr_af381d5c265c	GSE261774	Breast cancer	epithelial_solid_default	243	35	187	success	skipped_insufficient_cells	Copykat_python: candidate/reference below method threshold
GSE261774|GSE261774__GSM8151505_BC17114_filtered_feature_bc_matrix.h5	GSE261774_GSE261774__GSM8151505_BC17114_filtered_feature_bc_matr_1fafefe9ba3a	GSE261774	Breast cancer	epithelial_solid_default	1549	7	1320	skipped_insufficient_cells	skipped_insufficient_cells	inferCNVpy: candidate/reference below method threshold; Copykat_python: candidate/reference below method threshold
GSE261774|GSE261774__GSM8151506_BC17121_filtered_feature_bc_matrix.h5	GSE261774_GSE261774__GSM8151506_BC17121_filtered_feature_bc_matr_4b467a49db42	GSE261774	Breast cancer	epithelial_solid_default	2862	8	2577	skipped_insufficient_cells	skipped_insufficient_cells	inferCNVpy: candidate/reference below method threshold; Copykat_python: candidate/reference below method threshold
GSE261774|GSE261774__GSM8151508_BC17134_filtered_feature_bc_matrix.h5	GSE261774_GSE261774__GSM8151508_BC17134_filtered_feature_bc_matr_583188e3492e	GSE261774	Breast cancer	epithelial_solid_default	1673	0	1517	skipped_insufficient_cells	skipped_insufficient_cells	inferCNVpy: candidate/reference below method threshold; Copykat_python: candidate/reference below method threshold
GSE261774|GSE261774__GSM8151509_BC17140_filtered_feature_bc_matrix.h5	GSE261774_GSE261774__GSM8151509_BC17140_filtered_feature_bc_matr_8c7448a50b28	GSE261774	Breast cancer	epithelial_solid_default	1422	1	1285	skipped_insufficient_cells	skipped_insufficient_cells	inferCNVpy: candidate/reference below method threshold; Copykat_python: candidate/reference below method threshold
GSE261774|GSE261774__GSM8151512_BC17157_filtered_feature_bc_matrix.h5	GSE261774_GSE261774__GSM8151512_BC17157_filtered_feature_bc_matr_12dcc17f50c2	GSE261774	Breast cancer	epithelial_solid_default	1956	0	1679	skipped_insufficient_cells	skipped_insufficient_cells	inferCNVpy: candidate/reference below method threshold; Copykat_python: candidate/reference below method threshold
GSE261774|GSE261774__GSM8151513_BC17166_filtered_feature_bc_matrix.h5	GSE261774_GSE261774__GSM8151513_BC17166_filtered_feature_bc_matr_a652bc18e46a	GSE261774	Breast cancer	epithelial_solid_default	2914	1	2731	skipped_insufficient_cells	skipped_insufficient_cells	inferCNVpy: candidate/reference below method threshold; Copykat_python: candidate/reference below method threshold
GSE261774|GSE261774__GSM8151514_BC17172_filtered_feature_bc_matrix.h5	GSE261774_GSE261774__GSM8151514_BC17172_filtered_feature_bc_matr_09a200dce7f8	GSE261774	Breast cancer	epithelial_solid_default	2802	4	1984	skipped_insufficient_cells	skipped_insufficient_cells	inferCNVpy: candidate/reference below method threshold; Copykat_python: candidate/reference below method threshold
GSE261774|GSE261774__GSM8151515_BC18050_filtered_feature_bc_matrix.h5	GSE261774_GSE261774__GSM8151515_BC18050_filtered_feature_bc_matr_3a8074f8cb1c	GSE261774	Breast cancer	epithelial_solid_default	2275	5	1516	skipped_insufficient_cells	skipped_insufficient_cells	inferCNVpy: candidate/reference below method threshold; Copykat_python: candidate/reference below method threshold
GSE261774|GSE261774__GSM8151516_BC18051_filtered_feature_bc_matrix.h5	GSE261774_GSE261774__GSM8151516_BC18051_filtered_feature_bc_matr_cd6b9ecda387	GSE261774	Breast cancer	epithelial_solid_default	2042	14	1576	skipped_insufficient_cells	skipped_insufficient_cells	inferCNVpy: candidate/reference below method threshold; Copykat_python: candidate/reference below method threshold
GSE261774|GSE261774__GSM8151517_BC19104_filtered_feature_bc_matrix.h5	GSE261774_GSE261774__GSM8151517_BC19104_filtered_feature_bc_matr_bbeb33cbdced	GSE261774	Breast cancer	epithelial_solid_default	3173	4	1699	skipped_insufficient_cells	skipped_insufficient_cells	inferCNVpy: candidate/reference below method threshold; Copykat_python: candidate/reference below method threshold
GSE261774|GSE261774__GSM8151518_BC19108_filtered_feature_bc_matrix.h5	GSE261774_GSE261774__GSM8151518_BC19108_filtered_feature_bc_matr_1b13eae0a898	GSE261774	Breast cancer	epithelial_solid_default	2880	0	2733	skipped_insufficient_cells	skipped_insufficient_cells	inferCNVpy: candidate/reference below method threshold; Copykat_python: candidate/reference below method threshold
GSE261774|GSE261774__GSM8151519_BC19115_filtered_feature_bc_matrix.h5	GSE261774_GSE261774__GSM8151519_BC19115_filtered_feature_bc_matr_19a3f57a07b8	GSE261774	Breast cancer	epithelial_solid_default	3449	13	1662	skipped_insufficient_cells	skipped_insufficient_cells	inferCNVpy: candidate/reference below method threshold; Copykat_python: candidate/reference below method threshold
GSE261774|GSE261774__GSM8151520_BC19127_filtered_feature_bc_matrix.h5	GSE261774_GSE261774__GSM8151520_BC19127_filtered_feature_bc_matr_c09250c55824	GSE261774	Breast cancer	epithelial_solid_default	3600	0	3022	skipped_insufficient_cells	skipped_insufficient_cells	inferCNVpy: candidate/reference below method threshold; Copykat_python: candidate/reference below method threshold
GSE200997|B_cac11	GSE200997_B_cac11_77c76e56d979	GSE200997	CRC	epithelial_solid_default	4201	150	3496	success	skipped_insufficient_cells	Copykat_python: candidate/reference below method threshold
GSE200997|B_cac14	GSE200997_B_cac14_9f1dbacca8a0	GSE200997	CRC	epithelial_solid_default	4311	52	3741	success	skipped_insufficient_cells	Copykat_python: candidate/reference below method threshold
GSE200997|B_cac4	GSE200997_B_cac4_2fbce8115862	GSE200997	CRC	epithelial_solid_default	2285	144	1841	success	skipped_insufficient_cells	Copykat_python: candidate/reference below method threshold
GSE200997|B_cac6	GSE200997_B_cac6_50afbd0aee93	GSE200997	CRC	epithelial_solid_default	516	56	374	success	skipped_insufficient_cells	Copykat_python: candidate/reference below method threshold
GSE200997|T_cac10	GSE200997_T_cac10_360ca6b7de16	GSE200997	CRC	epithelial_solid_default	611	25	519	skipped_insufficient_cells	skipped_insufficient_cells	inferCNVpy: candidate/reference below method threshold; Copykat_python: candidate/reference below method threshold
GSE200997|T_cac12	GSE200997_T_cac12_f5a6abf17a6e	GSE200997	CRC	epithelial_solid_default	3621	129	2958	success	skipped_insufficient_cells	Copykat_python: candidate/reference below method threshold
GSE200997|T_cac13	GSE200997_T_cac13_a79ffc7e3fc4	GSE200997	CRC	epithelial_solid_default	2590	11	2163	skipped_insufficient_cells	skipped_insufficient_cells	inferCNVpy: candidate/reference below method threshold; Copykat_python: candidate/reference below method threshold
GSE200997|T_cac15	GSE200997_T_cac15_bf2fec7b828f	GSE200997	CRC	epithelial_solid_default	3468	25	2886	skipped_insufficient_cells	skipped_insufficient_cells	inferCNVpy: candidate/reference below method threshold; Copykat_python: candidate/reference below method threshold
GSE200997|T_cac16	GSE200997_T_cac16_1ad54970a432	GSE200997	CRC	epithelial_solid_default	1248	51	1001	success	skipped_insufficient_cells	Copykat_python: candidate/reference below method threshold
GSE200997|T_cac4	GSE200997_T_cac4_ff77dd8f7bc8	GSE200997	CRC	epithelial_solid_default	1484	17	1237	skipped_insufficient_cells	skipped_insufficient_cells	inferCNVpy: candidate/reference below method threshold; Copykat_python: candidate/reference below method threshold
GSE200997|T_cac5	GSE200997_T_cac5_82fc76fb8ac8	GSE200997	CRC	epithelial_solid_default	160	1	129	skipped_insufficient_cells	skipped_insufficient_cells	inferCNVpy: candidate/reference below method threshold; Copykat_python: candidate/reference below method threshold
GSE200997|T_cac6	GSE200997_T_cac6_56d6cba136ee	GSE200997	CRC	epithelial_solid_default	1541	32	1320	success	skipped_insufficient_cells	Copykat_python: candidate/reference below method threshold
GSE200997|T_cac8	GSE200997_T_cac8_6d949fc45692	GSE200997	CRC	epithelial_solid_default	786	169	520	success	skipped_insufficient_cells	Copykat_python: candidate/reference below method threshold
GSE200997|T_cac9	GSE200997_T_cac9_298e650747bb	GSE200997	CRC	epithelial_solid_default	1459	99	1142	success	skipped_insufficient_cells	Copykat_python: candidate/reference below method threshold
GSE197461|GSM5917938_SCC_2	GSE197461_GSM5917938_SCC_2_da0edd6ad64b	GSE197461	Cervical SCC/adenocarcinoma	epithelial_solid_default	6123	91	4121	success	skipped_insufficient_cells	Copykat_python: candidate/reference below method threshold
GSE197461|GSM5917943_ADC_4	GSE197461_GSM5917943_ADC_4_d4b01dd40ec5	GSE197461	Cervical SCC/adenocarcinoma	epithelial_solid_default	3606	197	2677	success	skipped_insufficient_cells	Copykat_python: candidate/reference below method threshold
GSE297041|TWDD_CE321_C3A1G_HPV	GSE297041_TWDD_CE321_C3A1G_HPV_89d6beef88c7	GSE297041	Cervical cancer	epithelial_solid_default	1042	3	366	skipped_insufficient_cells	skipped_insufficient_cells	inferCNVpy: candidate/reference below method threshold; Copykat_python: candidate/reference below method threshold
GSE297041|TWDD_CE326_2	GSE297041_TWDD_CE326_2_d3a8ce108ca8	GSE297041	Cervical cancer	epithelial_solid_default	5778	20	3327	skipped_insufficient_cells	skipped_insufficient_cells	inferCNVpy: candidate/reference below method threshold; Copykat_python: candidate/reference below method threshold
GSE297041|TWDD_CE326_3	GSE297041_TWDD_CE326_3_9aa7f0a7caff	GSE297041	Cervical cancer	epithelial_solid_default	8517	5	4176	skipped_insufficient_cells	skipped_insufficient_cells	inferCNVpy: candidate/reference below method threshold; Copykat_python: candidate/reference below method threshold
GSE297041|TWDD_CE331E3_XBc3_1	GSE297041_TWDD_CE331E3_XBc3_1_4f2511e02f09	GSE297041	Cervical cancer	epithelial_solid_default	1626	28	894	skipped_insufficient_cells	skipped_insufficient_cells	inferCNVpy: candidate/reference below method threshold; Copykat_python: candidate/reference below method threshold
GSE297041|TWDD_CE331_XBc1_1	GSE297041_TWDD_CE331_XBc1_1_c34c84962c6e	GSE297041	Cervical cancer	epithelial_solid_default	2282	100	1483	success	skipped_insufficient_cells	Copykat_python: candidate/reference below method threshold
GSE297041|TWDD_CE468_XB1_1_HPV	GSE297041_TWDD_CE468_XB1_1_HPV_776b4d0201ac	GSE297041	Cervical cancer	epithelial_solid_default	2769	26	1627	skipped_insufficient_cells	skipped_insufficient_cells	inferCNVpy: candidate/reference below method threshold; Copykat_python: candidate/reference below method threshold
GSE297041|TWDD_CE468_XB2_2_HPV	GSE297041_TWDD_CE468_XB2_2_HPV_c1ab217de79c	GSE297041	Cervical cancer	epithelial_solid_default	132	1	58	skipped_insufficient_cells	skipped_insufficient_cells	inferCNVpy: candidate/reference below method threshold; Copykat_python: candidate/reference below method threshold
GSE297041|TWDD_CE468_XB3_2_HPV	GSE297041_TWDD_CE468_XB3_2_HPV_cae6077124fe	GSE297041	Cervical cancer	epithelial_solid_default	313	31	174	success	skipped_insufficient_cells	Copykat_python: candidate/reference below method threshold
GSE178481|GSE178481__GSM5392398_RCC-PR6-Normal.csv	GSE178481_GSE178481__GSM5392398_RCC-PR6-Normal.csv_2f6de0e4e3d4	GSE178481	Clear cell renal cell carcinoma	epithelial_solid_default	1026	13	625	skipped_insufficient_cells	skipped_insufficient_cells	inferCNVpy: candidate/reference below method threshold; Copykat_python: candidate/reference below method threshold
GSE178481|GSE178481__GSM5392400_RCC-PR8-Normal.csv	GSE178481_GSE178481__GSM5392400_RCC-PR8-Normal.csv_181709a2bca3	GSE178481	Clear cell renal cell carcinoma	epithelial_solid_default	1162	2	961	skipped_insufficient_cells	skipped_insufficient_cells	inferCNVpy: candidate/reference below method threshold; Copykat_python: candidate/reference below method threshold
GSE178481|GSE178481__GSM5392401_RCC-PR7-PTumor.csv	GSE178481_GSE178481__GSM5392401_RCC-PR7-PTumor.csv_fc7aace6f883	GSE178481	Clear cell renal cell carcinoma	epithelial_solid_default	2991	158	1637	success	skipped_insufficient_cells	Copykat_python: candidate/reference below method threshold
GSE178481|GSE178481__GSM5392402_RCC-PR9-Normal.csv	GSE178481_GSE178481__GSM5392402_RCC-PR9-Normal.csv_20479ef5a3fb	GSE178481	Clear cell renal cell carcinoma	epithelial_solid_default	3089	34	2348	success	skipped_insufficient_cells	Copykat_python: candidate/reference below method threshold
GSE178481|GSE178481__GSM5392403_RCC-PR9-PTumor.csv	GSE178481_GSE178481__GSM5392403_RCC-PR9-PTumor.csv_adab2fa73ffc	GSE178481	Clear cell renal cell carcinoma	epithelial_solid_default	4950	9	4408	skipped_insufficient_cells	skipped_insufficient_cells	inferCNVpy: candidate/reference below method threshold; Copykat_python: candidate/reference below method threshold
GSE178481|GSE178481__GSM5392404_RCC-PR9-PTumor2.csv	GSE178481_GSE178481__GSM5392404_RCC-PR9-PTumor2.csv_343a4c073fe8	GSE178481	Clear cell renal cell carcinoma	epithelial_solid_default	4767	11	3676	skipped_insufficient_cells	skipped_insufficient_cells	inferCNVpy: candidate/reference below method threshold; Copykat_python: candidate/reference below method threshold
GSE178481|GSE178481__GSM5392405_RCC-PR5-Normal.csv	GSE178481_GSE178481__GSM5392405_RCC-PR5-Normal.csv_241c6cc889e2	GSE178481	Clear cell renal cell carcinoma	epithelial_solid_default	3253	4	2872	skipped_insufficient_cells	skipped_insufficient_cells	inferCNVpy: candidate/reference below method threshold; Copykat_python: candidate/reference below method threshold
GSE178481|GSE178481__GSM5392406_RCC-PR5-PTumor1.csv	GSE178481_GSE178481__GSM5392406_RCC-PR5-PTumor1.csv_454641ad3b62	GSE178481	Clear cell renal cell carcinoma	epithelial_solid_default	6191	17	5136	skipped_insufficient_cells	skipped_insufficient_cells	inferCNVpy: candidate/reference below method threshold; Copykat_python: candidate/reference below method threshold
GSE178481|GSE178481__GSM5392407_RCC-PR5-PTumor2.csv	GSE178481_GSE178481__GSM5392407_RCC-PR5-PTumor2.csv_bafbdcfad466	GSE178481	Clear cell renal cell carcinoma	epithelial_solid_default	4085	3	3367	skipped_insufficient_cells	skipped_insufficient_cells	inferCNVpy: candidate/reference below method threshold; Copykat_python: candidate/reference below method threshold
GSE178481|GSE178481__GSM5392408_RCC-PR5-PTumor3.csv	GSE178481_GSE178481__GSM5392408_RCC-PR5-PTumor3.csv_175c06b8b85e	GSE178481	Clear cell renal cell carcinoma	epithelial_solid_default	5367	7	4435	skipped_insufficient_cells	skipped_insufficient_cells	inferCNVpy: candidate/reference below method threshold; Copykat_python: candidate/reference below method threshold
GSE178481|GSE178481__GSM5392409_RCC-BM1-PTumor.csv	GSE178481_GSE178481__GSM5392409_RCC-BM1-PTumor.csv_f6aa319a11f0	GSE178481	Clear cell renal cell carcinoma	epithelial_solid_default	6527	5	5819	skipped_insufficient_cells	skipped_insufficient_cells	inferCNVpy: candidate/reference below method threshold; Copykat_python: candidate/reference below method threshold
GSE178481|GSE178481__GSM5392411_RCC-BM2-PTumor1.csv	GSE178481_GSE178481__GSM5392411_RCC-BM2-PTumor1.csv_4678cb0656f7	GSE178481	Clear cell renal cell carcinoma	epithelial_solid_default	4038	13	3337	skipped_insufficient_cells	skipped_insufficient_cells	inferCNVpy: candidate/reference below method threshold; Copykat_python: candidate/reference below method threshold
GSE178481|GSE178481__GSM5392412_RCC-BM2-PTumor2.csv	GSE178481_GSE178481__GSM5392412_RCC-BM2-PTumor2.csv_b706701c489c	GSE178481	Clear cell renal cell carcinoma	epithelial_solid_default	4223	19	3837	skipped_insufficient_cells	skipped_insufficient_cells	inferCNVpy: candidate/reference below method threshold; Copykat_python: candidate/reference below method threshold
GSE178481|GSE178481__GSM5392414_RCC-PR1-Normal.csv	GSE178481_GSE178481__GSM5392414_RCC-PR1-Normal.csv_012465b8521e	GSE178481	Clear cell renal cell carcinoma	epithelial_solid_default	1233	102	753	success	skipped_insufficient_cells	Copykat_python: candidate/reference below method threshold
GSE178481|GSE178481__GSM5392416_RCC-PR2-Normal.csv	GSE178481_GSE178481__GSM5392416_RCC-PR2-Normal.csv_11e5840c27b0	GSE178481	Clear cell renal cell carcinoma	epithelial_solid_default	917	69	518	success	skipped_insufficient_cells	Copykat_python: candidate/reference below method threshold
GSE178481|GSE178481__GSM5392417_RCC-PR2-PTumor.csv	GSE178481_GSE178481__GSM5392417_RCC-PR2-PTumor.csv_58a69499ed08	GSE178481	Clear cell renal cell carcinoma	epithelial_solid_default	4654	27	3666	skipped_insufficient_cells	skipped_insufficient_cells	inferCNVpy: candidate/reference below method threshold; Copykat_python: candidate/reference below method threshold
GSE178481|GSE178481__GSM5392418_RCC-PR4-Normal.csv	GSE178481_GSE178481__GSM5392418_RCC-PR4-Normal.csv_ee021aef40fb	GSE178481	Clear cell renal cell carcinoma	epithelial_solid_default	743	4	626	skipped_insufficient_cells	skipped_insufficient_cells	inferCNVpy: candidate/reference below method threshold; Copykat_python: candidate/reference below method threshold
GSE178481|GSE178481__GSM5392419_RCC-PR4-PTumor.csv	GSE178481_GSE178481__GSM5392419_RCC-PR4-PTumor.csv_be6fc4686971	GSE178481	Clear cell renal cell carcinoma	epithelial_solid_default	4816	49	4271	success	skipped_insufficient_cells	Copykat_python: candidate/reference below method threshold
GSE178481|GSE178481__GSM5392421_RCC-PR3-PTumor1.csv	GSE178481_GSE178481__GSM5392421_RCC-PR3-PTumor1.csv_64738d5d548f	GSE178481	Clear cell renal cell carcinoma	epithelial_solid_default	6999	31	6267	success	skipped_insufficient_cells	Copykat_python: candidate/reference below method threshold
GSE178481|GSE178481__GSM5392422_RCC-PR3-PTumor2.csv	GSE178481_GSE178481__GSM5392422_RCC-PR3-PTumor2.csv_9ca091f74fe8	GSE178481	Clear cell renal cell carcinoma	epithelial_solid_default	5947	42	4416	success	skipped_insufficient_cells	Copykat_python: candidate/reference below method threshold
GSE178481|GSE178481__GSM5392423_RCC-PR3-PTumor3.csv	GSE178481_GSE178481__GSM5392423_RCC-PR3-PTumor3.csv_56a8aff36d09	GSE178481	Clear cell renal cell carcinoma	epithelial_solid_default	7830	188	5689	success	skipped_insufficient_cells	Copykat_python: candidate/reference below method threshold
GSE269826|T17A	GSE269826_T17A_14e09f97a17b	GSE269826	Clear cell renal cell carcinoma	epithelial_solid_default	1170	1161	2	skipped_insufficient_cells	success	inferCNVpy: candidate/reference below method threshold
GSE269826|T17B	GSE269826_T17B_d23291c593e0	GSE269826	Clear cell renal cell carcinoma	epithelial_solid_default	405	387	7	skipped_insufficient_cells	success	inferCNVpy: candidate/reference below method threshold
GSE269826|T17C	GSE269826_T17C_93dc2443e9a8	GSE269826	Clear cell renal cell carcinoma	epithelial_solid_default	185	157	14	skipped_insufficient_cells	skipped_insufficient_cells	inferCNVpy: candidate/reference below method threshold; Copykat_python: candidate/reference below method threshold
GSE269826|T17D	GSE269826_T17D_6025fd7b4409	GSE269826	Clear cell renal cell carcinoma	epithelial_solid_default	788	747	5	skipped_insufficient_cells	success	inferCNVpy: candidate/reference below method threshold
GSE269826|T17E	GSE269826_T17E_94a67c67cf7f	GSE269826	Clear cell renal cell carcinoma	epithelial_solid_default	191	163	13	skipped_insufficient_cells	skipped_insufficient_cells	inferCNVpy: candidate/reference below method threshold; Copykat_python: candidate/reference below method threshold
GSE269826|T17F	GSE269826_T17F_f087f0e8268c	GSE269826	Clear cell renal cell carcinoma	epithelial_solid_default	160	149	4	skipped_insufficient_cells	skipped_insufficient_cells	inferCNVpy: candidate/reference below method threshold; Copykat_python: candidate/reference below method threshold
GSE269826|T17G	GSE269826_T17G_3f96986471dc	GSE269826	Clear cell renal cell carcinoma	epithelial_solid_default	512	437	39	skipped_insufficient_cells	success	inferCNVpy: candidate/reference below method threshold
GSE132465|GSE132465__SMC01-N	GSE132465_GSE132465__SMC01-N_34578b51595d	GSE132465	Colorectal cancer	epithelial_solid_default	1460	30	1053	success	skipped_insufficient_cells	Copykat_python: candidate/reference below method threshold
GSE132465|GSE132465__SMC02-N	GSE132465_GSE132465__SMC02-N_184fd0e5042f	GSE132465	Colorectal cancer	epithelial_solid_default	729	23	497	skipped_insufficient_cells	skipped_insufficient_cells	inferCNVpy: candidate/reference below method threshold; Copykat_python: candidate/reference below method threshold
GSE132465|GSE132465__SMC02-T	GSE132465_GSE132465__SMC02-T_4f9e4c007e0b	GSE132465	Colorectal cancer	epithelial_solid_default	1067	72	789	success	skipped_insufficient_cells	Copykat_python: candidate/reference below method threshold
GSE132465|GSE132465__SMC03-N	GSE132465_GSE132465__SMC03-N_e09b6d775ce7	GSE132465	Colorectal cancer	epithelial_solid_default	758	8	730	skipped_insufficient_cells	skipped_insufficient_cells	inferCNVpy: candidate/reference below method threshold; Copykat_python: candidate/reference below method threshold
GSE132465|GSE132465__SMC04-N	GSE132465_GSE132465__SMC04-N_90f0ab6163a2	GSE132465	Colorectal cancer	epithelial_solid_default	1016	24	629	skipped_insufficient_cells	skipped_insufficient_cells	inferCNVpy: candidate/reference below method threshold; Copykat_python: candidate/reference below method threshold
GSE132465|GSE132465__SMC04-T	GSE132465_GSE132465__SMC04-T_aafa79c2b827	GSE132465	Colorectal cancer	epithelial_solid_default	1264	55	827	success	skipped_insufficient_cells	Copykat_python: candidate/reference below method threshold
GSE132465|GSE132465__SMC05-N	GSE132465_GSE132465__SMC05-N_d25882946c6f	GSE132465	Colorectal cancer	epithelial_solid_default	690	17	494	skipped_insufficient_cells	skipped_insufficient_cells	inferCNVpy: candidate/reference below method threshold; Copykat_python: candidate/reference below method threshold
GSE132465|GSE132465__SMC05-T	GSE132465_GSE132465__SMC05-T_db5fdade4df0	GSE132465	Colorectal cancer	epithelial_solid_default	506	1	482	skipped_insufficient_cells	skipped_insufficient_cells	inferCNVpy: candidate/reference below method threshold; Copykat_python: candidate/reference below method threshold
GSE132465|GSE132465__SMC06-N	GSE132465_GSE132465__SMC06-N_6c02c4d61107	GSE132465	Colorectal cancer	epithelial_solid_default	926	5	869	skipped_insufficient_cells	skipped_insufficient_cells	inferCNVpy: candidate/reference below method threshold; Copykat_python: candidate/reference below method threshold
GSE132465|GSE132465__SMC06-T	GSE132465_GSE132465__SMC06-T_3eb6bdd959aa	GSE132465	Colorectal cancer	epithelial_solid_default	1042	3	930	skipped_insufficient_cells	skipped_insufficient_cells	inferCNVpy: candidate/reference below method threshold; Copykat_python: candidate/reference below method threshold
GSE132465|GSE132465__SMC07-N	GSE132465_GSE132465__SMC07-N_a0ff3f05c018	GSE132465	Colorectal cancer	epithelial_solid_default	1469	14	1115	skipped_insufficient_cells	skipped_insufficient_cells	inferCNVpy: candidate/reference below method threshold; Copykat_python: candidate/reference below method threshold
GSE132465|GSE132465__SMC07-T	GSE132465_GSE132465__SMC07-T_6b2ac9a4db3a	GSE132465	Colorectal cancer	epithelial_solid_default	2568	98	2239	success	skipped_insufficient_cells	Copykat_python: candidate/reference below method threshold
GSE132465|GSE132465__SMC08-N	GSE132465_GSE132465__SMC08-N_e64babee98cd	GSE132465	Colorectal cancer	epithelial_solid_default	1110	0	1028	skipped_insufficient_cells	skipped_insufficient_cells	inferCNVpy: candidate/reference below method threshold; Copykat_python: candidate/reference below method threshold
GSE132465|GSE132465__SMC08-T	GSE132465_GSE132465__SMC08-T_fe1d9547f462	GSE132465	Colorectal cancer	epithelial_solid_default	1374	106	1102	success	skipped_insufficient_cells	Copykat_python: candidate/reference below method threshold
GSE132465|GSE132465__SMC09-N	GSE132465_GSE132465__SMC09-N_31533aadacb7	GSE132465	Colorectal cancer	epithelial_solid_default	588	29	432	skipped_insufficient_cells	skipped_insufficient_cells	inferCNVpy: candidate/reference below method threshold; Copykat_python: candidate/reference below method threshold
GSE132465|GSE132465__SMC10-N	GSE132465_GSE132465__SMC10-N_df1685dfac57	GSE132465	Colorectal cancer	epithelial_solid_default	1361	19	663	skipped_insufficient_cells	skipped_insufficient_cells	inferCNVpy: candidate/reference below method threshold; Copykat_python: candidate/reference below method threshold
GSE132465|GSE132465__SMC11-T	GSE132465_GSE132465__SMC11-T_058e95446b55	GSE132465	Colorectal cancer	epithelial_solid_default	1129	27	985	skipped_insufficient_cells	skipped_insufficient_cells	inferCNVpy: candidate/reference below method threshold; Copykat_python: candidate/reference below method threshold
GSE132465|GSE132465__SMC14-T	GSE132465_GSE132465__SMC14-T_df1f58d556dc	GSE132465	Colorectal cancer	epithelial_solid_default	1224	31	818	success	skipped_insufficient_cells	Copykat_python: candidate/reference below method threshold
GSE132465|GSE132465__SMC15-T	GSE132465_GSE132465__SMC15-T_0ab61b734078	GSE132465	Colorectal cancer	epithelial_solid_default	1388	24	1074	skipped_insufficient_cells	skipped_insufficient_cells	inferCNVpy: candidate/reference below method threshold; Copykat_python: candidate/reference below method threshold
GSE132465|GSE132465__SMC16-T	GSE132465_GSE132465__SMC16-T_f2c11e61cea4	GSE132465	Colorectal cancer	epithelial_solid_default	2300	2281	16	skipped_insufficient_cells	success	inferCNVpy: candidate/reference below method threshold
GSE132465|GSE132465__SMC18-T	GSE132465_GSE132465__SMC18-T_c1a56f9be271	GSE132465	Colorectal cancer	epithelial_solid_default	1252	1198	20	skipped_insufficient_cells	success	inferCNVpy: candidate/reference below method threshold
GSE132465|GSE132465__SMC19-T	GSE132465_GSE132465__SMC19-T_5d78088be279	GSE132465	Colorectal cancer	epithelial_solid_default	1017	62	922	success	skipped_insufficient_cells	Copykat_python: candidate/reference below method threshold
GSE132465|GSE132465__SMC22-T	GSE132465_GSE132465__SMC22-T_0f89f28b9a36	GSE132465	Colorectal cancer	epithelial_solid_default	1605	1497	38	skipped_insufficient_cells	success	inferCNVpy: candidate/reference below method threshold
GSE132465|GSE132465__SMC24-T	GSE132465_GSE132465__SMC24-T_0a4673a3678d	GSE132465	Colorectal cancer	epithelial_solid_default	1035	54	769	success	skipped_insufficient_cells	Copykat_python: candidate/reference below method threshold
GSE132465|GSE132465__SMC25-T	GSE132465_GSE132465__SMC25-T_4b899b4dd97b	GSE132465	Colorectal cancer	epithelial_solid_default	1102	58	968	success	skipped_insufficient_cells	Copykat_python: candidate/reference below method threshold
GSE178341|GSE178341__C103_T_1_1_3_c1_v2	GSE178341_GSE178341__C103_T_1_1_3_c1_v2_10216ab44f2f	GSE178341	Colorectal cancer	epithelial_solid_default	617	10	553	skipped_insufficient_cells	skipped_insufficient_cells	inferCNVpy: candidate/reference below method threshold; Copykat_python: candidate/reference below method threshold
GSE178341|GSE178341__C104_T_1_1_3_c1_v2	GSE178341_GSE178341__C104_T_1_1_3_c1_v2_e28db40745ad	GSE178341	Colorectal cancer	epithelial_solid_default	285	73	187	success	skipped_insufficient_cells	Copykat_python: candidate/reference below method threshold
GSE178341|GSE178341__C105_T_1_1_3_c1_v2	GSE178341_GSE178341__C105_T_1_1_3_c1_v2_f66dab867307	GSE178341	Colorectal cancer	epithelial_solid_default	695	36	516	success	skipped_insufficient_cells	Copykat_python: candidate/reference below method threshold
GSE178341|GSE178341__C106_N_1_1_3_c1_v2	GSE178341_GSE178341__C106_N_1_1_3_c1_v2_2f1bc20bfd1c	GSE178341	Colorectal cancer	epithelial_solid_default	85	7	51	skipped_insufficient_cells	skipped_insufficient_cells	inferCNVpy: candidate/reference below method threshold; Copykat_python: candidate/reference below method threshold
GSE178341|GSE178341__C106_T_1_1_3_c1_v2	GSE178341_GSE178341__C106_T_1_1_3_c1_v2_28a23642d2ce	GSE178341	Colorectal cancer	epithelial_solid_default	396	58	298	success	skipped_insufficient_cells	Copykat_python: candidate/reference below method threshold
GSE178341|GSE178341__C107_T_1_1_3_c1_v2	GSE178341_GSE178341__C107_T_1_1_3_c1_v2_ef91f86c6516	GSE178341	Colorectal cancer	epithelial_solid_default	1043	12	954	skipped_insufficient_cells	skipped_insufficient_cells	inferCNVpy: candidate/reference below method threshold; Copykat_python: candidate/reference below method threshold
GSE178341|GSE178341__C109_T_0_1_1_c1_v2	GSE178341_GSE178341__C109_T_0_1_1_c1_v2_8ebbfa8be3bd	GSE178341	Colorectal cancer	epithelial_solid_default	351	106	208	success	skipped_insufficient_cells	Copykat_python: candidate/reference below method threshold
GSE178341|GSE178341__C110_N_1_1_0_c1_v2	GSE178341_GSE178341__C110_N_1_1_0_c1_v2_28e5cf50e2bc	GSE178341	Colorectal cancer	epithelial_solid_default	1484	17	1351	skipped_insufficient_cells	skipped_insufficient_cells	inferCNVpy: candidate/reference below method threshold; Copykat_python: candidate/reference below method threshold
GSE178341|GSE178341__C111_N_0_2_0_c1_v2	GSE178341_GSE178341__C111_N_0_2_0_c1_v2_b075b3d92cc3	GSE178341	Colorectal cancer	epithelial_solid_default	554	21	419	skipped_insufficient_cells	skipped_insufficient_cells	inferCNVpy: candidate/reference below method threshold; Copykat_python: candidate/reference below method threshold
GSE178341|GSE178341__C111_N_0_2_1_c1_v2	GSE178341_GSE178341__C111_N_0_2_1_c1_v2_9c686156cfa8	GSE178341	Colorectal cancer	epithelial_solid_default	888	16	620	skipped_insufficient_cells	skipped_insufficient_cells	inferCNVpy: candidate/reference below method threshold; Copykat_python: candidate/reference below method threshold
GSE178341|GSE178341__C111_T_0_2_0_c1_v2	GSE178341_GSE178341__C111_T_0_2_0_c1_v2_83728c80e432	GSE178341	Colorectal cancer	epithelial_solid_default	746	159	388	success	skipped_insufficient_cells	Copykat_python: candidate/reference below method threshold
GSE178341|GSE178341__C111_T_0_2_0_c2_v2	GSE178341_GSE178341__C111_T_0_2_0_c2_v2_05685417b934	GSE178341	Colorectal cancer	epithelial_solid_default	144	42	84	success	skipped_insufficient_cells	Copykat_python: candidate/reference below method threshold
GSE178341|GSE178341__C111_T_0_2_1_c1_v2	GSE178341_GSE178341__C111_T_0_2_1_c1_v2_96d6d20c807c	GSE178341	Colorectal cancer	epithelial_solid_default	430	39	267	success	skipped_insufficient_cells	Copykat_python: candidate/reference below method threshold
GSE178341|GSE178341__C112_N_0_1_2_c1_v2	GSE178341_GSE178341__C112_N_0_1_2_c1_v2_179c6872fb1c	GSE178341	Colorectal cancer	epithelial_solid_default	1150	66	809	success	skipped_insufficient_cells	Copykat_python: candidate/reference below method threshold
GSE178341|GSE178341__C112_T_0_1_1_c1_v2	GSE178341_GSE178341__C112_T_0_1_1_c1_v2_00eb5859b2c6	GSE178341	Colorectal cancer	epithelial_solid_default	1044	98	776	success	skipped_insufficient_cells	Copykat_python: candidate/reference below method threshold
GSE178341|GSE178341__C113_N_1_1_0_c1_v2	GSE178341_GSE178341__C113_N_1_1_0_c1_v2_61f81c0545c9	GSE178341	Colorectal cancer	epithelial_solid_default	230	62	123	success	skipped_insufficient_cells	Copykat_python: candidate/reference below method threshold
GSE178341|GSE178341__C114_N_1_1_2_c1_v2	GSE178341_GSE178341__C114_N_1_1_2_c1_v2_dbe75fa1291b	GSE178341	Colorectal cancer	epithelial_solid_default	993	59	830	success	skipped_insufficient_cells	Copykat_python: candidate/reference below method threshold
GSE178341|GSE178341__C115_N_1_1_2_c1_v2	GSE178341_GSE178341__C115_N_1_1_2_c1_v2_f9795f46f125	GSE178341	Colorectal cancer	epithelial_solid_default	405	24	317	skipped_insufficient_cells	skipped_insufficient_cells	inferCNVpy: candidate/reference below method threshold; Copykat_python: candidate/reference below method threshold
GSE178341|GSE178341__C115_T_1_1_1_c1_v2	GSE178341_GSE178341__C115_T_1_1_1_c1_v2_13ed8dcb560a	GSE178341	Colorectal cancer	epithelial_solid_default	46	1	39	skipped_insufficient_cells	skipped_insufficient_cells	inferCNVpy: candidate/reference below method threshold; Copykat_python: candidate/reference below method threshold
GSE178341|GSE178341__C115_T_1_1_2_c1_v2	GSE178341_GSE178341__C115_T_1_1_2_c1_v2_4c8832c4be9d	GSE178341	Colorectal cancer	epithelial_solid_default	502	196	231	success	skipped_insufficient_cells	Copykat_python: candidate/reference below method threshold
GSE178341|GSE178341__C116_T_0_2_0_c1_v2	GSE178341_GSE178341__C116_T_0_2_0_c1_v2_55b85a58985d	GSE178341	Colorectal cancer	epithelial_solid_default	521	22	484	skipped_insufficient_cells	skipped_insufficient_cells	inferCNVpy: candidate/reference below method threshold; Copykat_python: candidate/reference below method threshold
GSE178341|GSE178341__C116_T_0_2_1_c1_v2	GSE178341_GSE178341__C116_T_0_2_1_c1_v2_63c5be2241cd	GSE178341	Colorectal cancer	epithelial_solid_default	610	95	470	success	skipped_insufficient_cells	Copykat_python: candidate/reference below method threshold
GSE178341|GSE178341__C116_T_0_2_2_c1_v2	GSE178341_GSE178341__C116_T_0_2_2_c1_v2_42cc1f48ea76	GSE178341	Colorectal cancer	epithelial_solid_default	612	126	454	success	skipped_insufficient_cells	Copykat_python: candidate/reference below method threshold
GSE178341|GSE178341__C118_T_1_1_1_c1_v2	GSE178341_GSE178341__C118_T_1_1_1_c1_v2_397f17d423d4	GSE178341	Colorectal cancer	epithelial_solid_default	892	157	655	success	skipped_insufficient_cells	Copykat_python: candidate/reference below method threshold
GSE178341|GSE178341__C119_N_0_2_0_c1_v2	GSE178341_GSE178341__C119_N_0_2_0_c1_v2_91c75a2348f8	GSE178341	Colorectal cancer	epithelial_solid_default	26	7	16	skipped_insufficient_cells	skipped_insufficient_cells	inferCNVpy: candidate/reference below method threshold; Copykat_python: candidate/reference below method threshold
GSE178341|GSE178341__C123_N_1_1_1_c1_v2	GSE178341_GSE178341__C123_N_1_1_1_c1_v2_269e55b9b93e	GSE178341	Colorectal cancer	epithelial_solid_default	1658	85	1402	success	skipped_insufficient_cells	Copykat_python: candidate/reference below method threshold
GSE178341|GSE178341__C124_T_0_3_0_c1_v2	GSE178341_GSE178341__C124_T_0_3_0_c1_v2_d8d3b5918ef5	GSE178341	Colorectal cancer	epithelial_solid_default	1863	164	1361	success	skipped_insufficient_cells	Copykat_python: candidate/reference below method threshold
GSE178341|GSE178341__C124_T_0_3_1_c1_v2	GSE178341_GSE178341__C124_T_0_3_1_c1_v2_529321a1a767	GSE178341	Colorectal cancer	epithelial_solid_default	2262	16	1790	skipped_insufficient_cells	skipped_insufficient_cells	inferCNVpy: candidate/reference below method threshold; Copykat_python: candidate/reference below method threshold
GSE178341|GSE178341__C125_T_1_1_1_c1_v2	GSE178341_GSE178341__C125_T_1_1_1_c1_v2_6437c0a5699f	GSE178341	Colorectal cancer	epithelial_solid_default	1387	176	1006	success	skipped_insufficient_cells	Copykat_python: candidate/reference below method threshold
GSE178341|GSE178341__C125_T_1_1_1_c2_v2	GSE178341_GSE178341__C125_T_1_1_1_c2_v2_8ed102e890b0	GSE178341	Colorectal cancer	epithelial_solid_default	1328	175	984	success	skipped_insufficient_cells	Copykat_python: candidate/reference below method threshold
GSE178341|GSE178341__C126_N_1_1_1_c1_v2	GSE178341_GSE178341__C126_N_1_1_1_c1_v2_40140e0c89c5	GSE178341	Colorectal cancer	epithelial_solid_default	2384	59	2166	success	skipped_insufficient_cells	Copykat_python: candidate/reference below method threshold
GSE178341|GSE178341__C126_N_1_1_1_c2_v2	GSE178341_GSE178341__C126_N_1_1_1_c2_v2_daeaedd03ca2	GSE178341	Colorectal cancer	epithelial_solid_default	2303	45	2105	success	skipped_insufficient_cells	Copykat_python: candidate/reference below method threshold
GSE178341|GSE178341__C126_T_1_1_1_c1_v2	GSE178341_GSE178341__C126_T_1_1_1_c1_v2_d00c5d16dd85	GSE178341	Colorectal cancer	epithelial_solid_default	492	81	319	success	skipped_insufficient_cells	Copykat_python: candidate/reference below method threshold
GSE178341|GSE178341__C126_T_1_1_1_c2_v2	GSE178341_GSE178341__C126_T_1_1_1_c2_v2_43581a006455	GSE178341	Colorectal cancer	epithelial_solid_default	495	76	341	success	skipped_insufficient_cells	Copykat_python: candidate/reference below method threshold
GSE178341|GSE178341__C129_N_1_1_0_c1_v2	GSE178341_GSE178341__C129_N_1_1_0_c1_v2_3802cd28b45f	GSE178341	Colorectal cancer	epithelial_solid_default	780	54	687	success	skipped_insufficient_cells	Copykat_python: candidate/reference below method threshold
GSE178341|GSE178341__C129_N_1_1_1_c1_v2	GSE178341_GSE178341__C129_N_1_1_1_c1_v2_fddd28ef68fc	GSE178341	Colorectal cancer	epithelial_solid_default	2495	2	2400	skipped_insufficient_cells	skipped_insufficient_cells	inferCNVpy: candidate/reference below method threshold; Copykat_python: candidate/reference below method threshold
GSE178341|GSE178341__C130_N_1_1_1_c1_v2	GSE178341_GSE178341__C130_N_1_1_1_c1_v2_4fe914038af2	GSE178341	Colorectal cancer	epithelial_solid_default	921	54	760	success	skipped_insufficient_cells	Copykat_python: candidate/reference below method threshold
GSE178341|GSE178341__C130_TA_1_1_1_c1_v2	GSE178341_GSE178341__C130_TA_1_1_1_c1_v2_fc33cbb9e3ff	GSE178341	Colorectal cancer	epithelial_solid_default	811	187	530	success	skipped_insufficient_cells	Copykat_python: candidate/reference below method threshold
GSE178341|GSE178341__C132_T_1_1_0_c1_v2	GSE178341_GSE178341__C132_T_1_1_0_c1_v2_2fd7936818a8	GSE178341	Colorectal cancer	epithelial_solid_default	2308	163	2089	success	skipped_insufficient_cells	Copykat_python: candidate/reference below method threshold
GSE178341|GSE178341__C132_T_1_1_1_c1_v2	GSE178341_GSE178341__C132_T_1_1_1_c1_v2_981516cefea5	GSE178341	Colorectal cancer	epithelial_solid_default	1377	71	1226	success	skipped_insufficient_cells	Copykat_python: candidate/reference below method threshold
GSE178341|GSE178341__C133_N_0_0_0_c1_v2	GSE178341_GSE178341__C133_N_0_0_0_c1_v2_facdefc84ab0	GSE178341	Colorectal cancer	epithelial_solid_default	324	173	117	success	skipped_insufficient_cells	Copykat_python: candidate/reference below method threshold
GSE178341|GSE178341__C134_N_0_3_0_c1_v2	GSE178341_GSE178341__C134_N_0_3_0_c1_v2_5df7b97b382c	GSE178341	Colorectal cancer	epithelial_solid_default	914	59	690	success	skipped_insufficient_cells	Copykat_python: candidate/reference below method threshold
GSE178341|GSE178341__C134_N_0_3_1_c1_v2	GSE178341_GSE178341__C134_N_0_3_1_c1_v2_1bb2597b5e70	GSE178341	Colorectal cancer	epithelial_solid_default	1963	57	1738	success	skipped_insufficient_cells	Copykat_python: candidate/reference below method threshold
GSE178341|GSE178341__C134_T_0_3_1_c1_v2	GSE178341_GSE178341__C134_T_0_3_1_c1_v2_a21c180c214b	GSE178341	Colorectal cancer	epithelial_solid_default	262	6	230	skipped_insufficient_cells	skipped_insufficient_cells	inferCNVpy: candidate/reference below method threshold; Copykat_python: candidate/reference below method threshold
GSE178341|GSE178341__C134_T_0_3_1_c2_v2	GSE178341_GSE178341__C134_T_0_3_1_c2_v2_b80efe2f87d6	GSE178341	Colorectal cancer	epithelial_solid_default	258	8	222	skipped_insufficient_cells	skipped_insufficient_cells	inferCNVpy: candidate/reference below method threshold; Copykat_python: candidate/reference below method threshold
GSE178341|GSE178341__C135_T_1_1_0_c1_v2	GSE178341_GSE178341__C135_T_1_1_0_c1_v2_97e33a62d48b	GSE178341	Colorectal cancer	epithelial_solid_default	1063	111	870	success	skipped_insufficient_cells	Copykat_python: candidate/reference below method threshold
GSE178341|GSE178341__C135_T_1_1_1_c1_v2	GSE178341_GSE178341__C135_T_1_1_1_c1_v2_976762542084	GSE178341	Colorectal cancer	epithelial_solid_default	829	45	667	success	skipped_insufficient_cells	Copykat_python: candidate/reference below method threshold
GSE178341|GSE178341__C135_T_1_1_1_c2_v2	GSE178341_GSE178341__C135_T_1_1_1_c2_v2_2d5fc5cc85d5	GSE178341	Colorectal cancer	epithelial_solid_default	782	28	624	skipped_insufficient_cells	skipped_insufficient_cells	inferCNVpy: candidate/reference below method threshold; Copykat_python: candidate/reference below method threshold
GSE178341|GSE178341__C136_T_1_1_1_c2_v2	GSE178341_GSE178341__C136_T_1_1_1_c2_v2_de97e75b1ae9	GSE178341	Colorectal cancer	epithelial_solid_default	618	169	414	success	skipped_insufficient_cells	Copykat_python: candidate/reference below method threshold
GSE178341|GSE178341__C137_N_1_1_0_c1_v2	GSE178341_GSE178341__C137_N_1_1_0_c1_v2_1511004942d4	GSE178341	Colorectal cancer	epithelial_solid_default	670	37	527	success	skipped_insufficient_cells	Copykat_python: candidate/reference below method threshold
GSE178341|GSE178341__C137_N_1_1_1_c1_v2	GSE178341_GSE178341__C137_N_1_1_1_c1_v2_fac19fa8d2e3	GSE178341	Colorectal cancer	epithelial_solid_default	853	17	772	skipped_insufficient_cells	skipped_insufficient_cells	inferCNVpy: candidate/reference below method threshold; Copykat_python: candidate/reference below method threshold
GSE178341|GSE178341__C137_T_1_1_1_c1_v2	GSE178341_GSE178341__C137_T_1_1_1_c1_v2_67165b086418	GSE178341	Colorectal cancer	epithelial_solid_default	410	9	343	skipped_insufficient_cells	skipped_insufficient_cells	inferCNVpy: candidate/reference below method threshold; Copykat_python: candidate/reference below method threshold
GSE178341|GSE178341__C137_T_1_1_1_c2_v2	GSE178341_GSE178341__C137_T_1_1_1_c2_v2_ca2df330bc8b	GSE178341	Colorectal cancer	epithelial_solid_default	535	12	455	skipped_insufficient_cells	skipped_insufficient_cells	inferCNVpy: candidate/reference below method threshold; Copykat_python: candidate/reference below method threshold
GSE178341|GSE178341__C138_N_0_0_0_c1_v2	GSE178341_GSE178341__C138_N_0_0_0_c1_v2_517068777b7d	GSE178341	Colorectal cancer	epithelial_solid_default	336	60	241	success	skipped_insufficient_cells	Copykat_python: candidate/reference below method threshold
GSE178341|GSE178341__C138_N_0_0_1_c1_v2	GSE178341_GSE178341__C138_N_0_0_1_c1_v2_b925f7594fc9	GSE178341	Colorectal cancer	epithelial_solid_default	619	10	552	skipped_insufficient_cells	skipped_insufficient_cells	inferCNVpy: candidate/reference below method threshold; Copykat_python: candidate/reference below method threshold
GSE178341|GSE178341__C138_T_0_0_0_c1_v2	GSE178341_GSE178341__C138_T_0_0_0_c1_v2_458d80c3b91b	GSE178341	Colorectal cancer	epithelial_solid_default	673	109	495	success	skipped_insufficient_cells	Copykat_python: candidate/reference below method threshold
GSE178341|GSE178341__C138_T_0_0_0_c2_v2	GSE178341_GSE178341__C138_T_0_0_0_c2_v2_847a704ef87f	GSE178341	Colorectal cancer	epithelial_solid_default	18	4	14	skipped_insufficient_cells	skipped_insufficient_cells	inferCNVpy: candidate/reference below method threshold; Copykat_python: candidate/reference below method threshold
GSE178341|GSE178341__C138_T_0_0_1_c1_v2	GSE178341_GSE178341__C138_T_0_0_1_c1_v2_65b0306ee796	GSE178341	Colorectal cancer	epithelial_solid_default	322	4	286	skipped_insufficient_cells	skipped_insufficient_cells	inferCNVpy: candidate/reference below method threshold; Copykat_python: candidate/reference below method threshold
GSE178341|GSE178341__C138_T_0_0_1_c2_v2	GSE178341_GSE178341__C138_T_0_0_1_c2_v2_5e2c0063d65b	GSE178341	Colorectal cancer	epithelial_solid_default	275	2	245	skipped_insufficient_cells	skipped_insufficient_cells	inferCNVpy: candidate/reference below method threshold; Copykat_python: candidate/reference below method threshold
GSE178341|GSE178341__C139_N_1_1_1_c1_v2	GSE178341_GSE178341__C139_N_1_1_1_c1_v2_3dbefed55d0d	GSE178341	Colorectal cancer	epithelial_solid_default	1108	18	857	skipped_insufficient_cells	skipped_insufficient_cells	inferCNVpy: candidate/reference below method threshold; Copykat_python: candidate/reference below method threshold
GSE178341|GSE178341__C139_T_1_1_1_c1_v2	GSE178341_GSE178341__C139_T_1_1_1_c1_v2_3e3df858f5aa	GSE178341	Colorectal cancer	epithelial_solid_default	731	90	536	success	skipped_insufficient_cells	Copykat_python: candidate/reference below method threshold
GSE178341|GSE178341__C140_N_1_1_0_c1_v2	GSE178341_GSE178341__C140_N_1_1_0_c1_v2_47ce08e2817c	GSE178341	Colorectal cancer	epithelial_solid_default	592	179	329	success	skipped_insufficient_cells	Copykat_python: candidate/reference below method threshold
GSE178341|GSE178341__C140_T_1_1_1_c2_v2	GSE178341_GSE178341__C140_T_1_1_1_c2_v2_3e1b89f96eeb	GSE178341	Colorectal cancer	epithelial_solid_default	650	171	401	success	skipped_insufficient_cells	Copykat_python: candidate/reference below method threshold
GSE178341|GSE178341__C142_T_1_1_0_c1_v2	GSE178341_GSE178341__C142_T_1_1_0_c1_v2_37a1e99de773	GSE178341	Colorectal cancer	epithelial_solid_default	943	174	689	success	skipped_insufficient_cells	Copykat_python: candidate/reference below method threshold
GSE178341|GSE178341__C142_T_1_1_1_c1_v2	GSE178341_GSE178341__C142_T_1_1_1_c1_v2_944ecffe33df	GSE178341	Colorectal cancer	epithelial_solid_default	521	128	350	success	skipped_insufficient_cells	Copykat_python: candidate/reference below method threshold
GSE178341|GSE178341__C143_T_1_1_1_c1_v2	GSE178341_GSE178341__C143_T_1_1_1_c1_v2_c41a89962ca2	GSE178341	Colorectal cancer	epithelial_solid_default	531	89	340	success	skipped_insufficient_cells	Copykat_python: candidate/reference below method threshold
GSE178341|GSE178341__C144_T_1_1_0_c1_v2	GSE178341_GSE178341__C144_T_1_1_0_c1_v2_3044a04f5ccf	GSE178341	Colorectal cancer	epithelial_solid_default	1330	109	1173	success	skipped_insufficient_cells	Copykat_python: candidate/reference below method threshold
GSE178341|GSE178341__C144_T_1_1_1_c1_v2	GSE178341_GSE178341__C144_T_1_1_1_c1_v2_106115b82119	GSE178341	Colorectal cancer	epithelial_solid_default	926	9	882	skipped_insufficient_cells	skipped_insufficient_cells	inferCNVpy: candidate/reference below method threshold; Copykat_python: candidate/reference below method threshold
GSE178341|GSE178341__C149_T_1_1_0_c1_v2	GSE178341_GSE178341__C149_T_1_1_0_c1_v2_c98b9b4ffa6a	GSE178341	Colorectal cancer	epithelial_solid_default	1114	144	834	success	skipped_insufficient_cells	Copykat_python: candidate/reference below method threshold
GSE178341|GSE178341__C149_T_1_1_1_c1_v2	GSE178341_GSE178341__C149_T_1_1_1_c1_v2_3be1b524b49d	GSE178341	Colorectal cancer	epithelial_solid_default	845	39	666	success	skipped_insufficient_cells	Copykat_python: candidate/reference below method threshold
GSE178341|GSE178341__C150_T_1_1_1_c1_v2	GSE178341_GSE178341__C150_T_1_1_1_c1_v2_fa79ad1752a0	GSE178341	Colorectal cancer	epithelial_solid_default	457	158	244	success	skipped_insufficient_cells	Copykat_python: candidate/reference below method threshold
GSE178341|GSE178341__C153_T_1_1_1_c1_v2	GSE178341_GSE178341__C153_T_1_1_1_c1_v2_8eb3a0fe61bc	GSE178341	Colorectal cancer	epithelial_solid_default	1268	156	967	success	skipped_insufficient_cells	Copykat_python: candidate/reference below method threshold
GSE178341|GSE178341__C155_N_0_0_0_c1_v3	GSE178341_GSE178341__C155_N_0_0_0_c1_v3_eb770842cc64	GSE178341	Colorectal cancer	epithelial_solid_default	557	97	292	success	skipped_insufficient_cells	Copykat_python: candidate/reference below method threshold
GSE178341|GSE178341__C156_T_1_1_0_c1_v3	GSE178341_GSE178341__C156_T_1_1_0_c1_v3_beb7020997a2	GSE178341	Colorectal cancer	epithelial_solid_default	1552	122	991	success	skipped_insufficient_cells	Copykat_python: candidate/reference below method threshold
GSE178341|GSE178341__C156_T_1_1_1_c1_v3	GSE178341_GSE178341__C156_T_1_1_1_c1_v3_7a1c81dce641	GSE178341	Colorectal cancer	epithelial_solid_default	820	8	538	skipped_insufficient_cells	skipped_insufficient_cells	inferCNVpy: candidate/reference below method threshold; Copykat_python: candidate/reference below method threshold
GSE178341|GSE178341__C157_T_0_0_0_c1_v3	GSE178341_GSE178341__C157_T_0_0_0_c1_v3_46d26ae7d036	GSE178341	Colorectal cancer	epithelial_solid_default	1689	118	852	success	skipped_insufficient_cells	Copykat_python: candidate/reference below method threshold
GSE178341|GSE178341__C158_T_1_1_1_c1_v3	GSE178341_GSE178341__C158_T_1_1_1_c1_v3_27b5df9fdef2	GSE178341	Colorectal cancer	epithelial_solid_default	749	54	351	success	skipped_insufficient_cells	Copykat_python: candidate/reference below method threshold
GSE178341|GSE178341__C159_T_1_1_0_c1_v3	GSE178341_GSE178341__C159_T_1_1_0_c1_v3_1d49029e52f5	GSE178341	Colorectal cancer	epithelial_solid_default	626	163	357	success	skipped_insufficient_cells	Copykat_python: candidate/reference below method threshold
GSE178341|GSE178341__C159_T_1_1_1_c1_v3	GSE178341_GSE178341__C159_T_1_1_1_c1_v3_770e9ff33778	GSE178341	Colorectal cancer	epithelial_solid_default	556	20	414	skipped_insufficient_cells	skipped_insufficient_cells	inferCNVpy: candidate/reference below method threshold; Copykat_python: candidate/reference below method threshold
GSE178341|GSE178341__C162_N_0_0_0_c1_v3	GSE178341_GSE178341__C162_N_0_0_0_c1_v3_04030fd2493b	GSE178341	Colorectal cancer	epithelial_solid_default	1727	8	1464	skipped_insufficient_cells	skipped_insufficient_cells	inferCNVpy: candidate/reference below method threshold; Copykat_python: candidate/reference below method threshold
GSE178341|GSE178341__C162_N_0_0_0_c2_v2	GSE178341_GSE178341__C162_N_0_0_0_c2_v2_b22e1e94670c	GSE178341	Colorectal cancer	epithelial_solid_default	1690	14	1449	skipped_insufficient_cells	skipped_insufficient_cells	inferCNVpy: candidate/reference below method threshold; Copykat_python: candidate/reference below method threshold
GSE178341|GSE178341__C165_N_0_0_0_c1_v3	GSE178341_GSE178341__C165_N_0_0_0_c1_v3_5a2da5d726f9	GSE178341	Colorectal cancer	epithelial_solid_default	822	47	509	success	skipped_insufficient_cells	Copykat_python: candidate/reference below method threshold
GSE178341|GSE178341__C165_T_0_0_1_c1_v3	GSE178341_GSE178341__C165_T_0_0_1_c1_v3_94f78aa5d267	GSE178341	Colorectal cancer	epithelial_solid_default	816	85	454	success	skipped_insufficient_cells	Copykat_python: candidate/reference below method threshold
GSE178341|GSE178341__C167_T_1_1_0_c1_v3	GSE178341_GSE178341__C167_T_1_1_0_c1_v3_3e9c9a63aeaa	GSE178341	Colorectal cancer	epithelial_solid_default	856	45	718	success	skipped_insufficient_cells	Copykat_python: candidate/reference below method threshold
GSE178341|GSE178341__C169_T_1_1_0_c1_v3	GSE178341_GSE178341__C169_T_1_1_0_c1_v3_62f8fc87be6d	GSE178341	Colorectal cancer	epithelial_solid_default	1405	145	996	success	skipped_insufficient_cells	Copykat_python: candidate/reference below method threshold
GSE178341|GSE178341__C170_N_0_0_0_c1_v3	GSE178341_GSE178341__C170_N_0_0_0_c1_v3_9f5a386ee543	GSE178341	Colorectal cancer	epithelial_solid_default	1668	12	904	skipped_insufficient_cells	skipped_insufficient_cells	inferCNVpy: candidate/reference below method threshold; Copykat_python: candidate/reference below method threshold
GSE178341|GSE178341__C171_TA_1_1_1_c1_v3	GSE178341_GSE178341__C171_TA_1_1_1_c1_v3_bedcaafd844b	GSE178341	Colorectal cancer	epithelial_solid_default	5181	26	5086	skipped_insufficient_cells	skipped_insufficient_cells	inferCNVpy: candidate/reference below method threshold; Copykat_python: candidate/reference below method threshold
GSE178341|GSE178341__C172_T_0_0_0_c1_v3	GSE178341_GSE178341__C172_T_0_0_0_c1_v3_87637a655f6d	GSE178341	Colorectal cancer	epithelial_solid_default	1007	159	681	success	skipped_insufficient_cells	Copykat_python: candidate/reference below method threshold
GSE163558|GSM5004182_PT3	GSE163558_GSM5004182_PT3_c50a37f3e052	GSE163558	Gastric cancer	epithelial_solid_default	2532	46	2167	success	skipped_insufficient_cells	Copykat_python: candidate/reference below method threshold
GSE163558|GSM5004183_NT1	GSE163558_GSM5004183_NT1_4b0fd21f404d	GSE163558	Gastric cancer	epithelial_solid_default	2026	69	1744	success	skipped_insufficient_cells	Copykat_python: candidate/reference below method threshold
GSE163558|GSM5004184_LN1	GSE163558_GSM5004184_LN1_d8ab21dc4492	GSE163558	Gastric cancer	epithelial_solid_default	3712	4	3468	skipped_insufficient_cells	skipped_insufficient_cells	inferCNVpy: candidate/reference below method threshold; Copykat_python: candidate/reference below method threshold
GSE163558|GSM5004185_LN2	GSE163558_GSM5004185_LN2_f3ce7e3c59fc	GSE163558	Gastric cancer	epithelial_solid_default	7090	26	6267	skipped_insufficient_cells	skipped_insufficient_cells	inferCNVpy: candidate/reference below method threshold; Copykat_python: candidate/reference below method threshold
GSE163558|GSM5004187_P1	GSE163558_GSM5004187_P1_d6d66e9b95dd	GSE163558	Gastric cancer	epithelial_solid_default	3708	143	2802	success	skipped_insufficient_cells	Copykat_python: candidate/reference below method threshold
GSE163558|GSM5004188_Li1	GSE163558_GSM5004188_Li1_8d025f9e1471	GSE163558	Gastric cancer	epithelial_solid_default	1179	4	881	skipped_insufficient_cells	skipped_insufficient_cells	inferCNVpy: candidate/reference below method threshold; Copykat_python: candidate/reference below method threshold
GSE163558|GSM5004189_Li2	GSE163558_GSM5004189_Li2_2fefcafdc7a0	GSE163558	Gastric cancer	epithelial_solid_default	9579	17	7786	skipped_insufficient_cells	skipped_insufficient_cells	inferCNVpy: candidate/reference below method threshold; Copykat_python: candidate/reference below method threshold
GSE183904|GSE183904__GSM5573467_sample2	GSE183904_GSE183904__GSM5573467_sample2_5d4b99692696	GSE183904	Gastric cancer	epithelial_solid_default	1794	122	1476	success	skipped_insufficient_cells	Copykat_python: candidate/reference below method threshold
GSE183904|GSE183904__GSM5573468_sample3	GSE183904_GSE183904__GSM5573468_sample3_3fec41da5626	GSE183904	Gastric cancer	epithelial_solid_default	2073	170	1252	success	skipped_insufficient_cells	Copykat_python: candidate/reference below method threshold
GSE183904|GSE183904__GSM5573471_sample6	GSE183904_GSE183904__GSM5573471_sample6_843214a70d4a	GSE183904	Gastric cancer	epithelial_solid_default	1221	187	814	success	skipped_insufficient_cells	Copykat_python: candidate/reference below method threshold
GSE183904|GSE183904__GSM5573473_sample8	GSE183904_GSE183904__GSM5573473_sample8_87435bf70f1b	GSE183904	Gastric cancer	epithelial_solid_default	4860	163	3635	success	skipped_insufficient_cells	Copykat_python: candidate/reference below method threshold
GSE183904|GSE183904__GSM5573475_sample10	GSE183904_GSE183904__GSM5573475_sample10_df2420637cb1	GSE183904	Gastric cancer	epithelial_solid_default	1528	154	1177	success	skipped_insufficient_cells	Copykat_python: candidate/reference below method threshold
GSE183904|GSE183904__GSM5573476_sample11	GSE183904_GSE183904__GSM5573476_sample11_989703b13b67	GSE183904	Gastric cancer	epithelial_solid_default	693	23	412	skipped_insufficient_cells	skipped_insufficient_cells	inferCNVpy: candidate/reference below method threshold; Copykat_python: candidate/reference below method threshold
GSE183904|GSE183904__GSM5573477_sample12	GSE183904_GSE183904__GSM5573477_sample12_13711b3df76a	GSE183904	Gastric cancer	epithelial_solid_default	437	21	282	skipped_insufficient_cells	skipped_insufficient_cells	inferCNVpy: candidate/reference below method threshold; Copykat_python: candidate/reference below method threshold
GSE183904|GSE183904__GSM5573478_sample13	GSE183904_GSE183904__GSM5573478_sample13_3b8f7614f1d5	GSE183904	Gastric cancer	epithelial_solid_default	1197	114	755	success	skipped_insufficient_cells	Copykat_python: candidate/reference below method threshold
GSE183904|GSE183904__GSM5573481_sample16	GSE183904_GSE183904__GSM5573481_sample16_e7e548cb114d	GSE183904	Gastric cancer	epithelial_solid_default	1054	182	677	success	skipped_insufficient_cells	Copykat_python: candidate/reference below method threshold
GSE183904|GSE183904__GSM5573484_sample19	GSE183904_GSE183904__GSM5573484_sample19_bcdd9dcacc73	GSE183904	Gastric cancer	epithelial_solid_default	962	1	222	skipped_insufficient_cells	skipped_insufficient_cells	inferCNVpy: candidate/reference below method threshold; Copykat_python: candidate/reference below method threshold
GSE183904|GSE183904__GSM5573485_sample20	GSE183904_GSE183904__GSM5573485_sample20_aeddab6d2cb2	GSE183904	Gastric cancer	epithelial_solid_default	3221	30	2485	success	skipped_insufficient_cells	Copykat_python: candidate/reference below method threshold
GSE183904|GSE183904__GSM5573487_sample22	GSE183904_GSE183904__GSM5573487_sample22_85ed176c1861	GSE183904	Gastric cancer	epithelial_solid_default	327	4	240	skipped_insufficient_cells	skipped_insufficient_cells	inferCNVpy: candidate/reference below method threshold; Copykat_python: candidate/reference below method threshold
GSE183904|GSE183904__GSM5573491_sample26	GSE183904_GSE183904__GSM5573491_sample26_b5a896da1f42	GSE183904	Gastric cancer	epithelial_solid_default	1528	154	999	success	skipped_insufficient_cells	Copykat_python: candidate/reference below method threshold
GSE183904|GSE183904__GSM5573492_sample27	GSE183904_GSE183904__GSM5573492_sample27_b959f7bba763	GSE183904	Gastric cancer	epithelial_solid_default	3053	43	2209	success	skipped_insufficient_cells	Copykat_python: candidate/reference below method threshold
GSE183904|GSE183904__GSM5573495_sample30	GSE183904_GSE183904__GSM5573495_sample30_d4363717ee11	GSE183904	Gastric cancer	epithelial_solid_default	2136	114	1712	success	skipped_insufficient_cells	Copykat_python: candidate/reference below method threshold
GSE183904|GSE183904__GSM5573501_sample36	GSE183904_GSE183904__GSM5573501_sample36_20623e76d19d	GSE183904	Gastric cancer	epithelial_solid_default	1865	173	1433	success	skipped_insufficient_cells	Copykat_python: candidate/reference below method threshold
GSE183904|GSE183904__GSM5573502_sample37	GSE183904_GSE183904__GSM5573502_sample37_e7338ff58eb6	GSE183904	Gastric cancer	epithelial_solid_default	155	3	60	skipped_insufficient_cells	skipped_insufficient_cells	inferCNVpy: candidate/reference below method threshold; Copykat_python: candidate/reference below method threshold
GSE183904|GSE183904__GSM5573503_sample38	GSE183904_GSE183904__GSM5573503_sample38_61456d3a2218	GSE183904	Gastric cancer	epithelial_solid_default	1413	170	616	success	skipped_insufficient_cells	Copykat_python: candidate/reference below method threshold
GSE183904|GSE183904__GSM5573505_sample40	GSE183904_GSE183904__GSM5573505_sample40_4d634c4fdebe	GSE183904	Gastric cancer	epithelial_solid_default	3561	54	1956	success	skipped_insufficient_cells	Copykat_python: candidate/reference below method threshold
GSE201347| G43N	GSE201347_G43N_2afc7cd3a388	GSE201347	Gastric cancer	epithelial_solid_default	3735	149	3234	success	skipped_insufficient_cells	Copykat_python: candidate/reference below method threshold
GSE201347| G43T	GSE201347_G43T_152c2b7740ff	GSE201347	Gastric cancer	epithelial_solid_default	5292	64	4662	success	skipped_insufficient_cells	Copykat_python: candidate/reference below method threshold
GSE201347| G45T	GSE201347_G45T_22406706bd8a	GSE201347	Gastric cancer	epithelial_solid_default	3588	113	2783	success	skipped_insufficient_cells	Copykat_python: candidate/reference below method threshold
GSE201347| G47T	GSE201347_G47T_d6438bcb9382	GSE201347	Gastric cancer	epithelial_solid_default	3353	164	2772	success	skipped_insufficient_cells	Copykat_python: candidate/reference below method threshold
GSE201347| G49N	GSE201347_G49N_cfd3d22f7855	GSE201347	Gastric cancer	epithelial_solid_default	7543	69	6769	success	skipped_insufficient_cells	Copykat_python: candidate/reference below method threshold
GSE201347| G50N	GSE201347_G50N_60a46187826f	GSE201347	Gastric cancer	epithelial_solid_default	3741	186	3116	success	skipped_insufficient_cells	Copykat_python: candidate/reference below method threshold
GSE201347| G51T	GSE201347_G51T_02302c46da9f	GSE201347	Gastric cancer	epithelial_solid_default	5177	55	3784	success	skipped_insufficient_cells	Copykat_python: candidate/reference below method threshold
GSE201347| G52N	GSE201347_G52N_97d841a43c27	GSE201347	Gastric cancer	epithelial_solid_default	5704	100	5267	success	skipped_insufficient_cells	Copykat_python: candidate/reference below method threshold
GSE201347|G40N	GSE201347_G40N_7ecf161138ad	GSE201347	Gastric cancer	epithelial_solid_default	4536	20	4093	skipped_insufficient_cells	skipped_insufficient_cells	inferCNVpy: candidate/reference below method threshold; Copykat_python: candidate/reference below method threshold
GSE201347|G40T	GSE201347_G40T_eb566a7772a7	GSE201347	Gastric cancer	epithelial_solid_default	5167	51	4358	success	skipped_insufficient_cells	Copykat_python: candidate/reference below method threshold
GSE201347|G41T	GSE201347_G41T_25ab5456fed2	GSE201347	Gastric cancer	epithelial_solid_default	2635	193	2137	success	skipped_insufficient_cells	Copykat_python: candidate/reference below method threshold
GSE201347|G42T	GSE201347_G42T_23035982c617	GSE201347	Gastric cancer	epithelial_solid_default	4365	44	2633	success	skipped_insufficient_cells	Copykat_python: candidate/reference below method threshold
GSE270680|GSM8349950_D01P	GSE270680_GSM8349950_D01P_c8cab28399d6	GSE270680	Gastric cancer	epithelial_solid_default	8512	0	7224	skipped_insufficient_cells	skipped_insufficient_cells	inferCNVpy: candidate/reference below method threshold; Copykat_python: candidate/reference below method threshold
GSE270680|GSM8349951_D02T	GSE270680_GSM8349951_D02T_61cb78302b70	GSE270680	Gastric cancer	epithelial_solid_default	7042	56	4355	success	skipped_insufficient_cells	Copykat_python: candidate/reference below method threshold
GSE270680|GSM8349952_D02N	GSE270680_GSM8349952_D02N_aa67160af2e4	GSE270680	Gastric cancer	epithelial_solid_default	4730	1	3329	skipped_insufficient_cells	skipped_insufficient_cells	inferCNVpy: candidate/reference below method threshold; Copykat_python: candidate/reference below method threshold
GSE270680|GSM8349953_D02L	GSE270680_GSM8349953_D02L_5f0c4846fcb6	GSE270680	Gastric cancer	epithelial_solid_default	11098	0	9785	skipped_insufficient_cells	skipped_insufficient_cells	inferCNVpy: candidate/reference below method threshold; Copykat_python: candidate/reference below method threshold
GSE270680|GSM8349954_D02P	GSE270680_GSM8349954_D02P_3b1b484ce96d	GSE270680	Gastric cancer	epithelial_solid_default	9633	0	8330	skipped_insufficient_cells	skipped_insufficient_cells	inferCNVpy: candidate/reference below method threshold; Copykat_python: candidate/reference below method threshold
GSE270680|GSM8349955_D03T	GSE270680_GSM8349955_D03T_5eb4925c05d1	GSE270680	Gastric cancer	epithelial_solid_default	3973	176	3182	success	skipped_insufficient_cells	Copykat_python: candidate/reference below method threshold
GSE270680|GSM8349957_D03L	GSE270680_GSM8349957_D03L_2e111db94d04	GSE270680	Gastric cancer	epithelial_solid_default	7865	2	6756	skipped_insufficient_cells	skipped_insufficient_cells	inferCNVpy: candidate/reference below method threshold; Copykat_python: candidate/reference below method threshold
GSE270680|GSM8349958_D04T	GSE270680_GSM8349958_D04T_d228ac8a83e0	GSE270680	Gastric cancer	epithelial_solid_default	5874	38	4598	success	skipped_insufficient_cells	Copykat_python: candidate/reference below method threshold
GSE270680|GSM8349959_D04N	GSE270680_GSM8349959_D04N_ca1efccf583d	GSE270680	Gastric cancer	epithelial_solid_default	5539	9	4875	skipped_insufficient_cells	skipped_insufficient_cells	inferCNVpy: candidate/reference below method threshold; Copykat_python: candidate/reference below method threshold
GSE270680|GSM8349960_D04L	GSE270680_GSM8349960_D04L_5c527c992a5d	GSE270680	Gastric cancer	epithelial_solid_default	8396	0	7632	skipped_insufficient_cells	skipped_insufficient_cells	inferCNVpy: candidate/reference below method threshold; Copykat_python: candidate/reference below method threshold
GSE270680|GSM8349961_D04P	GSE270680_GSM8349961_D04P_bd79a63438ba	GSE270680	Gastric cancer	epithelial_solid_default	6512	4	5290	skipped_insufficient_cells	skipped_insufficient_cells	inferCNVpy: candidate/reference below method threshold; Copykat_python: candidate/reference below method threshold
GSE270680|GSM8349962_D05T	GSE270680_GSM8349962_D05T_5ac245e9276b	GSE270680	Gastric cancer	epithelial_solid_default	6926	11	4169	skipped_insufficient_cells	skipped_insufficient_cells	inferCNVpy: candidate/reference below method threshold; Copykat_python: candidate/reference below method threshold
GSE270680|GSM8349963_D05N	GSE270680_GSM8349963_D05N_cab0a93adafd	GSE270680	Gastric cancer	epithelial_solid_default	6286	4	4899	skipped_insufficient_cells	skipped_insufficient_cells	inferCNVpy: candidate/reference below method threshold; Copykat_python: candidate/reference below method threshold
GSE270680|GSM8349964_D05L	GSE270680_GSM8349964_D05L_4b6b0c1ad19d	GSE270680	Gastric cancer	epithelial_solid_default	10049	1	8861	skipped_insufficient_cells	skipped_insufficient_cells	inferCNVpy: candidate/reference below method threshold; Copykat_python: candidate/reference below method threshold
GSE270680|GSM8349965_D05P	GSE270680_GSM8349965_D05P_5e6841000296	GSE270680	Gastric cancer	epithelial_solid_default	10737	0	9226	skipped_insufficient_cells	skipped_insufficient_cells	inferCNVpy: candidate/reference below method threshold; Copykat_python: candidate/reference below method threshold
GSE270680|GSM8349966_D06T	GSE270680_GSM8349966_D06T_f9832d933050	GSE270680	Gastric cancer	epithelial_solid_default	4239	116	2911	success	skipped_insufficient_cells	Copykat_python: candidate/reference below method threshold
GSE270680|GSM8349967_D06N	GSE270680_GSM8349967_D06N_dcb1d403c661	GSE270680	Gastric cancer	epithelial_solid_default	6423	25	5112	skipped_insufficient_cells	skipped_insufficient_cells	inferCNVpy: candidate/reference below method threshold; Copykat_python: candidate/reference below method threshold
GSE270680|GSM8349968_D06L	GSE270680_GSM8349968_D06L_3fee05072397	GSE270680	Gastric cancer	epithelial_solid_default	9596	0	8561	skipped_insufficient_cells	skipped_insufficient_cells	inferCNVpy: candidate/reference below method threshold; Copykat_python: candidate/reference below method threshold
GSE270680|GSM8349969_D06P	GSE270680_GSM8349969_D06P_6be1fa2741b6	GSE270680	Gastric cancer	epithelial_solid_default	13433	0	11525	skipped_insufficient_cells	skipped_insufficient_cells	inferCNVpy: candidate/reference below method threshold; Copykat_python: candidate/reference below method threshold
GSE270680|GSM8349970_D07T	GSE270680_GSM8349970_D07T_0a4c3ff6d790	GSE270680	Gastric cancer	epithelial_solid_default	5135	50	3966	success	skipped_insufficient_cells	Copykat_python: candidate/reference below method threshold
GSE270680|GSM8349971_D07N	GSE270680_GSM8349971_D07N_1e1244357668	GSE270680	Gastric cancer	epithelial_solid_default	3994	93	2769	success	skipped_insufficient_cells	Copykat_python: candidate/reference below method threshold
GSE270680|GSM8349972_D07L	GSE270680_GSM8349972_D07L_ce53351fc681	GSE270680	Gastric cancer	epithelial_solid_default	5021	5	4328	skipped_insufficient_cells	skipped_insufficient_cells	inferCNVpy: candidate/reference below method threshold; Copykat_python: candidate/reference below method threshold
GSE270680|GSM8349973_D07P	GSE270680_GSM8349973_D07P_8ee733f0ede0	GSE270680	Gastric cancer	epithelial_solid_default	3127	0	2493	skipped_insufficient_cells	skipped_insufficient_cells	inferCNVpy: candidate/reference below method threshold; Copykat_python: candidate/reference below method threshold
GSE270680|GSM8349974_D08T	GSE270680_GSM8349974_D08T_975ba18c35c5	GSE270680	Gastric cancer	epithelial_solid_default	6388	24	5602	skipped_insufficient_cells	skipped_insufficient_cells	inferCNVpy: candidate/reference below method threshold; Copykat_python: candidate/reference below method threshold
GSE270680|GSM8349975_D08N	GSE270680_GSM8349975_D08N_ebbfe398c49e	GSE270680	Gastric cancer	epithelial_solid_default	6407	18	5522	skipped_insufficient_cells	skipped_insufficient_cells	inferCNVpy: candidate/reference below method threshold; Copykat_python: candidate/reference below method threshold
GSE270680|GSM8349976_D08L	GSE270680_GSM8349976_D08L_fed7c98042b2	GSE270680	Gastric cancer	epithelial_solid_default	7334	0	6162	skipped_insufficient_cells	skipped_insufficient_cells	inferCNVpy: candidate/reference below method threshold; Copykat_python: candidate/reference below method threshold
GSE270680|GSM8349977_D08P	GSE270680_GSM8349977_D08P_e229a69fac3e	GSE270680	Gastric cancer	epithelial_solid_default	6363	0	5397	skipped_insufficient_cells	skipped_insufficient_cells	inferCNVpy: candidate/reference below method threshold; Copykat_python: candidate/reference below method threshold
GSE270680|GSM8349978_D09T	GSE270680_GSM8349978_D09T_c3a5fa0b5909	GSE270680	Gastric cancer	epithelial_solid_default	7157	20	6244	skipped_insufficient_cells	skipped_insufficient_cells	inferCNVpy: candidate/reference below method threshold; Copykat_python: candidate/reference below method threshold
GSE270680|GSM8349979_D09N	GSE270680_GSM8349979_D09N_85f0902dbed1	GSE270680	Gastric cancer	epithelial_solid_default	5446	48	4585	success	skipped_insufficient_cells	Copykat_python: candidate/reference below method threshold
GSE270680|GSM8349980_D09L	GSE270680_GSM8349980_D09L_230f2ab88a1b	GSE270680	Gastric cancer	epithelial_solid_default	6997	3	5997	skipped_insufficient_cells	skipped_insufficient_cells	inferCNVpy: candidate/reference below method threshold; Copykat_python: candidate/reference below method threshold
GSE270680|GSM8349981_D09P	GSE270680_GSM8349981_D09P_a8756d3675fc	GSE270680	Gastric cancer	epithelial_solid_default	7534	0	4241	skipped_insufficient_cells	skipped_insufficient_cells	inferCNVpy: candidate/reference below method threshold; Copykat_python: candidate/reference below method threshold
GSE270680|GSM8349982_D10T	GSE270680_GSM8349982_D10T_3148107d2198	GSE270680	Gastric cancer	epithelial_solid_default	7020	52	5304	success	skipped_insufficient_cells	Copykat_python: candidate/reference below method threshold
GSE270680|GSM8349983_D10N	GSE270680_GSM8349983_D10N_4d188146b132	GSE270680	Gastric cancer	epithelial_solid_default	2045	10	1505	skipped_insufficient_cells	skipped_insufficient_cells	inferCNVpy: candidate/reference below method threshold; Copykat_python: candidate/reference below method threshold
GSE270680|GSM8349984_D10L	GSE270680_GSM8349984_D10L_f7f37ae6597f	GSE270680	Gastric cancer	epithelial_solid_default	9418	1	8529	skipped_insufficient_cells	skipped_insufficient_cells	inferCNVpy: candidate/reference below method threshold; Copykat_python: candidate/reference below method threshold
GSE270680|GSM8349985_D10P	GSE270680_GSM8349985_D10P_b265cddb5516	GSE270680	Gastric cancer	epithelial_solid_default	7268	0	6025	skipped_insufficient_cells	skipped_insufficient_cells	inferCNVpy: candidate/reference below method threshold; Copykat_python: candidate/reference below method threshold
GSE270680|GSM8349987_D11N	GSE270680_GSM8349987_D11N_6cb7d04b2bee	GSE270680	Gastric cancer	epithelial_solid_default	8300	0	1589	skipped_insufficient_cells	skipped_insufficient_cells	inferCNVpy: candidate/reference below method threshold; Copykat_python: candidate/reference below method threshold
GSE270680|GSM8349988_D11P	GSE270680_GSM8349988_D11P_d0bff6110361	GSE270680	Gastric cancer	epithelial_solid_default	5862	0	4617	skipped_insufficient_cells	skipped_insufficient_cells	inferCNVpy: candidate/reference below method threshold; Copykat_python: candidate/reference below method threshold
GSE270680|GSM8349989_D12T	GSE270680_GSM8349989_D12T_fdaae7ea2619	GSE270680	Gastric cancer	epithelial_solid_default	4778	93	3859	success	skipped_insufficient_cells	Copykat_python: candidate/reference below method threshold
GSE270680|GSM8349991_D12L	GSE270680_GSM8349991_D12L_cf4105a01a5d	GSE270680	Gastric cancer	epithelial_solid_default	4281	0	3262	skipped_insufficient_cells	skipped_insufficient_cells	inferCNVpy: candidate/reference below method threshold; Copykat_python: candidate/reference below method threshold
GSE270680|GSM8349992_D15T	GSE270680_GSM8349992_D15T_2e8fd57f8dfb	GSE270680	Gastric cancer	epithelial_solid_default	7759	15	6439	skipped_insufficient_cells	skipped_insufficient_cells	inferCNVpy: candidate/reference below method threshold; Copykat_python: candidate/reference below method threshold
GSE270680|GSM8349993_D16N	GSE270680_GSM8349993_D16N_b298fc8a1060	GSE270680	Gastric cancer	epithelial_solid_default	9037	29	6112	skipped_insufficient_cells	skipped_insufficient_cells	inferCNVpy: candidate/reference below method threshold; Copykat_python: candidate/reference below method threshold
GSE270680|GSM8349994_D16L	GSE270680_GSM8349994_D16L_63de3e5d89ce	GSE270680	Gastric cancer	epithelial_solid_default	9367	0	6810	skipped_insufficient_cells	skipped_insufficient_cells	inferCNVpy: candidate/reference below method threshold; Copykat_python: candidate/reference below method threshold
GSE270680|GSM8349995_D16P	GSE270680_GSM8349995_D16P_15c491f30222	GSE270680	Gastric cancer	epithelial_solid_default	9508	0	6414	skipped_insufficient_cells	skipped_insufficient_cells	inferCNVpy: candidate/reference below method threshold; Copykat_python: candidate/reference below method threshold
GSE270680|GSM8349996_D17T	GSE270680_GSM8349996_D17T_2d078e8a3f5e	GSE270680	Gastric cancer	epithelial_solid_default	10337	0	9269	skipped_insufficient_cells	skipped_insufficient_cells	inferCNVpy: candidate/reference below method threshold; Copykat_python: candidate/reference below method threshold
GSE270680|GSM8349997_D17N	GSE270680_GSM8349997_D17N_4a47fabe34eb	GSE270680	Gastric cancer	epithelial_solid_default	8659	36	7428	success	skipped_insufficient_cells	Copykat_python: candidate/reference below method threshold
GSE270680|GSM8349998_D18T	GSE270680_GSM8349998_D18T_3ab778eac2d6	GSE270680	Gastric cancer	epithelial_solid_default	1746	74	1335	success	skipped_insufficient_cells	Copykat_python: candidate/reference below method threshold
GSE270680|GSM8349999_D18L	GSE270680_GSM8349999_D18L_4e10405c04df	GSE270680	Gastric cancer	epithelial_solid_default	9058	0	7873	skipped_insufficient_cells	skipped_insufficient_cells	inferCNVpy: candidate/reference below method threshold; Copykat_python: candidate/reference below method threshold
GSE270680|GSM8350000_D18P	GSE270680_GSM8350000_D18P_1f53ba8fd73f	GSE270680	Gastric cancer	epithelial_solid_default	11938	0	8155	skipped_insufficient_cells	skipped_insufficient_cells	inferCNVpy: candidate/reference below method threshold; Copykat_python: candidate/reference below method threshold
GSE270680|GSM8350001_D19T	GSE270680_GSM8350001_D19T_c522fff76134	GSE270680	Gastric cancer	epithelial_solid_default	1575	8	1235	skipped_insufficient_cells	skipped_insufficient_cells	inferCNVpy: candidate/reference below method threshold; Copykat_python: candidate/reference below method threshold
GSE270680|GSM8350002_D19N	GSE270680_GSM8350002_D19N_55892f2c78c8	GSE270680	Gastric cancer	epithelial_solid_default	10982	37	7679	success	skipped_insufficient_cells	Copykat_python: candidate/reference below method threshold
GSE270680|GSM8350003_D19L	GSE270680_GSM8350003_D19L_ca3bc43ac031	GSE270680	Gastric cancer	epithelial_solid_default	7263	1	5638	skipped_insufficient_cells	skipped_insufficient_cells	inferCNVpy: candidate/reference below method threshold; Copykat_python: candidate/reference below method threshold
GSE270680|GSM8350004_D19P	GSE270680_GSM8350004_D19P_a578f78ebdea	GSE270680	Gastric cancer	epithelial_solid_default	7981	0	6146	skipped_insufficient_cells	skipped_insufficient_cells	inferCNVpy: candidate/reference below method threshold; Copykat_python: candidate/reference below method threshold
GSE270680|GSM8350005_D20T	GSE270680_GSM8350005_D20T_a51ce5f01c78	GSE270680	Gastric cancer	epithelial_solid_default	7131	73	5507	success	skipped_insufficient_cells	Copykat_python: candidate/reference below method threshold
GSE270680|GSM8350006_D20N	GSE270680_GSM8350006_D20N_2626c6405392	GSE270680	Gastric cancer	epithelial_solid_default	8641	48	6443	success	skipped_insufficient_cells	Copykat_python: candidate/reference below method threshold
GSE270680|GSM8350007_D21T	GSE270680_GSM8350007_D21T_f56e08876daa	GSE270680	Gastric cancer	epithelial_solid_default	6689	131	5254	success	skipped_insufficient_cells	Copykat_python: candidate/reference below method threshold
GSE270680|GSM8350008_D22T	GSE270680_GSM8350008_D22T_6dc8cd17ff8d	GSE270680	Gastric cancer	epithelial_solid_default	5247	68	3528	success	skipped_insufficient_cells	Copykat_python: candidate/reference below method threshold
GSE270680|GSM8350009_D22N	GSE270680_GSM8350009_D22N_32324c45b3fb	GSE270680	Gastric cancer	epithelial_solid_default	5968	16	4990	skipped_insufficient_cells	skipped_insufficient_cells	inferCNVpy: candidate/reference below method threshold; Copykat_python: candidate/reference below method threshold
GSE270680|GSM8350010_D23T	GSE270680_GSM8350010_D23T_224493f2d1b7	GSE270680	Gastric cancer	epithelial_solid_default	9596	111	7752	success	skipped_insufficient_cells	Copykat_python: candidate/reference below method threshold
GSE270680|GSM8350011_D23N	GSE270680_GSM8350011_D23N_a81121358799	GSE270680	Gastric cancer	epithelial_solid_default	9527	14	8493	skipped_insufficient_cells	skipped_insufficient_cells	inferCNVpy: candidate/reference below method threshold; Copykat_python: candidate/reference below method threshold
GSE270680|GSM8350013_D24N	GSE270680_GSM8350013_D24N_efdf732b8c2a	GSE270680	Gastric cancer	epithelial_solid_default	9860	91	5798	success	skipped_insufficient_cells	Copykat_python: candidate/reference below method threshold
GSE270680|GSM8350014_D24L	GSE270680_GSM8350014_D24L_91a8c086ba59	GSE270680	Gastric cancer	epithelial_solid_default	7396	0	5231	skipped_insufficient_cells	skipped_insufficient_cells	inferCNVpy: candidate/reference below method threshold; Copykat_python: candidate/reference below method threshold
GSE270680|GSM8350015_D24P	GSE270680_GSM8350015_D24P_8df28a81a2f5	GSE270680	Gastric cancer	epithelial_solid_default	9816	0	7014	skipped_insufficient_cells	skipped_insufficient_cells	inferCNVpy: candidate/reference below method threshold; Copykat_python: candidate/reference below method threshold
GSE270680|GSM8350016_D25T	GSE270680_GSM8350016_D25T_d03ccf9ec954	GSE270680	Gastric cancer	epithelial_solid_default	5853	4	4933	skipped_insufficient_cells	skipped_insufficient_cells	inferCNVpy: candidate/reference below method threshold; Copykat_python: candidate/reference below method threshold
GSE270680|GSM8350017_D25N	GSE270680_GSM8350017_D25N_9035c4e1e125	GSE270680	Gastric cancer	epithelial_solid_default	5191	117	4495	success	skipped_insufficient_cells	Copykat_python: candidate/reference below method threshold
GSE270680|GSM8350018_D26T	GSE270680_GSM8350018_D26T_3303c60c74a6	GSE270680	Gastric cancer	epithelial_solid_default	13134	2	11801	skipped_insufficient_cells	skipped_insufficient_cells	inferCNVpy: candidate/reference below method threshold; Copykat_python: candidate/reference below method threshold
GSE270680|GSM8350021_D27L	GSE270680_GSM8350021_D27L_c54ce12c3767	GSE270680	Gastric cancer	epithelial_solid_default	8014	0	6939	skipped_insufficient_cells	skipped_insufficient_cells	inferCNVpy: candidate/reference below method threshold; Copykat_python: candidate/reference below method threshold
GSE270680|GSM8350022_D28T	GSE270680_GSM8350022_D28T_2e9ae0aa845e	GSE270680	Gastric cancer	epithelial_solid_default	12457	35	11175	success	skipped_insufficient_cells	Copykat_python: candidate/reference below method threshold
GSE270680|GSM8350023_D28N	GSE270680_GSM8350023_D28N_c6b04523d747	GSE270680	Gastric cancer	epithelial_solid_default	10522	20	8505	skipped_insufficient_cells	skipped_insufficient_cells	inferCNVpy: candidate/reference below method threshold; Copykat_python: candidate/reference below method threshold
GSE270680|GSM8350024_D30T	GSE270680_GSM8350024_D30T_8117539bfd91	GSE270680	Gastric cancer	epithelial_solid_default	7144	3	6527	skipped_insufficient_cells	skipped_insufficient_cells	inferCNVpy: candidate/reference below method threshold; Copykat_python: candidate/reference below method threshold
GSE270680|GSM8350025_D30N	GSE270680_GSM8350025_D30N_844b26fd8166	GSE270680	Gastric cancer	epithelial_solid_default	7854	38	6831	success	skipped_insufficient_cells	Copykat_python: candidate/reference below method threshold
GSE290925|GSM8825756_SMY0	GSE290925_GSM8825756_SMY0_9801e8864452	GSE290925	HCC	epithelial_solid_default	11724	18	9593	skipped_insufficient_cells	skipped_insufficient_cells	inferCNVpy: candidate/reference below method threshold; Copykat_python: candidate/reference below method threshold
GSE290925|GSM8825757_WYB	GSE290925_GSM8825757_WYB_a2fcabe23a7b	GSE290925	HCC	epithelial_solid_default	10651	169	8005	success	skipped_insufficient_cells	Copykat_python: candidate/reference below method threshold
GSE290925|GSM8825761_ZHLSH0	GSE290925_GSM8825761_ZHLSH0_0f9d9603afc6	GSE290925	HCC	epithelial_solid_default	9408	107	7075	success	skipped_insufficient_cells	Copykat_python: candidate/reference below method threshold
GSE299340|GSE299340__GSM9037556_291	GSE299340_GSE299340__GSM9037556_291_9c3266291f86	GSE299340	HCC	epithelial_solid_default	5525	4	3746	skipped_insufficient_cells	skipped_insufficient_cells	inferCNVpy: candidate/reference below method threshold; Copykat_python: candidate/reference below method threshold
GSE299340|GSE299340__GSM9037557_292	GSE299340_GSE299340__GSM9037557_292_f14463e0ab0c	GSE299340	HCC	epithelial_solid_default	4459	10	3712	skipped_insufficient_cells	skipped_insufficient_cells	inferCNVpy: candidate/reference below method threshold; Copykat_python: candidate/reference below method threshold
GSE299340|GSE299340__GSM9037559_294	GSE299340_GSE299340__GSM9037559_294_7a850bae5326	GSE299340	HCC	epithelial_solid_default	5429	8	4877	skipped_insufficient_cells	skipped_insufficient_cells	inferCNVpy: candidate/reference below method threshold; Copykat_python: candidate/reference below method threshold
GSE299340|GSE299340__GSM9037560_295	GSE299340_GSE299340__GSM9037560_295_1b821559e0a6	GSE299340	HCC	epithelial_solid_default	4805	55	2903	success	skipped_insufficient_cells	Copykat_python: candidate/reference below method threshold
GSE299340|GSE299340__GSM9037561_296	GSE299340_GSE299340__GSM9037561_296_d47923ba0403	GSE299340	HCC	epithelial_solid_default	6843	24	5831	skipped_insufficient_cells	skipped_insufficient_cells	inferCNVpy: candidate/reference below method threshold; Copykat_python: candidate/reference below method threshold
GSE299340|GSE299340__GSM9037563_298	GSE299340_GSE299340__GSM9037563_298_d2a3095abd0d	GSE299340	HCC	epithelial_solid_default	5441	16	4827	skipped_insufficient_cells	skipped_insufficient_cells	inferCNVpy: candidate/reference below method threshold; Copykat_python: candidate/reference below method threshold
GSE299340|GSE299340__GSM9037564_299	GSE299340_GSE299340__GSM9037564_299_cdc2de43adf6	GSE299340	HCC	epithelial_solid_default	6038	12	5747	skipped_insufficient_cells	skipped_insufficient_cells	inferCNVpy: candidate/reference below method threshold; Copykat_python: candidate/reference below method threshold
GSE299340|GSE299340__GSM9037565_300	GSE299340_GSE299340__GSM9037565_300_7062201cfecc	GSE299340	HCC	epithelial_solid_default	5795	5	5432	skipped_insufficient_cells	skipped_insufficient_cells	inferCNVpy: candidate/reference below method threshold; Copykat_python: candidate/reference below method threshold
GSE188737|1	GSE188737_1_5f4389aea02c	GSE188737	Head and neck squamous cell carcinoma	epithelial_solid_default	410	7	201	skipped_insufficient_cells	skipped_insufficient_cells	inferCNVpy: candidate/reference below method threshold; Copykat_python: candidate/reference below method threshold
GSE188737|2	GSE188737_2_4be0cdc5e706	GSE188737	Head and neck squamous cell carcinoma	epithelial_solid_default	193	0	75	skipped_insufficient_cells	skipped_insufficient_cells	inferCNVpy: candidate/reference below method threshold; Copykat_python: candidate/reference below method threshold
GSE188737|3	GSE188737_3_751031024a4f	GSE188737	Head and neck squamous cell carcinoma	epithelial_solid_default	375	86	101	success	skipped_insufficient_cells	Copykat_python: candidate/reference below method threshold
GSE188737|4	GSE188737_4_a6a1e8ae077f	GSE188737	Head and neck squamous cell carcinoma	epithelial_solid_default	1220	95	733	success	skipped_insufficient_cells	Copykat_python: candidate/reference below method threshold
GSE188737|5	GSE188737_5_1d0863ce550a	GSE188737	Head and neck squamous cell carcinoma	epithelial_solid_default	3514	168	1051	success	skipped_insufficient_cells	Copykat_python: candidate/reference below method threshold
GSE188737|6	GSE188737_6_ea44a9b727b9	GSE188737	Head and neck squamous cell carcinoma	epithelial_solid_default	3896	3	2623	skipped_insufficient_cells	skipped_insufficient_cells	inferCNVpy: candidate/reference below method threshold; Copykat_python: candidate/reference below method threshold
GSE188737|7	GSE188737_7_228e303f4c98	GSE188737	Head and neck squamous cell carcinoma	epithelial_solid_default	2658	163	725	success	skipped_insufficient_cells	Copykat_python: candidate/reference below method threshold
GSE188737|8	GSE188737_8_ba2631db997c	GSE188737	Head and neck squamous cell carcinoma	epithelial_solid_default	2715	153	1599	success	skipped_insufficient_cells	Copykat_python: candidate/reference below method threshold
GSE184880|GSE184880__GSM5599220_Norm1	GSE184880_GSE184880__GSM5599220_Norm1_eafdbf9b875b	GSE184880	High-grade serous ovarian cancer	epithelial_solid_default	4800	1	547	skipped_insufficient_cells	skipped_insufficient_cells	inferCNVpy: candidate/reference below method threshold; Copykat_python: candidate/reference below method threshold
GSE184880|GSE184880__GSM5599221_Norm2	GSE184880_GSE184880__GSM5599221_Norm2_509334b012d4	GSE184880	High-grade serous ovarian cancer	epithelial_solid_default	3853	0	101	skipped_insufficient_cells	skipped_insufficient_cells	inferCNVpy: candidate/reference below method threshold; Copykat_python: candidate/reference below method threshold
GSE184880|GSE184880__GSM5599222_Norm3	GSE184880_GSE184880__GSM5599222_Norm3_b1e7313c667f	GSE184880	High-grade serous ovarian cancer	epithelial_solid_default	3358	163	1354	success	skipped_insufficient_cells	Copykat_python: candidate/reference below method threshold
GSE184880|GSE184880__GSM5599223_Norm4	GSE184880_GSE184880__GSM5599223_Norm4_4a2a4e05a1ca	GSE184880	High-grade serous ovarian cancer	epithelial_solid_default	4797	2	86	skipped_insufficient_cells	skipped_insufficient_cells	inferCNVpy: candidate/reference below method threshold; Copykat_python: candidate/reference below method threshold
GSE184880|GSE184880__GSM5599224_Norm5	GSE184880_GSE184880__GSM5599224_Norm5_f36d6f14ff74	GSE184880	High-grade serous ovarian cancer	epithelial_solid_default	3148	39	1303	success	skipped_insufficient_cells	Copykat_python: candidate/reference below method threshold
GSE184880|GSE184880__GSM5599227_Cancer3	GSE184880_GSE184880__GSM5599227_Cancer3_3fb60f84e147	GSE184880	High-grade serous ovarian cancer	epithelial_solid_default	3167	193	2442	success	skipped_insufficient_cells	Copykat_python: candidate/reference below method threshold
GSE184880|GSE184880__GSM5599229_Cancer5	GSE184880_GSE184880__GSM5599229_Cancer5_18dba4219cfc	GSE184880	High-grade serous ovarian cancer	epithelial_solid_default	3669	91	2881	success	skipped_insufficient_cells	Copykat_python: candidate/reference below method threshold
GSE184880|GSE184880__GSM5599231_Cancer7	GSE184880_GSE184880__GSM5599231_Cancer7_044ed8596e95	GSE184880	High-grade serous ovarian cancer	epithelial_solid_default	2752	166	2147	success	skipped_insufficient_cells	Copykat_python: candidate/reference below method threshold
GSE253013|MRC002_NSCLC_1	GSE253013_MRC002_NSCLC_1_801988585fcf	GSE253013	INVASIVE ADENOCARCINOMA	epithelial_solid_default	1672	141	944	success	skipped_insufficient_cells	Copykat_python: candidate/reference below method threshold
GSE253013|MRC002_NSCLC_2	GSE253013_MRC002_NSCLC_2_fb2fa2c512f2	GSE253013	INVASIVE ADENOCARCINOMA	epithelial_solid_default	1741	140	1012	success	skipped_insufficient_cells	Copykat_python: candidate/reference below method threshold
GSE253013|MRC002_NSCLC_3	GSE253013_MRC002_NSCLC_3_c473a33a8313	GSE253013	INVASIVE ADENOCARCINOMA	epithelial_solid_default	1635	129	930	success	skipped_insufficient_cells	Copykat_python: candidate/reference below method threshold
GSE253013|US-10029427-1	GSE253013_US-10029427-1_6389e25852c4	GSE253013	INVASIVE ADENOCARCINOMA	epithelial_solid_default	3123	137	1877	success	skipped_insufficient_cells	Copykat_python: candidate/reference below method threshold
GSE253013|US-10029427-2	GSE253013_US-10029427-2_0a9c5d65856a	GSE253013	INVASIVE ADENOCARCINOMA	epithelial_solid_default	2863	111	1744	success	skipped_insufficient_cells	Copykat_python: candidate/reference below method threshold
GSE253013|US-10029427-3	GSE253013_US-10029427-3_e1bd3c181594	GSE253013	INVASIVE ADENOCARCINOMA	epithelial_solid_default	3006	125	1856	success	skipped_insufficient_cells	Copykat_python: candidate/reference below method threshold
GSE253013|US-10029428-1	GSE253013_US-10029428-1_62c0240ebc56	GSE253013	INVASIVE ADENOCARCINOMA	epithelial_solid_default	3707	9	3052	skipped_insufficient_cells	skipped_insufficient_cells	inferCNVpy: candidate/reference below method threshold; Copykat_python: candidate/reference below method threshold
GSE253013|US-10029428-2	GSE253013_US-10029428-2_8832899d704e	GSE253013	INVASIVE ADENOCARCINOMA	epithelial_solid_default	3795	18	3095	skipped_insufficient_cells	skipped_insufficient_cells	inferCNVpy: candidate/reference below method threshold; Copykat_python: candidate/reference below method threshold
GSE253013|US-10029428-3	GSE253013_US-10029428-3_c02d8eaa56a7	GSE253013	INVASIVE ADENOCARCINOMA	epithelial_solid_default	3711	11	3075	skipped_insufficient_cells	skipped_insufficient_cells	inferCNVpy: candidate/reference below method threshold; Copykat_python: candidate/reference below method threshold
GSE253013|US-10029429-1	GSE253013_US-10029429-1_f036417d3a89	GSE253013	INVASIVE ADENOCARCINOMA	epithelial_solid_default	2787	92	1424	success	skipped_insufficient_cells	Copykat_python: candidate/reference below method threshold
GSE253013|US-10029429-2	GSE253013_US-10029429-2_1ad1ddb1d093	GSE253013	INVASIVE ADENOCARCINOMA	epithelial_solid_default	3873	83	1942	success	skipped_insufficient_cells	Copykat_python: candidate/reference below method threshold
GSE253013|US-10029429-3	GSE253013_US-10029429-3_debd8a154cc0	GSE253013	INVASIVE ADENOCARCINOMA	epithelial_solid_default	2948	63	1549	success	skipped_insufficient_cells	Copykat_python: candidate/reference below method threshold
GSE253013|US-10029429-4	GSE253013_US-10029429-4_ab8dd6570120	GSE253013	INVASIVE ADENOCARCINOMA	epithelial_solid_default	3657	100	1828	success	skipped_insufficient_cells	Copykat_python: candidate/reference below method threshold
GSE253013|US-10029433-1	GSE253013_US-10029433-1_0003d961182c	GSE253013	INVASIVE ADENOCARCINOMA	epithelial_solid_default	4891	14	3579	skipped_insufficient_cells	skipped_insufficient_cells	inferCNVpy: candidate/reference below method threshold; Copykat_python: candidate/reference below method threshold
GSE253013|US-10029433-2	GSE253013_US-10029433-2_f79f8f4f7bb1	GSE253013	INVASIVE ADENOCARCINOMA	epithelial_solid_default	4651	13	3496	skipped_insufficient_cells	skipped_insufficient_cells	inferCNVpy: candidate/reference below method threshold; Copykat_python: candidate/reference below method threshold
GSE253013|US-10029433-3	GSE253013_US-10029433-3_55c544e28a11	GSE253013	INVASIVE ADENOCARCINOMA	epithelial_solid_default	4409	9	3318	skipped_insufficient_cells	skipped_insufficient_cells	inferCNVpy: candidate/reference below method threshold; Copykat_python: candidate/reference below method threshold
GSE253013|US-10029434-1	GSE253013_US-10029434-1_b7ea4c2f55b0	GSE253013	INVASIVE ADENOCARCINOMA	epithelial_solid_default	6754	3	6136	skipped_insufficient_cells	skipped_insufficient_cells	inferCNVpy: candidate/reference below method threshold; Copykat_python: candidate/reference below method threshold
GSE253013|US-10029434-2	GSE253013_US-10029434-2_b807375362d7	GSE253013	INVASIVE ADENOCARCINOMA	epithelial_solid_default	6051	1	5541	skipped_insufficient_cells	skipped_insufficient_cells	inferCNVpy: candidate/reference below method threshold; Copykat_python: candidate/reference below method threshold
GSE253013|US-10029434-3	GSE253013_US-10029434-3_0cedc4a239d6	GSE253013	INVASIVE ADENOCARCINOMA	epithelial_solid_default	6091	2	5592	skipped_insufficient_cells	skipped_insufficient_cells	inferCNVpy: candidate/reference below method threshold; Copykat_python: candidate/reference below method threshold
GSE253013|US-10029434-4	GSE253013_US-10029434-4_d891c57ae7bd	GSE253013	INVASIVE ADENOCARCINOMA	epithelial_solid_default	6061	0	5595	skipped_insufficient_cells	skipped_insufficient_cells	inferCNVpy: candidate/reference below method threshold; Copykat_python: candidate/reference below method threshold
GSE253013|MRC001_NAT_1	GSE253013_MRC001_NAT_1_faa2d57002fd	GSE253013	INVASIVE MUCINOUS CARCINOMA	epithelial_solid_default	1465	198	846	success	skipped_insufficient_cells	Copykat_python: candidate/reference below method threshold
GSE253013|MRC001_NAT_3	GSE253013_MRC001_NAT_3_1e72eed0309c	GSE253013	INVASIVE MUCINOUS CARCINOMA	epithelial_solid_default	1332	192	745	success	skipped_insufficient_cells	Copykat_python: candidate/reference below method threshold
GSE253013|MRC001_NSCLC_1	GSE253013_MRC001_NSCLC_1_a77fcebd8766	GSE253013	INVASIVE MUCINOUS CARCINOMA	epithelial_solid_default	1894	153	1156	success	skipped_insufficient_cells	Copykat_python: candidate/reference below method threshold
GSE253013|MRC001_NSCLC_2	GSE253013_MRC001_NSCLC_2_ad9d5ff68457	GSE253013	INVASIVE MUCINOUS CARCINOMA	epithelial_solid_default	1821	158	1121	success	skipped_insufficient_cells	Copykat_python: candidate/reference below method threshold
GSE253013|MRC001_NSCLC_3	GSE253013_MRC001_NSCLC_3_039ec0c259e0	GSE253013	INVASIVE MUCINOUS CARCINOMA	epithelial_solid_default	1842	153	1107	success	skipped_insufficient_cells	Copykat_python: candidate/reference below method threshold
GSE253013|MRC001_NSCLC_4	GSE253013_MRC001_NSCLC_4_c25b67292115	GSE253013	INVASIVE MUCINOUS CARCINOMA	epithelial_solid_default	1779	156	1062	success	skipped_insufficient_cells	Copykat_python: candidate/reference below method threshold
GSE138709|GSE138709__ICC_18_Adjacent	GSE138709_GSE138709__ICC_18_Adjacent_37b0f59e424a	GSE138709	Intrahepatic cholangiocarcinoma	epithelial_solid_default	9109	1	8339	skipped_insufficient_cells	skipped_insufficient_cells	inferCNVpy: candidate/reference below method threshold; Copykat_python: candidate/reference below method threshold
GSE138709|GSE138709__ICC_23_Adjacent	GSE138709_GSE138709__ICC_23_Adjacent_fe3b1bbd4858	GSE138709	Intrahepatic cholangiocarcinoma	epithelial_solid_default	3422	3	2638	skipped_insufficient_cells	skipped_insufficient_cells	inferCNVpy: candidate/reference below method threshold; Copykat_python: candidate/reference below method threshold
GSE138709|GSE138709__ICC_24_Tumor2	GSE138709_GSE138709__ICC_24_Tumor2_59d85d49ca0a	GSE138709	Intrahepatic cholangiocarcinoma	epithelial_solid_default	1594	66	768	success	skipped_insufficient_cells	Copykat_python: candidate/reference below method threshold
GSE188711|GSM5688708__LS-CRC3	GSE188711_GSM5688708__LS-CRC3_479b63b17c36	GSE188711	Left/right CRC	epithelial_solid_default	5149	88	3247	success	skipped_insufficient_cells	Copykat_python: candidate/reference below method threshold
GSE188711|GSM5688709__RS-CRC1	GSE188711_GSM5688709__RS-CRC1_3a25ea4ebb26	GSE188711	Left/right CRC	epithelial_solid_default	4916	95	3958	success	skipped_insufficient_cells	Copykat_python: candidate/reference below method threshold
GSE188711|GSM5688710__R_CRC3	GSE188711_GSM5688710__R_CRC3_92f66eb7d1ca	GSE188711	Left/right CRC	epithelial_solid_default	3442	90	2881	success	skipped_insufficient_cells	Copykat_python: candidate/reference below method threshold
GSE131907|BRONCHO_11	GSE131907_BRONCHO_11_666ffb76e2f2	GSE131907	Lung cancer	epithelial_solid_default	3053	181	2318	success	skipped_insufficient_cells	Copykat_python: candidate/reference below method threshold
GSE131907|EBUS_13	GSE131907_EBUS_13_2f668e79d65d	GSE131907	Lung cancer	epithelial_solid_default	3448	117	2417	success	skipped_insufficient_cells	Copykat_python: candidate/reference below method threshold
GSE131907|EBUS_19	GSE131907_EBUS_19_628dbe17f6ea	GSE131907	Lung cancer	epithelial_solid_default	1998	171	1584	success	skipped_insufficient_cells	Copykat_python: candidate/reference below method threshold
GSE131907|EBUS_49	GSE131907_EBUS_49_18ab3f00e9c2	GSE131907	Lung cancer	epithelial_solid_default	1668	82	1242	success	skipped_insufficient_cells	Copykat_python: candidate/reference below method threshold
GSE131907|EFFUSION_11	GSE131907_EFFUSION_11_ea7ec814e302	GSE131907	Lung cancer	epithelial_solid_default	2854	65	2202	success	skipped_insufficient_cells	Copykat_python: candidate/reference below method threshold
GSE131907|EFFUSION_12	GSE131907_EFFUSION_12_56106ce69f62	GSE131907	Lung cancer	epithelial_solid_default	4101	17	3204	skipped_insufficient_cells	skipped_insufficient_cells	inferCNVpy: candidate/reference below method threshold; Copykat_python: candidate/reference below method threshold
GSE131907|EFFUSION_13	GSE131907_EFFUSION_13_b2e7c6b04064	GSE131907	Lung cancer	epithelial_solid_default	4404	38	3942	success	skipped_insufficient_cells	Copykat_python: candidate/reference below method threshold
GSE131907|EFFUSION_64	GSE131907_EFFUSION_64_074291489f84	GSE131907	Lung cancer	epithelial_solid_default	3743	12	3475	skipped_insufficient_cells	skipped_insufficient_cells	inferCNVpy: candidate/reference below method threshold; Copykat_python: candidate/reference below method threshold
GSE131907|LN_01	GSE131907_LN_01_f5a47dcaf08e	GSE131907	Lung cancer	epithelial_solid_default	3447	0	3143	skipped_insufficient_cells	skipped_insufficient_cells	inferCNVpy: candidate/reference below method threshold; Copykat_python: candidate/reference below method threshold
GSE131907|LN_02	GSE131907_LN_02_5b720c72466a	GSE131907	Lung cancer	epithelial_solid_default	3098	0	2917	skipped_insufficient_cells	skipped_insufficient_cells	inferCNVpy: candidate/reference below method threshold; Copykat_python: candidate/reference below method threshold
GSE131907|LN_03	GSE131907_LN_03_ef49efd98ff3	GSE131907	Lung cancer	epithelial_solid_default	2933	0	2689	skipped_insufficient_cells	skipped_insufficient_cells	inferCNVpy: candidate/reference below method threshold; Copykat_python: candidate/reference below method threshold
GSE131907|LN_04	GSE131907_LN_04_4b3181ef2731	GSE131907	Lung cancer	epithelial_solid_default	2981	0	2842	skipped_insufficient_cells	skipped_insufficient_cells	inferCNVpy: candidate/reference below method threshold; Copykat_python: candidate/reference below method threshold
GSE131907|LN_05	GSE131907_LN_05_02f43770d5c1	GSE131907	Lung cancer	epithelial_solid_default	2771	1	2577	skipped_insufficient_cells	skipped_insufficient_cells	inferCNVpy: candidate/reference below method threshold; Copykat_python: candidate/reference below method threshold
GSE131907|LN_06	GSE131907_LN_06_244da744a62e	GSE131907	Lung cancer	epithelial_solid_default	2861	0	2692	skipped_insufficient_cells	skipped_insufficient_cells	inferCNVpy: candidate/reference below method threshold; Copykat_python: candidate/reference below method threshold
GSE131907|LN_07	GSE131907_LN_07_8ac62e77f8cd	GSE131907	Lung cancer	epithelial_solid_default	5047	0	4638	skipped_insufficient_cells	skipped_insufficient_cells	inferCNVpy: candidate/reference below method threshold; Copykat_python: candidate/reference below method threshold
GSE131907|LN_08	GSE131907_LN_08_809e2a9d3fb2	GSE131907	Lung cancer	epithelial_solid_default	4044	0	3758	skipped_insufficient_cells	skipped_insufficient_cells	inferCNVpy: candidate/reference below method threshold; Copykat_python: candidate/reference below method threshold
GSE131907|LN_11	GSE131907_LN_11_a06a63e5fed9	GSE131907	Lung cancer	epithelial_solid_default	3593	0	3224	skipped_insufficient_cells	skipped_insufficient_cells	inferCNVpy: candidate/reference below method threshold; Copykat_python: candidate/reference below method threshold
GSE131907|LN_12	GSE131907_LN_12_62755bdc1a6d	GSE131907	Lung cancer	epithelial_solid_default	4341	0	3855	skipped_insufficient_cells	skipped_insufficient_cells	inferCNVpy: candidate/reference below method threshold; Copykat_python: candidate/reference below method threshold
GSE131907|LUNG_N01	GSE131907_LUNG_N01_7026914ddb60	GSE131907	Lung cancer	epithelial_solid_default	3135	128	2311	success	skipped_insufficient_cells	Copykat_python: candidate/reference below method threshold
GSE131907|LUNG_N06	GSE131907_LUNG_N06_25569179c09f	GSE131907	Lung cancer	epithelial_solid_default	2802	86	2227	success	skipped_insufficient_cells	Copykat_python: candidate/reference below method threshold
GSE131907|LUNG_N08	GSE131907_LUNG_N08_f77217fcd57f	GSE131907	Lung cancer	epithelial_solid_default	3293	181	2592	success	skipped_insufficient_cells	Copykat_python: candidate/reference below method threshold
GSE131907|LUNG_N19	GSE131907_LUNG_N19_fa7c8d424f2f	GSE131907	Lung cancer	epithelial_solid_default	3816	82	2833	success	skipped_insufficient_cells	Copykat_python: candidate/reference below method threshold
GSE131907|LUNG_N20	GSE131907_LUNG_N20_78fc8ac6a848	GSE131907	Lung cancer	epithelial_solid_default	5611	182	4800	success	skipped_insufficient_cells	Copykat_python: candidate/reference below method threshold
GSE131907|LUNG_N28	GSE131907_LUNG_N28_2a23b5b1203c	GSE131907	Lung cancer	epithelial_solid_default	3338	153	2731	success	skipped_insufficient_cells	Copykat_python: candidate/reference below method threshold
GSE131907|LUNG_T06	GSE131907_LUNG_T06_8e9802bb49a6	GSE131907	Lung cancer	epithelial_solid_default	3358	112	2211	success	skipped_insufficient_cells	Copykat_python: candidate/reference below method threshold
GSE131907|LUNG_T08	GSE131907_LUNG_T08_e5405ec56221	GSE131907	Lung cancer	epithelial_solid_default	3651	20	3056	skipped_insufficient_cells	skipped_insufficient_cells	inferCNVpy: candidate/reference below method threshold; Copykat_python: candidate/reference below method threshold
GSE131907|LUNG_T09	GSE131907_LUNG_T09_4fd0b5ecf753	GSE131907	Lung cancer	epithelial_solid_default	3738	87	2886	success	skipped_insufficient_cells	Copykat_python: candidate/reference below method threshold
GSE131907|LUNG_T25	GSE131907_LUNG_T25_1939b1cc5d47	GSE131907	Lung cancer	epithelial_solid_default	4197	186	3531	success	skipped_insufficient_cells	Copykat_python: candidate/reference below method threshold
GSE131907|NS_02	GSE131907_NS_02_15fe335e5687	GSE131907	Lung cancer	epithelial_solid_default	2236	158	1510	success	skipped_insufficient_cells	Copykat_python: candidate/reference below method threshold
GSE131907|NS_06	GSE131907_NS_06_fb03be1605d4	GSE131907	Lung cancer	epithelial_solid_default	989	74	584	success	skipped_insufficient_cells	Copykat_python: candidate/reference below method threshold
GSE131907|NS_16	GSE131907_NS_16_6c80b6c53296	GSE131907	Lung cancer	epithelial_solid_default	1200	75	625	success	skipped_insufficient_cells	Copykat_python: candidate/reference below method threshold
GSE179994|P1.post.1	GSE179994_P1.post.1_33e5cdd3c8f0	GSE179994	Lung cancer	epithelial_solid_default	3008	0	2829	skipped_insufficient_cells	skipped_insufficient_cells	inferCNVpy: candidate/reference below method threshold; Copykat_python: candidate/reference below method threshold
GSE179994|P1.post.2	GSE179994_P1.post.2_ae4318768e6b	GSE179994	Lung cancer	epithelial_solid_default	3644	0	3407	skipped_insufficient_cells	skipped_insufficient_cells	inferCNVpy: candidate/reference below method threshold; Copykat_python: candidate/reference below method threshold
GSE179994|P1.post.3	GSE179994_P1.post.3_8eb5a70029e8	GSE179994	Lung cancer	epithelial_solid_default	3108	0	2721	skipped_insufficient_cells	skipped_insufficient_cells	inferCNVpy: candidate/reference below method threshold; Copykat_python: candidate/reference below method threshold
GSE179994|P1.pre	GSE179994_P1.pre_60562960732a	GSE179994	Lung cancer	epithelial_solid_default	4372	5	4061	skipped_insufficient_cells	skipped_insufficient_cells	inferCNVpy: candidate/reference below method threshold; Copykat_python: candidate/reference below method threshold
GSE179994|P10.post.1	GSE179994_P10.post.1_ffff3062e797	GSE179994	Lung cancer	epithelial_solid_default	2825	0	2544	skipped_insufficient_cells	skipped_insufficient_cells	inferCNVpy: candidate/reference below method threshold; Copykat_python: candidate/reference below method threshold
GSE179994|P10.pre	GSE179994_P10.pre_c479109f5eae	GSE179994	Lung cancer	epithelial_solid_default	6987	13	6180	skipped_insufficient_cells	skipped_insufficient_cells	inferCNVpy: candidate/reference below method threshold; Copykat_python: candidate/reference below method threshold
GSE179994|P11.pre	GSE179994_P11.pre_012eae7a69b0	GSE179994	Lung cancer	epithelial_solid_default	2078	0	1920	skipped_insufficient_cells	skipped_insufficient_cells	inferCNVpy: candidate/reference below method threshold; Copykat_python: candidate/reference below method threshold
GSE179994|P12.pre	GSE179994_P12.pre_55fb6f263ea4	GSE179994	Lung cancer	epithelial_solid_default	3123	0	2860	skipped_insufficient_cells	skipped_insufficient_cells	inferCNVpy: candidate/reference below method threshold; Copykat_python: candidate/reference below method threshold
GSE179994|P13.post.1	GSE179994_P13.post.1_d5ba349d81c3	GSE179994	Lung cancer	epithelial_solid_default	4158	0	3775	skipped_insufficient_cells	skipped_insufficient_cells	inferCNVpy: candidate/reference below method threshold; Copykat_python: candidate/reference below method threshold
GSE179994|P13.post.2	GSE179994_P13.post.2_d69b55905725	GSE179994	Lung cancer	epithelial_solid_default	3627	0	3279	skipped_insufficient_cells	skipped_insufficient_cells	inferCNVpy: candidate/reference below method threshold; Copykat_python: candidate/reference below method threshold
GSE179994|P13.pre	GSE179994_P13.pre_52ec0f03de6b	GSE179994	Lung cancer	epithelial_solid_default	1208	1	1075	skipped_insufficient_cells	skipped_insufficient_cells	inferCNVpy: candidate/reference below method threshold; Copykat_python: candidate/reference below method threshold
GSE179994|P14.pre	GSE179994_P14.pre_5a91398255d0	GSE179994	Lung cancer	epithelial_solid_default	3386	0	2729	skipped_insufficient_cells	skipped_insufficient_cells	inferCNVpy: candidate/reference below method threshold; Copykat_python: candidate/reference below method threshold
GSE179994|P15.pre	GSE179994_P15.pre_2c3e950e0234	GSE179994	Lung cancer	epithelial_solid_default	2108	1	1756	skipped_insufficient_cells	skipped_insufficient_cells	inferCNVpy: candidate/reference below method threshold; Copykat_python: candidate/reference below method threshold
GSE179994|P16.pre	GSE179994_P16.pre_9a5cae110ecf	GSE179994	Lung cancer	epithelial_solid_default	1428	0	1186	skipped_insufficient_cells	skipped_insufficient_cells	inferCNVpy: candidate/reference below method threshold; Copykat_python: candidate/reference below method threshold
GSE179994|P17.pre	GSE179994_P17.pre_462798684462	GSE179994	Lung cancer	epithelial_solid_default	1397	0	1267	skipped_insufficient_cells	skipped_insufficient_cells	inferCNVpy: candidate/reference below method threshold; Copykat_python: candidate/reference below method threshold
GSE179994|P18.pre	GSE179994_P18.pre_4395e4c38ede	GSE179994	Lung cancer	epithelial_solid_default	2988	5	2626	skipped_insufficient_cells	skipped_insufficient_cells	inferCNVpy: candidate/reference below method threshold; Copykat_python: candidate/reference below method threshold
GSE179994|P19.post.1	GSE179994_P19.post.1_b85c5e52deb8	GSE179994	Lung cancer	epithelial_solid_default	9654	0	9059	skipped_insufficient_cells	skipped_insufficient_cells	inferCNVpy: candidate/reference below method threshold; Copykat_python: candidate/reference below method threshold
GSE179994|P19.pre	GSE179994_P19.pre_e0ea443cf36f	GSE179994	Lung cancer	epithelial_solid_default	9334	3	8562	skipped_insufficient_cells	skipped_insufficient_cells	inferCNVpy: candidate/reference below method threshold; Copykat_python: candidate/reference below method threshold
GSE179994|P2.pre	GSE179994_P2.pre_81050ed2514d	GSE179994	Lung cancer	epithelial_solid_default	2332	0	2156	skipped_insufficient_cells	skipped_insufficient_cells	inferCNVpy: candidate/reference below method threshold; Copykat_python: candidate/reference below method threshold
GSE179994|P20.pre	GSE179994_P20.pre_c0e2b67dbf3c	GSE179994	Lung cancer	epithelial_solid_default	2666	0	2458	skipped_insufficient_cells	skipped_insufficient_cells	inferCNVpy: candidate/reference below method threshold; Copykat_python: candidate/reference below method threshold
GSE179994|P21.pre	GSE179994_P21.pre_5aeb434b1c1c	GSE179994	Lung cancer	epithelial_solid_default	2722	22	2148	skipped_insufficient_cells	skipped_insufficient_cells	inferCNVpy: candidate/reference below method threshold; Copykat_python: candidate/reference below method threshold
GSE179994|P22.pre	GSE179994_P22.pre_9e73355f2e42	GSE179994	Lung cancer	epithelial_solid_default	876	0	762	skipped_insufficient_cells	skipped_insufficient_cells	inferCNVpy: candidate/reference below method threshold; Copykat_python: candidate/reference below method threshold
GSE179994|P23.pre	GSE179994_P23.pre_c81aa07d3e94	GSE179994	Lung cancer	epithelial_solid_default	2494	3	2052	skipped_insufficient_cells	skipped_insufficient_cells	inferCNVpy: candidate/reference below method threshold; Copykat_python: candidate/reference below method threshold
GSE179994|P24.pre	GSE179994_P24.pre_501a58e3e4e6	GSE179994	Lung cancer	epithelial_solid_default	1579	0	1406	skipped_insufficient_cells	skipped_insufficient_cells	inferCNVpy: candidate/reference below method threshold; Copykat_python: candidate/reference below method threshold
GSE179994|P25.pre	GSE179994_P25.pre_c2d25b49375b	GSE179994	Lung cancer	epithelial_solid_default	5904	12	5403	skipped_insufficient_cells	skipped_insufficient_cells	inferCNVpy: candidate/reference below method threshold; Copykat_python: candidate/reference below method threshold
GSE179994|P26.pre	GSE179994_P26.pre_281d1f23b257	GSE179994	Lung cancer	epithelial_solid_default	365	0	296	skipped_insufficient_cells	skipped_insufficient_cells	inferCNVpy: candidate/reference below method threshold; Copykat_python: candidate/reference below method threshold
GSE179994|P27.pre	GSE179994_P27.pre_5a927d6e5fb6	GSE179994	Lung cancer	epithelial_solid_default	2147	0	1790	skipped_insufficient_cells	skipped_insufficient_cells	inferCNVpy: candidate/reference below method threshold; Copykat_python: candidate/reference below method threshold
GSE179994|P28.pre	GSE179994_P28.pre_91673d5dc85d	GSE179994	Lung cancer	epithelial_solid_default	3462	0	3160	skipped_insufficient_cells	skipped_insufficient_cells	inferCNVpy: candidate/reference below method threshold; Copykat_python: candidate/reference below method threshold
GSE179994|P29.post.1	GSE179994_P29.post.1_cb05a77a4595	GSE179994	Lung cancer	epithelial_solid_default	1508	1	1376	skipped_insufficient_cells	skipped_insufficient_cells	inferCNVpy: candidate/reference below method threshold; Copykat_python: candidate/reference below method threshold
GSE179994|P29.pre	GSE179994_P29.pre_df1635dc3d44	GSE179994	Lung cancer	epithelial_solid_default	2218	0	1950	skipped_insufficient_cells	skipped_insufficient_cells	inferCNVpy: candidate/reference below method threshold; Copykat_python: candidate/reference below method threshold
GSE179994|P3.pre	GSE179994_P3.pre_abfe80e65e55	GSE179994	Lung cancer	epithelial_solid_default	1952	0	1878	skipped_insufficient_cells	skipped_insufficient_cells	inferCNVpy: candidate/reference below method threshold; Copykat_python: candidate/reference below method threshold
GSE179994|P30.post.1	GSE179994_P30.post.1_2923b8f64908	GSE179994	Lung cancer	epithelial_solid_default	7619	0	6819	skipped_insufficient_cells	skipped_insufficient_cells	inferCNVpy: candidate/reference below method threshold; Copykat_python: candidate/reference below method threshold
GSE179994|P30.pre	GSE179994_P30.pre_c3aa4ec85153	GSE179994	Lung cancer	epithelial_solid_default	2784	0	2602	skipped_insufficient_cells	skipped_insufficient_cells	inferCNVpy: candidate/reference below method threshold; Copykat_python: candidate/reference below method threshold
GSE179994|P33.post.1	GSE179994_P33.post.1_3f8bea2c1b95	GSE179994	Lung cancer	epithelial_solid_default	4840	0	4435	skipped_insufficient_cells	skipped_insufficient_cells	inferCNVpy: candidate/reference below method threshold; Copykat_python: candidate/reference below method threshold
GSE179994|P33.pre	GSE179994_P33.pre_a739aa04a1ee	GSE179994	Lung cancer	epithelial_solid_default	1945	0	1772	skipped_insufficient_cells	skipped_insufficient_cells	inferCNVpy: candidate/reference below method threshold; Copykat_python: candidate/reference below method threshold
GSE179994|P34.pre	GSE179994_P34.pre_eae8c43b7b5a	GSE179994	Lung cancer	epithelial_solid_default	4161	1	3463	skipped_insufficient_cells	skipped_insufficient_cells	inferCNVpy: candidate/reference below method threshold; Copykat_python: candidate/reference below method threshold
GSE179994|P35.post.1	GSE179994_P35.post.1_fa9c03a43223	GSE179994	Lung cancer	epithelial_solid_default	5962	0	5521	skipped_insufficient_cells	skipped_insufficient_cells	inferCNVpy: candidate/reference below method threshold; Copykat_python: candidate/reference below method threshold
GSE179994|P35.pre	GSE179994_P35.pre_3e429d930a72	GSE179994	Lung cancer	epithelial_solid_default	3708	0	3276	skipped_insufficient_cells	skipped_insufficient_cells	inferCNVpy: candidate/reference below method threshold; Copykat_python: candidate/reference below method threshold
GSE179994|P36.post.1	GSE179994_P36.post.1_15f385def70a	GSE179994	Lung cancer	epithelial_solid_default	4606	0	4378	skipped_insufficient_cells	skipped_insufficient_cells	inferCNVpy: candidate/reference below method threshold; Copykat_python: candidate/reference below method threshold
GSE179994|P37.post.1	GSE179994_P37.post.1_1396531b4da8	GSE179994	Lung cancer	epithelial_solid_default	600	1	413	skipped_insufficient_cells	skipped_insufficient_cells	inferCNVpy: candidate/reference below method threshold; Copykat_python: candidate/reference below method threshold
GSE179994|P38.post.1	GSE179994_P38.post.1_0d8459a5a024	GSE179994	Lung cancer	epithelial_solid_default	3073	10	2246	skipped_insufficient_cells	skipped_insufficient_cells	inferCNVpy: candidate/reference below method threshold; Copykat_python: candidate/reference below method threshold
GSE179994|P4.pre	GSE179994_P4.pre_73916caf9a79	GSE179994	Lung cancer	epithelial_solid_default	1043	0	953	skipped_insufficient_cells	skipped_insufficient_cells	inferCNVpy: candidate/reference below method threshold; Copykat_python: candidate/reference below method threshold
GSE179994|P5.pre	GSE179994_P5.pre_984a4b1507c6	GSE179994	Lung cancer	epithelial_solid_default	369	1	339	skipped_insufficient_cells	skipped_insufficient_cells	inferCNVpy: candidate/reference below method threshold; Copykat_python: candidate/reference below method threshold
GSE179994|P6.pre	GSE179994_P6.pre_93e6a1b404d5	GSE179994	Lung cancer	epithelial_solid_default	1740	0	1576	skipped_insufficient_cells	skipped_insufficient_cells	inferCNVpy: candidate/reference below method threshold; Copykat_python: candidate/reference below method threshold
GSE179994|P7.pre	GSE179994_P7.pre_7bf7f71bfc3c	GSE179994	Lung cancer	epithelial_solid_default	475	0	410	skipped_insufficient_cells	skipped_insufficient_cells	inferCNVpy: candidate/reference below method threshold; Copykat_python: candidate/reference below method threshold
GSE179994|P8.pre	GSE179994_P8.pre_27521d095296	GSE179994	Lung cancer	epithelial_solid_default	1693	0	1574	skipped_insufficient_cells	skipped_insufficient_cells	inferCNVpy: candidate/reference below method threshold; Copykat_python: candidate/reference below method threshold
GSE179994|P9.pre	GSE179994_P9.pre_746df249f803	GSE179994	Lung cancer	epithelial_solid_default	1038	0	915	skipped_insufficient_cells	skipped_insufficient_cells	inferCNVpy: candidate/reference below method threshold; Copykat_python: candidate/reference below method threshold
GSE189357|GSE189357__GSM5699778_TD2	GSE189357_GSE189357__GSM5699778_TD2_15dbccaa09be	GSE189357	Lung cancer	epithelial_solid_default	11911	176	10397	success	skipped_insufficient_cells	Copykat_python: candidate/reference below method threshold
GSE189357|GSE189357__GSM5699779_TD3	GSE189357_GSE189357__GSM5699779_TD3_3a9be9da518e	GSE189357	Lung cancer	epithelial_solid_default	8604	95	5860	success	skipped_insufficient_cells	Copykat_python: candidate/reference below method threshold
GSE189357|GSE189357__GSM5699780_TD4	GSE189357_GSE189357__GSM5699780_TD4_bcbe8fa5f7d1	GSE189357	Lung cancer	epithelial_solid_default	8391	90	6967	success	skipped_insufficient_cells	Copykat_python: candidate/reference below method threshold
GSE189357|GSE189357__GSM5699781_TD5	GSE189357_GSE189357__GSM5699781_TD5_c3d6a69853b1	GSE189357	Lung cancer	epithelial_solid_default	12867	103	11071	success	skipped_insufficient_cells	Copykat_python: candidate/reference below method threshold
GSE189357|GSE189357__GSM5699783_TD7	GSE189357_GSE189357__GSM5699783_TD7_2d07cf8cc3f8	GSE189357	Lung cancer	epithelial_solid_default	2214	156	1630	success	skipped_insufficient_cells	Copykat_python: candidate/reference below method threshold
GSE189357|GSE189357__GSM5699784_TD8	GSE189357_GSE189357__GSM5699784_TD8_b46da287e40d	GSE189357	Lung cancer	epithelial_solid_default	12307	179	10201	success	skipped_insufficient_cells	Copykat_python: candidate/reference below method threshold
GSE162025|GSM4929848_NPC_SC_1805_Tumor	GSE162025_GSM4929848_NPC_SC_1805_Tumor_4bf8dc7cc165	GSE162025	Nasopharyngeal carcinoma	epithelial_solid_default	7562	111	5979	success	skipped_insufficient_cells	Copykat_python: candidate/reference below method threshold
GSE162025|GSM4929850_NPC_SC_1806_Tumor	GSE162025_GSM4929850_NPC_SC_1806_Tumor_881cc7d9f0a0	GSE162025	Nasopharyngeal carcinoma	epithelial_solid_default	9719	16	7907	skipped_insufficient_cells	skipped_insufficient_cells	inferCNVpy: candidate/reference below method threshold; Copykat_python: candidate/reference below method threshold
GSE162025|GSM4929852_NPC_SC_1807_Tumor	GSE162025_GSM4929852_NPC_SC_1807_Tumor_caeb74d6e083	GSE162025	Nasopharyngeal carcinoma	epithelial_solid_default	9776	35	8254	success	skipped_insufficient_cells	Copykat_python: candidate/reference below method threshold
GSE162025|GSM4929854_NPC_SC_1808_Tumor	GSE162025_GSM4929854_NPC_SC_1808_Tumor_d3dc3e8c9a04	GSE162025	Nasopharyngeal carcinoma	epithelial_solid_default	10299	12	9493	skipped_insufficient_cells	skipped_insufficient_cells	inferCNVpy: candidate/reference below method threshold; Copykat_python: candidate/reference below method threshold
GSE162025|GSM4929856_NPC_SC_1810_Tumor	GSE162025_GSM4929856_NPC_SC_1810_Tumor_94fcf89ee037	GSE162025	Nasopharyngeal carcinoma	epithelial_solid_default	8345	159	7569	success	skipped_insufficient_cells	Copykat_python: candidate/reference below method threshold
GSE162025|GSM4929858_NPC_SC_1811_Tumor	GSE162025_GSM4929858_NPC_SC_1811_Tumor_7a2c1971e967	GSE162025	Nasopharyngeal carcinoma	epithelial_solid_default	5923	35	5091	success	skipped_insufficient_cells	Copykat_python: candidate/reference below method threshold
GSE127465|human_p1t3	GSE127465_human_p1t3_6beb5e699d7f	GSE127465	Non-small cell lung cancer	epithelial_solid_default	964	139	465	success	skipped_insufficient_cells	Copykat_python: candidate/reference below method threshold
GSE127465|human_p1t4	GSE127465_human_p1t4_0a2a930f18fc	GSE127465	Non-small cell lung cancer	epithelial_solid_default	1067	162	505	success	skipped_insufficient_cells	Copykat_python: candidate/reference below method threshold
GSE127465|human_p2t1	GSE127465_human_p2t1_6b9ee8a43a9f	GSE127465	Non-small cell lung cancer	epithelial_solid_default	199	32	106	success	skipped_insufficient_cells	Copykat_python: candidate/reference below method threshold
GSE127465|human_p2t2	GSE127465_human_p2t2_073a7aca92e5	GSE127465	Non-small cell lung cancer	epithelial_solid_default	179	27	88	skipped_insufficient_cells	skipped_insufficient_cells	inferCNVpy: candidate/reference below method threshold; Copykat_python: candidate/reference below method threshold
GSE127465|human_p3t1	GSE127465_human_p3t1_adea62ce9bf1	GSE127465	Non-small cell lung cancer	epithelial_solid_default	1977	76	1413	success	skipped_insufficient_cells	Copykat_python: candidate/reference below method threshold
GSE127465|human_p3t2	GSE127465_human_p3t2_26ca7ffc0ec4	GSE127465	Non-small cell lung cancer	epithelial_solid_default	2039	94	1424	success	skipped_insufficient_cells	Copykat_python: candidate/reference below method threshold
GSE127465|human_p3t3	GSE127465_human_p3t3_1549b62eaab6	GSE127465	Non-small cell lung cancer	epithelial_solid_default	1811	123	1192	success	skipped_insufficient_cells	Copykat_python: candidate/reference below method threshold
GSE127465|human_p4t1	GSE127465_human_p4t1_7ee573b6e66a	GSE127465	Non-small cell lung cancer	epithelial_solid_default	885	33	600	success	skipped_insufficient_cells	Copykat_python: candidate/reference below method threshold
GSE127465|human_p4t2	GSE127465_human_p4t2_664817042c02	GSE127465	Non-small cell lung cancer	epithelial_solid_default	844	42	567	success	skipped_insufficient_cells	Copykat_python: candidate/reference below method threshold
GSE127465|human_p4t3	GSE127465_human_p4t3_3a65b2c225fe	GSE127465	Non-small cell lung cancer	epithelial_solid_default	984	39	695	success	skipped_insufficient_cells	Copykat_python: candidate/reference below method threshold
GSE127465|human_p6t1	GSE127465_human_p6t1_2d923ff50452	GSE127465	Non-small cell lung cancer	epithelial_solid_default	1433	43	934	success	skipped_insufficient_cells	Copykat_python: candidate/reference below method threshold
GSE127465|human_p6t2	GSE127465_human_p6t2_372de91d12e0	GSE127465	Non-small cell lung cancer	epithelial_solid_default	1158	53	686	success	skipped_insufficient_cells	Copykat_python: candidate/reference below method threshold
GSE127465|human_p7t1	GSE127465_human_p7t1_7c11a9689459	GSE127465	Non-small cell lung cancer	epithelial_solid_default	1462	171	711	success	skipped_insufficient_cells	Copykat_python: candidate/reference below method threshold
GSE127465|human_p7t2	GSE127465_human_p7t2_d79d5868eb2d	GSE127465	Non-small cell lung cancer	epithelial_solid_default	1403	157	709	success	skipped_insufficient_cells	Copykat_python: candidate/reference below method threshold
GSE155698|GSE155698__GSM4710692_PDAC_TISSUE_4	GSE155698_GSE155698__GSM4710692_PDAC_TISSUE_4_fcf090b5cca9	GSE155698	Pancreatic ductal adenocarcinoma	epithelial_solid_default	1302	166	831	success	skipped_insufficient_cells	Copykat_python: candidate/reference below method threshold
GSE155698|GSE155698__GSM4710695_PDAC_TISSUE_7	GSE155698_GSE155698__GSM4710695_PDAC_TISSUE_7_4bf17095841f	GSE155698	Pancreatic ductal adenocarcinoma	epithelial_solid_default	6245	41	4668	success	skipped_insufficient_cells	Copykat_python: candidate/reference below method threshold
GSE155698|GSE155698__GSM4710697_PDAC_TISSUE_9	GSE155698_GSE155698__GSM4710697_PDAC_TISSUE_9_ba321324edc2	GSE155698	Pancreatic ductal adenocarcinoma	epithelial_solid_default	2687	28	304	skipped_insufficient_cells	skipped_insufficient_cells	inferCNVpy: candidate/reference below method threshold; Copykat_python: candidate/reference below method threshold
GSE155698|GSE155698__GSM4710698_PDAC_TISSUE_10	GSE155698_GSE155698__GSM4710698_PDAC_TISSUE_10_1c92c1356a90	GSE155698	Pancreatic ductal adenocarcinoma	epithelial_solid_default	965	13	821	skipped_insufficient_cells	skipped_insufficient_cells	inferCNVpy: candidate/reference below method threshold; Copykat_python: candidate/reference below method threshold
GSE155698|GSE155698__GSM4710700_PDAC_TISSUE_11B	GSE155698_GSE155698__GSM4710700_PDAC_TISSUE_11B_7659e2718bb0	GSE155698	Pancreatic ductal adenocarcinoma	epithelial_solid_default	917	41	625	success	skipped_insufficient_cells	Copykat_python: candidate/reference below method threshold
GSE155698|GSE155698__GSM4710701_PDAC_TISSUE_12	GSE155698_GSE155698__GSM4710701_PDAC_TISSUE_12_022ddbf0b800	GSE155698	Pancreatic ductal adenocarcinoma	epithelial_solid_default	896	8	485	skipped_insufficient_cells	skipped_insufficient_cells	inferCNVpy: candidate/reference below method threshold; Copykat_python: candidate/reference below method threshold
GSE155698|GSE155698__GSM4710707_AdjNorm_TISSUE_2	GSE155698_GSE155698__GSM4710707_AdjNorm_TISSUE_2_2c59bdbd78ce	GSE155698	Pancreatic ductal adenocarcinoma	epithelial_solid_default	1663	68	1321	success	skipped_insufficient_cells	Copykat_python: candidate/reference below method threshold
GSE155698|GSE155698__GSM4710708_AdjNorm_TISSUE_3	GSE155698_GSE155698__GSM4710708_AdjNorm_TISSUE_3_59df11a249ba	GSE155698	Pancreatic ductal adenocarcinoma	epithelial_solid_default	276	107	136	success	skipped_insufficient_cells	Copykat_python: candidate/reference below method threshold
GSE155698|GSE155698__GSM4710709_PDAC_PBMC_1	GSE155698_GSE155698__GSM4710709_PDAC_PBMC_1_c676d36fc987	GSE155698	Pancreatic ductal adenocarcinoma	epithelial_solid_default	1743	145	1383	success	skipped_insufficient_cells	Copykat_python: candidate/reference below method threshold
GSE155698|GSE155698__GSM4710710_PDAC_PBMC_2	GSE155698_GSE155698__GSM4710710_PDAC_PBMC_2_90c18f260cc7	GSE155698	Pancreatic ductal adenocarcinoma	epithelial_solid_default	2115	95	1529	success	skipped_insufficient_cells	Copykat_python: candidate/reference below method threshold
GSE155698|GSE155698__GSM4710711_PDAC_PBMC_3	GSE155698_GSE155698__GSM4710711_PDAC_PBMC_3_607c394f7f09	GSE155698	Pancreatic ductal adenocarcinoma	epithelial_solid_default	2315	77	1781	success	skipped_insufficient_cells	Copykat_python: candidate/reference below method threshold
GSE155698|GSE155698__GSM4710712_PDAC_PBMC_4	GSE155698_GSE155698__GSM4710712_PDAC_PBMC_4_b2f5392e31e3	GSE155698	Pancreatic ductal adenocarcinoma	epithelial_solid_default	1988	68	408	success	skipped_insufficient_cells	Copykat_python: candidate/reference below method threshold
GSE155698|GSE155698__GSM4710713_PDAC_PBMC_5	GSE155698_GSE155698__GSM4710713_PDAC_PBMC_5_66f8e50e9d5f	GSE155698	Pancreatic ductal adenocarcinoma	epithelial_solid_default	3177	183	1805	success	skipped_insufficient_cells	Copykat_python: candidate/reference below method threshold
GSE155698|GSE155698__GSM4710714_PDAC_PBMC_6	GSE155698_GSE155698__GSM4710714_PDAC_PBMC_6_12047083c3b9	GSE155698	Pancreatic ductal adenocarcinoma	epithelial_solid_default	2055	18	1453	skipped_insufficient_cells	skipped_insufficient_cells	inferCNVpy: candidate/reference below method threshold; Copykat_python: candidate/reference below method threshold
GSE155698|GSE155698__GSM4710715_PDAC_PBMC_7	GSE155698_GSE155698__GSM4710715_PDAC_PBMC_7_53a583f7ad11	GSE155698	Pancreatic ductal adenocarcinoma	epithelial_solid_default	2837	33	2676	success	skipped_insufficient_cells	Copykat_python: candidate/reference below method threshold
GSE155698|GSE155698__GSM4710716_PDAC_PBMC_8	GSE155698_GSE155698__GSM4710716_PDAC_PBMC_8_10f47261c49f	GSE155698	Pancreatic ductal adenocarcinoma	epithelial_solid_default	3638	32	210	success	skipped_insufficient_cells	Copykat_python: candidate/reference below method threshold
GSE155698|GSE155698__GSM4710717_PDAC_PBMC_9	GSE155698_GSE155698__GSM4710717_PDAC_PBMC_9_69bb68031d6c	GSE155698	Pancreatic ductal adenocarcinoma	epithelial_solid_default	2415	7	261	skipped_insufficient_cells	skipped_insufficient_cells	inferCNVpy: candidate/reference below method threshold; Copykat_python: candidate/reference below method threshold
GSE155698|GSE155698__GSM4710718_PDAC_PBMC_10A	GSE155698_GSE155698__GSM4710718_PDAC_PBMC_10A_071c1c237682	GSE155698	Pancreatic ductal adenocarcinoma	epithelial_solid_default	3417	13	346	skipped_insufficient_cells	skipped_insufficient_cells	inferCNVpy: candidate/reference below method threshold; Copykat_python: candidate/reference below method threshold
GSE155698|GSE155698__GSM4710719_PDAC_PBMC_10B	GSE155698_GSE155698__GSM4710719_PDAC_PBMC_10B_bcdbe8eb1565	GSE155698	Pancreatic ductal adenocarcinoma	epithelial_solid_default	553	0	525	skipped_insufficient_cells	skipped_insufficient_cells	inferCNVpy: candidate/reference below method threshold; Copykat_python: candidate/reference below method threshold
GSE155698|GSE155698__GSM4710720_PDAC_PBMC_11	GSE155698_GSE155698__GSM4710720_PDAC_PBMC_11_c49b51b0ace3	GSE155698	Pancreatic ductal adenocarcinoma	epithelial_solid_default	1189	6	1107	skipped_insufficient_cells	skipped_insufficient_cells	inferCNVpy: candidate/reference below method threshold; Copykat_python: candidate/reference below method threshold
GSE155698|GSE155698__GSM4710721_PDAC_PBMC_12	GSE155698_GSE155698__GSM4710721_PDAC_PBMC_12_b921b817f1d9	GSE155698	Pancreatic ductal adenocarcinoma	epithelial_solid_default	1982	5	1869	skipped_insufficient_cells	skipped_insufficient_cells	inferCNVpy: candidate/reference below method threshold; Copykat_python: candidate/reference below method threshold
GSE155698|GSE155698__GSM4710722_PDAC_PBMC_13	GSE155698_GSE155698__GSM4710722_PDAC_PBMC_13_844d97fd8a9d	GSE155698	Pancreatic ductal adenocarcinoma	epithelial_solid_default	785	0	734	skipped_insufficient_cells	skipped_insufficient_cells	inferCNVpy: candidate/reference below method threshold; Copykat_python: candidate/reference below method threshold
GSE155698|GSE155698__GSM4710723_PDAC_PBMC_14	GSE155698_GSE155698__GSM4710723_PDAC_PBMC_14_3e2920317b10	GSE155698	Pancreatic ductal adenocarcinoma	epithelial_solid_default	1499	197	502	success	skipped_insufficient_cells	Copykat_python: candidate/reference below method threshold
GSE155698|GSE155698__GSM4710724_PDAC_PBMC_15	GSE155698_GSE155698__GSM4710724_PDAC_PBMC_15_d6ecdec2ebad	GSE155698	Pancreatic ductal adenocarcinoma	epithelial_solid_default	2729	0	2710	skipped_insufficient_cells	skipped_insufficient_cells	inferCNVpy: candidate/reference below method threshold; Copykat_python: candidate/reference below method threshold
GSE155698|GSE155698__GSM4710725_PDAC_PBMC_16	GSE155698_GSE155698__GSM4710725_PDAC_PBMC_16_8909ff0bf78f	GSE155698	Pancreatic ductal adenocarcinoma	epithelial_solid_default	3259	8	3158	skipped_insufficient_cells	skipped_insufficient_cells	inferCNVpy: candidate/reference below method threshold; Copykat_python: candidate/reference below method threshold
GSE155698|GSE155698__GSM4710726_Healthy_PBMC_1	GSE155698_GSE155698__GSM4710726_Healthy_PBMC_1_79ce09f3afe6	GSE155698	Pancreatic ductal adenocarcinoma	epithelial_solid_default	2394	0	2306	skipped_insufficient_cells	skipped_insufficient_cells	inferCNVpy: candidate/reference below method threshold; Copykat_python: candidate/reference below method threshold
GSE155698|GSE155698__GSM4710727_Healthy_PBMC_2	GSE155698_GSE155698__GSM4710727_Healthy_PBMC_2_292c3c5c9e5a	GSE155698	Pancreatic ductal adenocarcinoma	epithelial_solid_default	1699	0	1620	skipped_insufficient_cells	skipped_insufficient_cells	inferCNVpy: candidate/reference below method threshold; Copykat_python: candidate/reference below method threshold
GSE155698|GSE155698__GSM4710728_Healthy_PBMC_3	GSE155698_GSE155698__GSM4710728_Healthy_PBMC_3_420ec338e4a1	GSE155698	Pancreatic ductal adenocarcinoma	epithelial_solid_default	4431	4	4231	skipped_insufficient_cells	skipped_insufficient_cells	inferCNVpy: candidate/reference below method threshold; Copykat_python: candidate/reference below method threshold
GSE155698|GSE155698__GSM4710729_Healthy_PBMC_4	GSE155698_GSE155698__GSM4710729_Healthy_PBMC_4_cdac67afc629	GSE155698	Pancreatic ductal adenocarcinoma	epithelial_solid_default	523	97	91	success	skipped_insufficient_cells	Copykat_python: candidate/reference below method threshold
GSE184362|GSE184362__GSM5585102_PTC1_T	GSE184362_GSE184362__GSM5585102_PTC1_T_ea8e7fb4cad9	GSE184362	Papillary thyroid carcinoma	epithelial_solid_default	4862	9	4425	skipped_insufficient_cells	skipped_insufficient_cells	inferCNVpy: candidate/reference below method threshold; Copykat_python: candidate/reference below method threshold
GSE184362|GSE184362__GSM5585103_PTC1_P	GSE184362_GSE184362__GSM5585103_PTC1_P_0e8f12b759b3	GSE184362	Papillary thyroid carcinoma	epithelial_solid_default	7110	0	7013	skipped_insufficient_cells	skipped_insufficient_cells	inferCNVpy: candidate/reference below method threshold; Copykat_python: candidate/reference below method threshold
GSE184362|GSE184362__GSM5585104_PTC2_T	GSE184362_GSE184362__GSM5585104_PTC2_T_aff480b913b4	GSE184362	Papillary thyroid carcinoma	epithelial_solid_default	3919	0	3833	skipped_insufficient_cells	skipped_insufficient_cells	inferCNVpy: candidate/reference below method threshold; Copykat_python: candidate/reference below method threshold
GSE184362|GSE184362__GSM5585105_PTC2_P	GSE184362_GSE184362__GSM5585105_PTC2_P_46201a6cdc98	GSE184362	Papillary thyroid carcinoma	epithelial_solid_default	6339	1	6186	skipped_insufficient_cells	skipped_insufficient_cells	inferCNVpy: candidate/reference below method threshold; Copykat_python: candidate/reference below method threshold
GSE184362|GSE184362__GSM5585106_PTC2_LeftLN	GSE184362_GSE184362__GSM5585106_PTC2_LeftLN_49361d51e216	GSE184362	Papillary thyroid carcinoma	epithelial_solid_default	8352	0	8232	skipped_insufficient_cells	skipped_insufficient_cells	inferCNVpy: candidate/reference below method threshold; Copykat_python: candidate/reference below method threshold
GSE184362|GSE184362__GSM5585107_PTC3_T	GSE184362_GSE184362__GSM5585107_PTC3_T_9e9bd8e4517e	GSE184362	Papillary thyroid carcinoma	epithelial_solid_default	5605	15	5272	skipped_insufficient_cells	skipped_insufficient_cells	inferCNVpy: candidate/reference below method threshold; Copykat_python: candidate/reference below method threshold
GSE184362|GSE184362__GSM5585108_PTC3_P	GSE184362_GSE184362__GSM5585108_PTC3_P_1d58cae5b370	GSE184362	Papillary thyroid carcinoma	epithelial_solid_default	7573	0	7420	skipped_insufficient_cells	skipped_insufficient_cells	inferCNVpy: candidate/reference below method threshold; Copykat_python: candidate/reference below method threshold
GSE184362|GSE184362__GSM5585109_PTC3_LeftLN	GSE184362_GSE184362__GSM5585109_PTC3_LeftLN_1f9a4ae1e635	GSE184362	Papillary thyroid carcinoma	epithelial_solid_default	7740	0	7583	skipped_insufficient_cells	skipped_insufficient_cells	inferCNVpy: candidate/reference below method threshold; Copykat_python: candidate/reference below method threshold
GSE184362|GSE184362__GSM5585110_PTC3_RightLN	GSE184362_GSE184362__GSM5585110_PTC3_RightLN_c12e3712ea59	GSE184362	Papillary thyroid carcinoma	epithelial_solid_default	7518	1	7346	skipped_insufficient_cells	skipped_insufficient_cells	inferCNVpy: candidate/reference below method threshold; Copykat_python: candidate/reference below method threshold
GSE184362|GSE184362__GSM5585111_PTC4_SC	GSE184362_GSE184362__GSM5585111_PTC4_SC_048ea93c0fd8	GSE184362	Papillary thyroid carcinoma	epithelial_solid_default	1957	41	1813	success	skipped_insufficient_cells	Copykat_python: candidate/reference below method threshold
GSE184362|GSE184362__GSM5585120_PTC9_P	GSE184362_GSE184362__GSM5585120_PTC9_P_1d0667f3d8a1	GSE184362	Papillary thyroid carcinoma	epithelial_solid_default	5536	64	4946	success	skipped_insufficient_cells	Copykat_python: candidate/reference below method threshold
GSE288479|GSM8768560_SMC26_DN_scRNA	GSE288479_GSM8768560_SMC26_DN_scRNA_c90ba75a55a2	GSE288479	Part-solid LUAD	epithelial_solid_default	1810	49	1121	success	skipped_insufficient_cells	Copykat_python: candidate/reference below method threshold
GSE288479|GSM8768561_SMC26_AN_scRNA	GSE288479_GSM8768561_SMC26_AN_scRNA_291f9fdcef79	GSE288479	Part-solid LUAD	epithelial_solid_default	1833	12	1088	skipped_insufficient_cells	skipped_insufficient_cells	inferCNVpy: candidate/reference below method threshold; Copykat_python: candidate/reference below method threshold
GSE288479|GSM8768563_SMC26_S_scRNA	GSE288479_GSM8768563_SMC26_S_scRNA_7a677d5073df	GSE288479	Part-solid LUAD	epithelial_solid_default	802	76	549	success	skipped_insufficient_cells	Copykat_python: candidate/reference below method threshold
GSE288479|GSM8768564_SMC27_DN_scRNA	GSE288479_GSM8768564_SMC27_DN_scRNA_92b6435658e1	GSE288479	Part-solid LUAD	epithelial_solid_default	2746	9	2071	skipped_insufficient_cells	skipped_insufficient_cells	inferCNVpy: candidate/reference below method threshold; Copykat_python: candidate/reference below method threshold
GSE288479|GSM8768565_SMC27_AN_scRNA	GSE288479_GSM8768565_SMC27_AN_scRNA_fc1d0596b442	GSE288479	Part-solid LUAD	epithelial_solid_default	2825	38	2197	success	skipped_insufficient_cells	Copykat_python: candidate/reference below method threshold
GSE288479|GSM8768567_SMC27_S_scRNA	GSE288479_GSM8768567_SMC27_S_scRNA_b1e5f39efead	GSE288479	Part-solid LUAD	epithelial_solid_default	1505	166	997	success	skipped_insufficient_cells	Copykat_python: candidate/reference below method threshold
GSE288479|GSM8768568_SMC29_DN_scRNA	GSE288479_GSM8768568_SMC29_DN_scRNA_97ae8d21682a	GSE288479	Part-solid LUAD	epithelial_solid_default	2523	108	1612	success	skipped_insufficient_cells	Copykat_python: candidate/reference below method threshold
GSE288479|GSM8768569_SMC29_AN_scRNA	GSE288479_GSM8768569_SMC29_AN_scRNA_0ee31e33ef73	GSE288479	Part-solid LUAD	epithelial_solid_default	1968	158	953	success	skipped_insufficient_cells	Copykat_python: candidate/reference below method threshold
GSE288479|GSM8768572_SMC30_DN_scRNA	GSE288479_GSM8768572_SMC30_DN_scRNA_155700c1776b	GSE288479	Part-solid LUAD	epithelial_solid_default	3767	109	2543	success	skipped_insufficient_cells	Copykat_python: candidate/reference below method threshold
GSE176031|HNW_PR5251_T_org_pool1_pool2_S40_L003	GSE176031_HNW_PR5251_T_org_pool1_pool2_S40_L003_fe2b8ce827d2	GSE176031	Prostate cancer	epithelial_solid_default	985	979	2	skipped_insufficient_cells	success	inferCNVpy: candidate/reference below method threshold
GSE176031|HNW_PR5254_T_org_S38_L003	GSE176031_HNW_PR5254_T_org_S38_L003_244e6b4a3cfc	GSE176031	Prostate cancer	epithelial_solid_default	592	531	18	skipped_insufficient_cells	success	inferCNVpy: candidate/reference below method threshold
GSE176031|PA_AUG_PB_1A_S1	GSE176031_PA_AUG_PB_1A_S1_837efa0a0e44	GSE176031	Prostate cancer	epithelial_solid_default	362	104	96	success	skipped_insufficient_cells	Copykat_python: candidate/reference below method threshold
GSE176031|PA_AUG_PB_1B_S2	GSE176031_PA_AUG_PB_1B_S2_13bfbc23a378	GSE176031	Prostate cancer	epithelial_solid_default	527	164	182	success	skipped_insufficient_cells	Copykat_python: candidate/reference below method threshold
GSE176031|PA_PB1A_Pool_1_3_S50_L002	GSE176031_PA_PB1A_Pool_1_3_S50_L002_8d076501d82f	GSE176031	Prostate cancer	epithelial_solid_default	751	158	260	success	skipped_insufficient_cells	Copykat_python: candidate/reference below method threshold
GSE176031|PA_PB1A_Pool_2_S107_L004	GSE176031_PA_PB1A_Pool_2_S107_L004_1b2c956f8184	GSE176031	Prostate cancer	epithelial_solid_default	552	82	235	success	skipped_insufficient_cells	Copykat_python: candidate/reference below method threshold
GSE176031|PA_PB2B_Pool_2_S26_L001	GSE176031_PA_PB2B_Pool_2_S26_L001_8f5daf1d51c6	GSE176031	Prostate cancer	epithelial_solid_default	462	130	173	success	skipped_insufficient_cells	Copykat_python: candidate/reference below method threshold
GSE176031|PA_PR5199-640K_Pool_1_3_S108_L004	GSE176031_PA_PR5199-640K_Pool_1_3_S108_L004_baa2c2a482f8	GSE176031	Prostate cancer	epithelial_solid_default	175	47	58	success	skipped_insufficient_cells	Copykat_python: candidate/reference below method threshold
GSE176031|PA_PR5199-640K_Pool_2_S56_L002	GSE176031_PA_PR5199-640K_Pool_2_S56_L002_4428bb0a8341	GSE176031	Prostate cancer	epithelial_solid_default	67	24	26	skipped_insufficient_cells	skipped_insufficient_cells	inferCNVpy: candidate/reference below method threshold; Copykat_python: candidate/reference below method threshold
GSE176031|PA_PR5249_T1_S3_L001	GSE176031_PA_PR5249_T1_S3_L001_61e56ce19ef9	GSE176031	Prostate cancer	epithelial_solid_default	341	236	43	skipped_insufficient_cells	success	inferCNVpy: candidate/reference below method threshold
GSE176031|PA_PR5269_1_S25_L002	GSE176031_PA_PR5269_1_S25_L002_ddb4b8fb7c01	GSE176031	Prostate cancer	epithelial_solid_default	103	56	10	skipped_insufficient_cells	skipped_insufficient_cells	inferCNVpy: candidate/reference below method threshold; Copykat_python: candidate/reference below method threshold
GSE176031|PR5251_T_org_pool3_S62_L004	GSE176031_PR5251_T_org_pool3_S62_L004_d8b4efb35888	GSE176031	Prostate cancer	epithelial_solid_default	921	901	7	skipped_insufficient_cells	success	inferCNVpy: candidate/reference below method threshold
GSE176031|PR5261_T_V1_org_S55_L004	GSE176031_PR5261_T_V1_org_S55_L004_3ee7dccba010	GSE176031	Prostate cancer	epithelial_solid_default	26	16	3	skipped_insufficient_cells	skipped_insufficient_cells	inferCNVpy: candidate/reference below method threshold; Copykat_python: candidate/reference below method threshold
GSE176031|PR5261_T_V2_org_S58_L004	GSE176031_PR5261_T_V2_org_S58_L004_6b8785c5beec	GSE176031	Prostate cancer	epithelial_solid_default	1106	895	29	skipped_insufficient_cells	success	inferCNVpy: candidate/reference below method threshold
GSE176031|PR5269_T_org_S60_L004	GSE176031_PR5269_T_org_S60_L004_c478c9b317d2	GSE176031	Prostate cancer	epithelial_solid_default	113	93	7	skipped_insufficient_cells	skipped_insufficient_cells	inferCNVpy: candidate/reference below method threshold; Copykat_python: candidate/reference below method threshold
GSE176031|PR5274_T_V1_org_S63_L004	GSE176031_PR5274_T_V1_org_S63_L004_708736e38564	GSE176031	Prostate cancer	epithelial_solid_default	1185	1165	4	skipped_insufficient_cells	success	inferCNVpy: candidate/reference below method threshold
GSE176031|PR5274_T_V2_org_S66_L004	GSE176031_PR5274_T_V2_org_S66_L004_9c7e32ef89b6	GSE176031	Prostate cancer	epithelial_solid_default	993	841	23	skipped_insufficient_cells	success	inferCNVpy: candidate/reference below method threshold
GSE176031|PR5316_T_base_org_S36_L003	GSE176031_PR5316_T_base_org_S36_L003_4517f770dd67	GSE176031	Prostate cancer	epithelial_solid_default	534	434	25	skipped_insufficient_cells	success	inferCNVpy: candidate/reference below method threshold
GSE274229|GSM8445680_S1_03_GEX	GSE274229_GSM8445680_S1_03_GEX_bacc9c679d22	GSE274229	Prostate cancer	epithelial_solid_default	1483	28	969	skipped_insufficient_cells	skipped_insufficient_cells	inferCNVpy: candidate/reference below method threshold; Copykat_python: candidate/reference below method threshold
GSE274229|GSM8445682_S3_10_GEX	GSE274229_GSM8445682_S3_10_GEX_d6f7e82b8bfa	GSE274229	Prostate cancer	epithelial_solid_default	564	11	396	skipped_insufficient_cells	skipped_insufficient_cells	inferCNVpy: candidate/reference below method threshold; Copykat_python: candidate/reference below method threshold
GSE274229|GSM8445683_S4_15_GEX	GSE274229_GSM8445683_S4_15_GEX_8b81727fea20	GSE274229	Prostate cancer	epithelial_solid_default	294	233	27	skipped_insufficient_cells	success	inferCNVpy: candidate/reference below method threshold
GSE274229|GSM8445686_S7_02_GEX	GSE274229_GSM8445686_S7_02_GEX_f120e3f5d4ff	GSE274229	Prostate cancer	epithelial_solid_default	199	131	57	success	skipped_insufficient_cells	Copykat_python: candidate/reference below method threshold
GSE274229|GSM8445687_S8_02_GEX	GSE274229_GSM8445687_S8_02_GEX_6fd605432436	GSE274229	Prostate cancer	epithelial_solid_default	288	122	90	success	skipped_insufficient_cells	Copykat_python: candidate/reference below method threshold
GSE274229|GSM8445688_S9_04_GEX	GSE274229_GSM8445688_S9_04_GEX_65ebffdb9ab8	GSE274229	Prostate cancer	epithelial_solid_default	60	22	27	skipped_insufficient_cells	skipped_insufficient_cells	inferCNVpy: candidate/reference below method threshold; Copykat_python: candidate/reference below method threshold
GSE274229|GSM8445690_S11_05_GEX	GSE274229_GSM8445690_S11_05_GEX_1744c696cc27	GSE274229	Prostate cancer	epithelial_solid_default	1582	135	1163	success	skipped_insufficient_cells	Copykat_python: candidate/reference below method threshold
GSE274229|GSM8445691_S12_06_GEX	GSE274229_GSM8445691_S12_06_GEX_349cf0f1599a	GSE274229	Prostate cancer	epithelial_solid_default	278	96	98	success	skipped_insufficient_cells	Copykat_python: candidate/reference below method threshold
GSE274229|GSM8445692_S13_06_GEX	GSE274229_GSM8445692_S13_06_GEX_1b3d1d18db32	GSE274229	Prostate cancer	epithelial_solid_default	213	29	100	skipped_insufficient_cells	skipped_insufficient_cells	inferCNVpy: candidate/reference below method threshold; Copykat_python: candidate/reference below method threshold
GSE274229|GSM8445698_S19_12_GEX	GSE274229_GSM8445698_S19_12_GEX_34366f43fa8c	GSE274229	Prostate cancer	epithelial_solid_default	136	82	12	skipped_insufficient_cells	skipped_insufficient_cells	inferCNVpy: candidate/reference below method threshold; Copykat_python: candidate/reference below method threshold
GSE274229|GSM8445713_S34_31_GEX	GSE274229_GSM8445713_S34_31_GEX_dd7acc52c039	GSE274229	Prostate cancer	epithelial_solid_default	6537	136	4192	success	skipped_insufficient_cells	Copykat_python: candidate/reference below method threshold
GSE159115|GSE159115__SI_18854	GSE159115_GSE159115__SI_18854_246861e77cb9	GSE159115	Renal cell carcinoma	epithelial_solid_default	1407	164	403	success	skipped_insufficient_cells	Copykat_python: candidate/reference below method threshold
GSE159115|GSE159115__SI_18855	GSE159115_GSE159115__SI_18855_8ffdf4f1d9a8	GSE159115	Renal cell carcinoma	epithelial_solid_default	1175	42	638	success	skipped_insufficient_cells	Copykat_python: candidate/reference below method threshold
GSE159115|GSE159115__SI_18856	GSE159115_GSE159115__SI_18856_13af9c57e1fa	GSE159115	Renal cell carcinoma	epithelial_solid_default	288	43	169	success	skipped_insufficient_cells	Copykat_python: candidate/reference below method threshold
GSE159115|GSE159115__SI_19704	GSE159115_GSE159115__SI_19704_98225201a267	GSE159115	Renal cell carcinoma	epithelial_solid_default	280	166	101	success	skipped_insufficient_cells	Copykat_python: candidate/reference below method threshold
GSE159115|GSE159115__SI_21256	GSE159115_GSE159115__SI_21256_59ce0542f1ee	GSE159115	Renal cell carcinoma	epithelial_solid_default	398	146	55	success	skipped_insufficient_cells	Copykat_python: candidate/reference below method threshold
GSE159115|GSE159115__SI_22369	GSE159115_GSE159115__SI_22369_bd3980569b58	GSE159115	Renal cell carcinoma	epithelial_solid_default	831	164	299	success	skipped_insufficient_cells	Copykat_python: candidate/reference below method threshold
GSE159115|GSE159115__SI_23843	GSE159115_GSE159115__SI_23843_29b14b36438c	GSE159115	Renal cell carcinoma	epithelial_solid_default	3067	62	456	success	skipped_insufficient_cells	Copykat_python: candidate/reference below method threshold
GSE228501|nested_001_GSM7122854_19355X1_tar_gz__19355X1	GSE228501_nested_001_GSM7122854_19355X1_tar_gz__19355X1_a4914e4d50a6	GSE228501	Seminoma	germ_cell_malignancy	890	34	692	success	skipped_insufficient_cells	Copykat_python: candidate/reference below method threshold
GSE228501|nested_002_GSM7122855_19355X2_tar_gz__19355X2	GSE228501_nested_002_GSM7122855_19355X2_tar_gz__19355X2_580f4f76d2c5	GSE228501	Seminoma	germ_cell_malignancy	4353	59	3530	success	skipped_insufficient_cells	Copykat_python: candidate/reference below method threshold
GSE228501|nested_003_GSM7122856_19355X3_tar_gz__19355X3	GSE228501_nested_003_GSM7122856_19355X3_tar_gz__19355X3_5587c4e08fcc	GSE228501	Seminoma	germ_cell_malignancy	4704	3	3952	skipped_insufficient_cells	skipped_insufficient_cells	inferCNVpy: candidate/reference below method threshold; Copykat_python: candidate/reference below method threshold
GSE228501|nested_004_GSM7122857_19355X4_tar_gz__19355X4	GSE228501_nested_004_GSM7122857_19355X4_tar_gz__19355X4_6f1f3ef92ce6	GSE228501	Seminoma	germ_cell_malignancy	2604	5	2160	skipped_insufficient_cells	skipped_insufficient_cells	inferCNVpy: candidate/reference below method threshold; Copykat_python: candidate/reference below method threshold
GSE189889|GSE189889__1	GSE189889_GSE189889__1_3e3cf3b29c53	GSE189889	Acral melanoma	melanocytic_malignancy	771	0	623	skipped_insufficient_cells	skipped_insufficient_cells	inferCNVpy: candidate/reference below method threshold; Copykat_python: candidate/reference below method threshold
GSE189889|GSE189889__2	GSE189889_GSE189889__2_275c0ed6120a	GSE189889	Acral melanoma	melanocytic_malignancy	1343	0	842	skipped_insufficient_cells	skipped_insufficient_cells	inferCNVpy: candidate/reference below method threshold; Copykat_python: candidate/reference below method threshold
GSE189889|GSE189889__3	GSE189889_GSE189889__3_feb9e35eee69	GSE189889	Acral melanoma	melanocytic_malignancy	1377	58	928	success	skipped_insufficient_cells	Copykat_python: candidate/reference below method threshold
GSE189889|GSE189889__4	GSE189889_GSE189889__4_1c7b86d20983	GSE189889	Acral melanoma	melanocytic_malignancy	2353	2	1523	skipped_insufficient_cells	skipped_insufficient_cells	inferCNVpy: candidate/reference below method threshold; Copykat_python: candidate/reference below method threshold
GSE189889|GSE189889__5	GSE189889_GSE189889__5_c0bde90492f9	GSE189889	Acral melanoma	melanocytic_malignancy	923	0	184	skipped_insufficient_cells	skipped_insufficient_cells	inferCNVpy: candidate/reference below method threshold; Copykat_python: candidate/reference below method threshold
GSE189889|GSE189889__7	GSE189889_GSE189889__7_f1d35a9add5a	GSE189889	Acral melanoma	melanocytic_malignancy	5523	24	5394	skipped_insufficient_cells	skipped_insufficient_cells	inferCNVpy: candidate/reference below method threshold; Copykat_python: candidate/reference below method threshold
GSE189889|GSE189889__8	GSE189889_GSE189889__8_98d65bbbdfc4	GSE189889	Acral melanoma	melanocytic_malignancy	2565	0	2431	skipped_insufficient_cells	skipped_insufficient_cells	inferCNVpy: candidate/reference below method threshold; Copykat_python: candidate/reference below method threshold
GSE115978|Mel04.3	GSE115978_Mel04.3_f0a9dd0a09bf	GSE115978	Melanoma	melanocytic_malignancy	78	1	64	skipped_insufficient_cells	skipped_insufficient_cells	inferCNVpy: candidate/reference below method threshold; Copykat_python: candidate/reference below method threshold
GSE115978|Mel102	GSE115978_Mel102_ceabd5d6bb02	GSE115978	Melanoma	melanocytic_malignancy	322	171	120	success	skipped_insufficient_cells	Copykat_python: candidate/reference below method threshold
GSE115978|Mel103	GSE115978_Mel103_750d95b20bac	GSE115978	Melanoma	melanocytic_malignancy	317	2	256	skipped_insufficient_cells	skipped_insufficient_cells	inferCNVpy: candidate/reference below method threshold; Copykat_python: candidate/reference below method threshold
GSE115978|Mel105	GSE115978_Mel105_eb27bb6a01e6	GSE115978	Melanoma	melanocytic_malignancy	234	11	136	skipped_insufficient_cells	skipped_insufficient_cells	inferCNVpy: candidate/reference below method threshold; Copykat_python: candidate/reference below method threshold
GSE115978|Mel106	GSE115978_Mel106_1668cfc566f2	GSE115978	Melanoma	melanocytic_malignancy	190	99	77	success	skipped_insufficient_cells	Copykat_python: candidate/reference below method threshold
GSE115978|Mel110	GSE115978_Mel110_4bae40c28471	GSE115978	Melanoma	melanocytic_malignancy	258	17	125	skipped_insufficient_cells	skipped_insufficient_cells	inferCNVpy: candidate/reference below method threshold; Copykat_python: candidate/reference below method threshold
GSE115978|Mel112	GSE115978_Mel112_2a49365692e2	GSE115978	Melanoma	melanocytic_malignancy	113	14	68	skipped_insufficient_cells	skipped_insufficient_cells	inferCNVpy: candidate/reference below method threshold; Copykat_python: candidate/reference below method threshold
GSE115978|Mel116	GSE115978_Mel116_d75717fea6d2	GSE115978	Melanoma	melanocytic_malignancy	84	0	68	skipped_insufficient_cells	skipped_insufficient_cells	inferCNVpy: candidate/reference below method threshold; Copykat_python: candidate/reference below method threshold
GSE115978|Mel121.1	GSE115978_Mel121.1_fe657158d8b4	GSE115978	Melanoma	melanocytic_malignancy	105	3	87	skipped_insufficient_cells	skipped_insufficient_cells	inferCNVpy: candidate/reference below method threshold; Copykat_python: candidate/reference below method threshold
GSE115978|Mel126	GSE115978_Mel126_afd0838bf741	GSE115978	Melanoma	melanocytic_malignancy	95	0	74	skipped_insufficient_cells	skipped_insufficient_cells	inferCNVpy: candidate/reference below method threshold; Copykat_python: candidate/reference below method threshold
GSE115978|Mel128	GSE115978_Mel128_1b2514b59e6f	GSE115978	Melanoma	melanocytic_malignancy	89	4	78	skipped_insufficient_cells	skipped_insufficient_cells	inferCNVpy: candidate/reference below method threshold; Copykat_python: candidate/reference below method threshold
GSE115978|Mel129pa	GSE115978_Mel129pa_2a2968f3df28	GSE115978	Melanoma	melanocytic_malignancy	179	28	85	skipped_insufficient_cells	skipped_insufficient_cells	inferCNVpy: candidate/reference below method threshold; Copykat_python: candidate/reference below method threshold
GSE115978|Mel129pb	GSE115978_Mel129pb_7618da9ee24a	GSE115978	Melanoma	melanocytic_malignancy	64	0	57	skipped_insufficient_cells	skipped_insufficient_cells	inferCNVpy: candidate/reference below method threshold; Copykat_python: candidate/reference below method threshold
GSE115978|Mel194	GSE115978_Mel194_73d9b4ff0976	GSE115978	Melanoma	melanocytic_malignancy	249	39	128	success	skipped_insufficient_cells	Copykat_python: candidate/reference below method threshold
GSE115978|Mel478	GSE115978_Mel478_f9e4297caa9b	GSE115978	Melanoma	melanocytic_malignancy	154	0	141	skipped_insufficient_cells	skipped_insufficient_cells	inferCNVpy: candidate/reference below method threshold; Copykat_python: candidate/reference below method threshold
GSE115978|Mel53	GSE115978_Mel53_38c6a68917eb	GSE115978	Melanoma	melanocytic_malignancy	143	14	85	skipped_insufficient_cells	skipped_insufficient_cells	inferCNVpy: candidate/reference below method threshold; Copykat_python: candidate/reference below method threshold
GSE115978|Mel58	GSE115978_Mel58_22b52186591f	GSE115978	Melanoma	melanocytic_malignancy	142	0	118	skipped_insufficient_cells	skipped_insufficient_cells	inferCNVpy: candidate/reference below method threshold; Copykat_python: candidate/reference below method threshold
GSE115978|Mel60	GSE115978_Mel60_b6033c106761	GSE115978	Melanoma	melanocytic_malignancy	226	3	174	skipped_insufficient_cells	skipped_insufficient_cells	inferCNVpy: candidate/reference below method threshold; Copykat_python: candidate/reference below method threshold
GSE115978|Mel71	GSE115978_Mel71_ff83b61f7f4b	GSE115978	Melanoma	melanocytic_malignancy	89	56	26	skipped_insufficient_cells	skipped_insufficient_cells	inferCNVpy: candidate/reference below method threshold; Copykat_python: candidate/reference below method threshold
GSE115978|Mel72	GSE115978_Mel72_2315587774aa	GSE115978	Melanoma	melanocytic_malignancy	181	0	157	skipped_insufficient_cells	skipped_insufficient_cells	inferCNVpy: candidate/reference below method threshold; Copykat_python: candidate/reference below method threshold
GSE115978|Mel74	GSE115978_Mel74_7bb876d1118a	GSE115978	Melanoma	melanocytic_malignancy	147	1	131	skipped_insufficient_cells	skipped_insufficient_cells	inferCNVpy: candidate/reference below method threshold; Copykat_python: candidate/reference below method threshold
GSE115978|Mel75	GSE115978_Mel75_3d9e7848fc70	GSE115978	Melanoma	melanocytic_malignancy	503	0	394	skipped_insufficient_cells	skipped_insufficient_cells	inferCNVpy: candidate/reference below method threshold; Copykat_python: candidate/reference below method threshold
GSE115978|Mel78	GSE115978_Mel78_def8864a63bb	GSE115978	Melanoma	melanocytic_malignancy	124	92	10	skipped_insufficient_cells	skipped_insufficient_cells	inferCNVpy: candidate/reference below method threshold; Copykat_python: candidate/reference below method threshold
GSE115978|Mel79	GSE115978_Mel79_b337777bfbdf	GSE115978	Melanoma	melanocytic_malignancy	892	13	384	skipped_insufficient_cells	skipped_insufficient_cells	inferCNVpy: candidate/reference below method threshold; Copykat_python: candidate/reference below method threshold
GSE115978|Mel80	GSE115978_Mel80_116d160901b0	GSE115978	Melanoma	melanocytic_malignancy	431	90	255	success	skipped_insufficient_cells	Copykat_python: candidate/reference below method threshold
GSE115978|Mel81	GSE115978_Mel81_9c540057be59	GSE115978	Melanoma	melanocytic_malignancy	205	90	91	success	skipped_insufficient_cells	Copykat_python: candidate/reference below method threshold
GSE115978|Mel82	GSE115978_Mel82_571a8e4b4fda	GSE115978	Melanoma	melanocytic_malignancy	84	36	42	skipped_insufficient_cells	skipped_insufficient_cells	inferCNVpy: candidate/reference below method threshold; Copykat_python: candidate/reference below method threshold
GSE115978|Mel84	GSE115978_Mel84_c71f8025dc73	GSE115978	Melanoma	melanocytic_malignancy	159	5	115	skipped_insufficient_cells	skipped_insufficient_cells	inferCNVpy: candidate/reference below method threshold; Copykat_python: candidate/reference below method threshold
GSE115978|Mel88	GSE115978_Mel88_7ab7a42bd6a9	GSE115978	Melanoma	melanocytic_malignancy	352	6	168	skipped_insufficient_cells	skipped_insufficient_cells	inferCNVpy: candidate/reference below method threshold; Copykat_python: candidate/reference below method threshold
GSE115978|Mel89	GSE115978_Mel89_229904b80fc5	GSE115978	Melanoma	melanocytic_malignancy	391	6	235	skipped_insufficient_cells	skipped_insufficient_cells	inferCNVpy: candidate/reference below method threshold; Copykat_python: candidate/reference below method threshold
GSE115978|Mel94	GSE115978_Mel94_05737bfe5b04	GSE115978	Melanoma	melanocytic_malignancy	311	2	216	skipped_insufficient_cells	skipped_insufficient_cells	inferCNVpy: candidate/reference below method threshold; Copykat_python: candidate/reference below method threshold
GSE115978|Mel98	GSE115978_Mel98_682fa508789e	GSE115978	Melanoma	melanocytic_malignancy	270	14	192	skipped_insufficient_cells	skipped_insufficient_cells	inferCNVpy: candidate/reference below method threshold; Copykat_python: candidate/reference below method threshold
GSE139249|GSM4134619_CY158_blood	GSE139249_GSM4134619_CY158_blood_4ea3e8795cb9	GSE139249	Melanoma	melanocytic_malignancy	4802	0	4764	skipped_insufficient_cells	skipped_insufficient_cells	inferCNVpy: candidate/reference below method threshold; Copykat_python: candidate/reference below method threshold
GSE139249|GSM4134622_CY160_tumor	GSE139249_GSM4134622_CY160_tumor_6a45f5b75254	GSE139249	Melanoma	melanocytic_malignancy	4036	3	3090	skipped_insufficient_cells	skipped_insufficient_cells	inferCNVpy: candidate/reference below method threshold; Copykat_python: candidate/reference below method threshold
GSE169609|GSM5210635_UM1	GSE169609_GSM5210635_UM1_bb3b61d6d3f7	GSE169609	Melanoma	melanocytic_malignancy	8739	71	8010	success	skipped_insufficient_cells	Copykat_python: candidate/reference below method threshold
GSE169609|GSM5210636_UM2_3	GSE169609_GSM5210636_UM2_3_d4d3a89d78f2	GSE169609	Melanoma	melanocytic_malignancy	8739	71	8021	success	skipped_insufficient_cells	Copykat_python: candidate/reference below method threshold
GSE139829|UMM067L	GSE139829_UMM067L_6c7014bb6d36	GSE139829	Uveal melanoma	melanocytic_malignancy	3204	71	2469	success	skipped_insufficient_cells	Copykat_python: candidate/reference below method threshold
GSE190597|P10	GSE190597_P10_71bd2ddcfec3	GSE190597	Pleural mesothelioma	mixed_mesenchymal_malignancy	4401	0	3309	skipped_insufficient_cells	skipped_insufficient_cells	inferCNVpy: candidate/reference below method threshold; Copykat_python: candidate/reference below method threshold
GSE190597|P3	GSE190597_P3_5d2ff8f86d77	GSE190597	Pleural mesothelioma	mixed_mesenchymal_malignancy	1385	176	931	success	skipped_insufficient_cells	Copykat_python: candidate/reference below method threshold
GSE190597|P9	GSE190597_P9_952f136abd2c	GSE190597	Pleural mesothelioma	mixed_mesenchymal_malignancy	8296	182	5445	success	skipped_insufficient_cells	Copykat_python: candidate/reference below method threshold
GSE116256|AML1012-D0	GSE116256_AML1012-D0_f65fe75a88e3	GSE116256	Acute myeloid leukemia	myeloid_malignancy	1132	1084	18	skipped_insufficient_cells	success	inferCNVpy: candidate/reference below method threshold
GSE116256|AML314-D0	GSE116256_AML314-D0_16b650692d31	GSE116256	Acute myeloid leukemia	myeloid_malignancy	162	97	31	skipped_insufficient_cells	skipped_insufficient_cells	inferCNVpy: candidate/reference below method threshold; Copykat_python: candidate/reference below method threshold
GSE116256|AML314-D31	GSE116256_AML314-D31_3365fa8df981	GSE116256	Acute myeloid leukemia	myeloid_malignancy	346	319	25	skipped_insufficient_cells	success	inferCNVpy: candidate/reference below method threshold
GSE116256|AML329-D37	GSE116256_AML329-D37_88e991cdc006	GSE116256	Acute myeloid leukemia	myeloid_malignancy	224	180	34	skipped_insufficient_cells	skipped_insufficient_cells	inferCNVpy: candidate/reference below method threshold; Copykat_python: candidate/reference below method threshold
GSE116256|AML371-D0	GSE116256_AML371-D0_f9b16b3f02a6	GSE116256	Acute myeloid leukemia	myeloid_malignancy	755	732	11	skipped_insufficient_cells	success	inferCNVpy: candidate/reference below method threshold
GSE116256|AML371-D34	GSE116256_AML371-D34_a89b6cbda82a	GSE116256	Acute myeloid leukemia	myeloid_malignancy	204	182	14	skipped_insufficient_cells	skipped_insufficient_cells	inferCNVpy: candidate/reference below method threshold; Copykat_python: candidate/reference below method threshold
GSE116256|AML419A-D0	GSE116256_AML419A-D0_e041fc214f41	GSE116256	Acute myeloid leukemia	myeloid_malignancy	1179	1129	30	skipped_insufficient_cells	success	inferCNVpy: candidate/reference below method threshold
GSE116256|AML420B-D14	GSE116256_AML420B-D14_1c353b40e771	GSE116256	Acute myeloid leukemia	myeloid_malignancy	1276	4	1052	skipped_insufficient_cells	skipped_insufficient_cells	inferCNVpy: candidate/reference below method threshold; Copykat_python: candidate/reference below method threshold
GSE116256|AML475-D0	GSE116256_AML475-D0_40576580b27e	GSE116256	Acute myeloid leukemia	myeloid_malignancy	423	362	32	skipped_insufficient_cells	success	inferCNVpy: candidate/reference below method threshold
GSE116256|AML475-D29	GSE116256_AML475-D29_ed6eaef02015	GSE116256	Acute myeloid leukemia	myeloid_malignancy	102	81	14	skipped_insufficient_cells	skipped_insufficient_cells	inferCNVpy: candidate/reference below method threshold; Copykat_python: candidate/reference below method threshold
GSE116256|AML556-D15	GSE116256_AML556-D15_e9dfeaa72f5e	GSE116256	Acute myeloid leukemia	myeloid_malignancy	1201	94	706	success	skipped_insufficient_cells	Copykat_python: candidate/reference below method threshold
GSE116256|AML707B-D0	GSE116256_AML707B-D0_4a472dddc07a	GSE116256	Acute myeloid leukemia	myeloid_malignancy	1578	1435	27	skipped_insufficient_cells	success	inferCNVpy: candidate/reference below method threshold
GSE116256|AML707B-D18	GSE116256_AML707B-D18_787a1deef1d0	GSE116256	Acute myeloid leukemia	myeloid_malignancy	1672	89	1195	success	skipped_insufficient_cells	Copykat_python: candidate/reference below method threshold
GSE116256|AML707B-D97	GSE116256_AML707B-D97_f0143da73907	GSE116256	Acute myeloid leukemia	myeloid_malignancy	84	57	21	skipped_insufficient_cells	skipped_insufficient_cells	inferCNVpy: candidate/reference below method threshold; Copykat_python: candidate/reference below method threshold
GSE116256|AML722B-D0	GSE116256_AML722B-D0_737201098a0b	GSE116256	Acute myeloid leukemia	myeloid_malignancy	79	69	5	skipped_insufficient_cells	skipped_insufficient_cells	inferCNVpy: candidate/reference below method threshold; Copykat_python: candidate/reference below method threshold
GSE116256|AML722B-D49	GSE116256_AML722B-D49_684db5acbe23	GSE116256	Acute myeloid leukemia	myeloid_malignancy	73	37	24	skipped_insufficient_cells	skipped_insufficient_cells	inferCNVpy: candidate/reference below method threshold; Copykat_python: candidate/reference below method threshold
GSE116256|AML870-D0	GSE116256_AML870-D0_f627c6b20e97	GSE116256	Acute myeloid leukemia	myeloid_malignancy	345	326	13	skipped_insufficient_cells	success	inferCNVpy: candidate/reference below method threshold
GSE116256|AML870-D14	GSE116256_AML870-D14_04657c9de032	GSE116256	Acute myeloid leukemia	myeloid_malignancy	96	13	58	skipped_insufficient_cells	skipped_insufficient_cells	inferCNVpy: candidate/reference below method threshold; Copykat_python: candidate/reference below method threshold
GSE116256|AML916-D0	GSE116256_AML916-D0_fb79f0097d45	GSE116256	Acute myeloid leukemia	myeloid_malignancy	925	816	29	skipped_insufficient_cells	success	inferCNVpy: candidate/reference below method threshold
GSE116256|AML997-D0	GSE116256_AML997-D0_9aa0755d138f	GSE116256	Acute myeloid leukemia	myeloid_malignancy	83	80	3	skipped_insufficient_cells	skipped_insufficient_cells	inferCNVpy: candidate/reference below method threshold; Copykat_python: candidate/reference below method threshold
GSE116256|AML997-D35	GSE116256_AML997-D35_f0e9d422a587	GSE116256	Acute myeloid leukemia	myeloid_malignancy	187	177	8	skipped_insufficient_cells	skipped_insufficient_cells	inferCNVpy: candidate/reference below method threshold; Copykat_python: candidate/reference below method threshold
GSE256136|GSM8086251_T12	GSE256136_GSM8086251_T12_9fef55641427	GSE256136	Pancreatic neuroendocrine tumor	neuroendocrine_malignancy	4144	87	708	success	skipped_insufficient_cells	Copykat_python: candidate/reference below method threshold
GSE256136|GSM8086257_T4	GSE256136_GSM8086257_T4_98ac368bce72	GSE256136	Pancreatic neuroendocrine tumor	neuroendocrine_malignancy	3010	0	2275	skipped_insufficient_cells	skipped_insufficient_cells	inferCNVpy: candidate/reference below method threshold; Copykat_python: candidate/reference below method threshold
GSE256136|GSM8086259_T6	GSE256136_GSM8086259_T6_5ba173c13e46	GSE256136	Pancreatic neuroendocrine tumor	neuroendocrine_malignancy	3005	1	1979	skipped_insufficient_cells	skipped_insufficient_cells	inferCNVpy: candidate/reference below method threshold; Copykat_python: candidate/reference below method threshold
GSE244101|GSM7806649_KK21-H-018	GSE244101_GSM7806649_KK21-H-018_0bd98c4fabaa	GSE244101	Pituitary neuroendocrine tumor	neuroendocrine_malignancy	3416	80	2081	success	skipped_insufficient_cells	Copykat_python: candidate/reference below method threshold
GSE244101|GSM7806652_KK21-H-099	GSE244101_GSM7806652_KK21-H-099_804f5ccf33bb	GSE244101	Pituitary neuroendocrine tumor	neuroendocrine_malignancy	797	22	655	skipped_insufficient_cells	skipped_insufficient_cells	inferCNVpy: candidate/reference below method threshold; Copykat_python: candidate/reference below method threshold
GSE244101|GSM7806653_KK21-H-111	GSE244101_GSM7806653_KK21-H-111_075cf7246a56	GSE244101	Pituitary neuroendocrine tumor	neuroendocrine_malignancy	366	55	206	success	skipped_insufficient_cells	Copykat_python: candidate/reference below method threshold
GSE244101|GSM7806655_KK21-H-130	GSE244101_GSM7806655_KK21-H-130_bf25acf30a2b	GSE244101	Pituitary neuroendocrine tumor	neuroendocrine_malignancy	429	313	41	skipped_insufficient_cells	success	inferCNVpy: candidate/reference below method threshold
GSE281740|Ru1181b	GSE281740_Ru1181b_abad51a702bf	GSE281740	SCLC	neuroendocrine_malignancy	2036	1985	26	skipped_insufficient_cells	success	inferCNVpy: candidate/reference below method threshold
GSE281740|Ru1195A	GSE281740_Ru1195A_cab7afef0d56	GSE281740	SCLC	neuroendocrine_malignancy	1286	153	908	success	skipped_insufficient_cells	Copykat_python: candidate/reference below method threshold
